repeat,fold,panel,model,n_test,events_test,harrell_c,uno_c,integrated_brier,brier_t365,auc_t365,calibration_intercept_t365,calibration_slope_t365,brier_t1095,auc_t1095,calibration_intercept_t1095,calibration_slope_t1095,brier_t1825,auc_t1825,calibration_intercept_t1825,calibration_slope_t1825
0,0,clinical,elastic_net_cox,37,15,0.7003257328990228,0.6833088808043983,0.14664551094489633,0.1669449918332325,0.7854111742776974,2.548676121587045,3.3527766259335077,0.13798019758431976,0.8038063752835122,,,0.1436766567777133,0.8038063752835122,,
0,0,clinical,random_survival_forest,37,15,0.6042345276872965,0.5695716554830497,0.18013341478099046,0.18997995006443322,0.6683629696314127,-0.7133197477091072,0.5158509989541277,0.16595032052737108,0.48551206592755203,,,0.19865306800478652,0.48551206592755203,,
0,0,clinical,survivalpfn,37,15,0.6970684039087948,0.6863962152486225,0.1437198678905075,0.1606574003592059,0.7630512818355875,0.9786953360274582,1.8462884107996071,0.13591270014148432,0.9211257777924999,,,0.1423966709198555,0.9211257777924999,,
0,0,clinical,xgb_aft,37,15,0.506514657980456,0.47496417985136385,0.17423257247401744,0.21536097746394722,0.5467390824371661,-1.0285145381862948,0.22994264631853015,0.1493682782198129,0.5986349237198565,,,0.18283275599249676,0.5986349237198565,,
0,0,clinical_plus_pathway,elastic_net_cox,37,15,0.6221498371335505,0.5840444091017065,0.19505866845575426,0.15214859809017559,0.7367021892319945,-0.22639951057426988,0.8070491081868478,0.1941591584557091,0.6018876139135156,,,0.2397677588214234,0.6018876139135156,,
0,0,clinical_plus_pathway,random_survival_forest,37,15,0.6091205211726385,0.5752308892245049,0.1873216815249029,0.17709828540675193,0.6972298471277162,2.1839517487556455,3.1497617057212235,0.17867082468847453,0.1332321372539404,,,0.21484679131591056,0.1332321372539404,,
0,0,clinical_plus_pathway,survivalpfn,37,15,0.6514657980456026,0.6495085363999866,0.14741505677379033,0.17037736013474952,0.7258658216036283,0.5967887495594302,1.7503871252869398,0.1248610323024805,0.8038063752835122,,,0.1695608023554507,0.8038063752835122,,
0,0,clinical_plus_pathway,xgb_aft,37,15,0.50814332247557,0.4774945197400246,0.26254058419678766,0.20048370494073398,0.5781411928658698,-0.8547368492843732,0.2275319316124539,0.2769585947865658,0.23364268413842204,,,0.29576144227328494,0.23364268413842204,,
0,0,clinical_plus_recast,elastic_net_cox,37,15,0.6905537459283387,0.6695282782181166,0.14235522629273786,0.17101495164001046,0.7549887314191324,1.4980323487569092,2.414805455766136,0.1320498923900442,0.9556020482111541,,,0.13430616875085263,0.9556020482111541,,
0,0,clinical_plus_recast,random_survival_forest,37,15,0.4364820846905538,0.48974511143379396,0.17062022224503776,0.19360241666235622,0.41388425237870247,-1.3744404937172825,-0.12137217644799109,0.15741038500639476,0.7559103150387189,,,0.1740577023050053,0.7559103150387189,,
0,0,clinical_plus_recast,survivalpfn,37,15,0.6710097719869706,0.6548230867584139,0.1525176261055614,0.17382954062886952,0.7176358221071759,0.7481414353973074,1.5348193345022372,0.1401874664337764,0.9556020482111541,,,0.15586603092582338,0.9556020482111541,,
0,0,clinical_plus_recast,xgb_aft,37,15,0.4723127035830619,0.5043481498217667,0.16958768892307338,0.2727388013373586,0.457681716054801,-1.5150901105158656,-0.4051026540262686,0.11112954386358231,0.7343739903617376,,,0.18335286662777034,0.7343739903617376,,
0,0,full,elastic_net_cox,37,15,0.6188925081433225,0.5422895728221246,0.17094829966367944,0.1640082572411746,0.7232638348490282,-0.1737541384690432,1.052020490508343,0.15565143861762618,0.7033958283990304,,,0.20848206417829088,0.7033958283990304,,
0,0,full,random_survival_forest,37,15,0.5635179153094463,0.5371830024266425,0.18812802858504596,0.18277530775290787,0.6175386355572919,0.16815004094723202,1.247664577645708,0.17802263235959725,0.04439795178884597,,,0.21369154186808137,0.04439795178884597,,
0,0,full,survivalpfn,37,15,0.6319218241042345,0.6310229743366491,0.1505421727310097,0.17768948971676737,0.6749867110664717,0.2988802131322275,1.5734348435279903,0.1252816277241057,0.8038063752835122,,,0.17391594575906005,0.8038063752835122,,
0,0,full,xgb_aft,37,15,0.4169381107491857,0.44199823467984345,0.25365792550442584,0.2414096591177132,0.44411949509837767,-1.3164187004770416,-0.05175380119251186,0.24326178990607525,0.11637554798596346,,,0.28669846308783975,0.11637554798596346,,
0,1,clinical,elastic_net_cox,37,15,0.5977011494252874,0.6304810966451503,0.2223331083801615,0.15046108777923164,0.5011142994349741,-1.7789273144370654,0.028204554723133702,0.27321811695054193,0.7578092113301859,0.4420874677002288,1.0093590372613965,0.1924351118403304,0.7444144162093429,,
0,1,clinical,random_survival_forest,37,15,0.5459770114942529,0.6003828049183082,0.23519226713062874,0.15368978621814788,0.4357522204140914,-2.576503697702155,-0.5017766480605826,0.2657885884783173,0.5678057825702314,0.37061979480068685,1.0265411005820952,0.2555021053477324,0.46848545580579043,,
0,1,clinical,survivalpfn,37,15,0.5670498084291188,0.5780308327092197,0.2355992165898257,0.15735708439779508,0.5386907111212302,-1.7559573906826553,0.04034180311147032,0.2947155164586084,0.5804779793593376,0.26748772802878995,0.5389083218249303,0.1956087490442909,0.5763191649375283,,
0,1,clinical,xgb_aft,37,15,0.5766283524904214,0.580132281785046,0.2505148763458615,0.157100281483696,0.6044694295780944,-1.5127194943694506,0.2952708106254876,0.3142419597152326,0.44409752855619705,0.46793749818042185,-0.2700343833388725,0.21647530446928462,0.48121755236426056,,
0,1,clinical_plus_pathway,elastic_net_cox,37,15,0.5057471264367817,0.5432757038161231,0.27835379350718137,0.15543742513904682,0.4176918508294565,-2.4839124167307465,-0.41009197105873935,0.38203866807587017,0.566198780931656,0.32897211001880544,-0.23056878326525398,0.19390041273793826,0.778479469451515,,
0,1,clinical_plus_pathway,random_survival_forest,37,15,0.5747126436781609,0.6189949632447562,0.22920632309781822,0.1413568214008573,0.6202533365082493,-0.6999564005953212,1.0191908746159775,0.28955731050447114,0.6274505169952928,0.20428714444939303,0.4034872427388914,0.19635384998147326,0.7884195621560351,,
0,1,clinical_plus_pathway,survivalpfn,37,15,0.4521072796934866,0.4931999029726539,0.2540620133731537,0.155636546711269,0.3951752743755276,-3.049326534668906,-0.9439759943476013,0.32171299358707117,0.39047332292642606,0.4055370625611083,-0.33930371822746086,0.2171855196072034,0.22158548710174047,,
0,1,clinical_plus_pathway,xgb_aft,37,15,0.5862068965517241,0.6608569923039905,0.24114326066731584,0.16573553387313938,0.5779682821123403,-1.5520288910776099,0.135738346750661,0.2725598651969564,0.686925235546899,0.3516962310345535,0.5373614945706598,0.25371777840221127,0.7516070126789858,,
0,1,clinical_plus_recast,elastic_net_cox,37,15,0.5862068965517241,0.6225750173018615,0.22694183103075638,0.14564807849618094,0.49207019023000464,-1.780344502049103,0.025107919154020317,0.27919854538957867,0.7342904311483692,0.5609430659008324,1.002771813781277,0.2037221548476873,0.6788568879754252,,
0,1,clinical_plus_recast,random_survival_forest,37,15,0.4942528735632184,0.5073886387046863,0.25521288654919505,0.14107010071234688,0.5295949710582948,-1.21955709853707,0.48364916550217174,0.3355022432807883,0.36146085370352943,0.47954938621175264,-2.0938994569371365,0.2087769589228566,0.5105998361476727,,
0,1,clinical_plus_recast,survivalpfn,37,15,0.5210727969348659,0.556746255628489,0.2501719043736675,0.1527924384065492,0.4488329575636934,-2.1111002440563675,-0.20081046039851705,0.31012369977514076,0.48098742202507555,0.26592785150830706,0.0882397869195008,0.22764777953783896,0.4201809930331649,,
0,1,clinical_plus_recast,xgb_aft,37,15,0.4789272030651341,0.43441038342443,0.31773994706880243,0.15847967254735917,0.5218524963793164,-1.8118396841738962,0.0024530938986004167,0.4168396773952412,0.23893027178898502,1.028109731278071,-1.3499101449172364,0.2788007609373681,0.20689766838520485,,
0,1,full,elastic_net_cox,37,15,0.4521072796934866,0.49421808947184764,0.3152033444368953,0.17697645962903316,0.3405703987005305,-3.063324744127109,-0.6762712216133882,0.430834400241668,0.4220885090916333,0.34774327145442946,-0.1951115661891008,0.22216811763521196,0.6833778568782473,,
0,1,full,random_survival_forest,37,15,0.6091954022988506,0.6247408405046667,0.2323508686991613,0.13825557201812563,0.6934804934474381,0.2742171115724359,1.9423907225870023,0.2949301901028628,0.6235070530339232,0.24775626081681776,0.18259347876397194,0.20128752257279386,0.7644424041166143,,
0,1,full,survivalpfn,37,15,0.4674329501915709,0.4978544804253705,0.26201836197271594,0.15943666636906578,0.4053757629076404,-2.699715375057823,-0.7777538437021837,0.3270488665185418,0.3867487582170551,0.5326422117868166,-0.4639131812140981,0.23453904848471455,0.14464701718525555,,
0,1,full,xgb_aft,37,15,0.5708812260536399,0.6035668954156003,0.2681032502594412,0.1869172735674176,0.5603511005259056,-1.7487678202911145,0.050405335312398984,0.33944196016893047,0.5969079508060189,0.4969335989598955,-0.346134275671375,0.20661180713248636,0.7286761432909333,,
0,2,clinical,elastic_net_cox,36,16,0.5402298850574713,0.6487879568817626,0.2744920760615511,0.17231632016943055,0.40938490876222655,-2.046299510203421,-0.626609282012787,0.3626737453171638,0.7039173031723147,-1.047899745767162,0.9641724798244248,0.20030449344244627,0.741508454673215,,
0,2,clinical,random_survival_forest,36,16,0.5440613026819924,0.6166892922796292,0.28424343755395337,0.1596799604531084,0.5058740622076813,-1.5230008038067813,-0.12698039955692494,0.36490757887455705,0.7364463636517438,-0.8057518933691582,0.8431585221689648,0.24747863201359094,1.0,,
0,2,clinical,survivalpfn,36,16,0.5363984674329502,0.7559336332346465,0.2579171428394335,0.17806173648620108,0.41611947325521265,-1.8772036721873127,-0.4072336612153655,0.342909662877062,0.7305301814336931,-0.8547280172396365,1.1861470383172221,0.1677875091174088,1.0,,
0,2,clinical,xgb_aft,36,16,0.4616858237547893,0.6108125668103901,0.3391331642977283,0.1836557859512765,0.38430247962742076,-2.279018632413813,-1.1162187180560028,0.5003031344559078,0.5925127053208475,-1.6362872957614658,1.1260400545496618,0.1722706023278212,1.0,,
0,2,clinical_plus_pathway,elastic_net_cox,36,16,0.5747126436781609,0.7026368292942743,0.28786318539153677,0.21523520529742837,0.4556212296181691,-1.5572284124667413,-0.22770958459151297,0.4102819752196496,0.7081731788386985,-0.7163844910297895,0.15556295138828136,0.11565358582941958,1.0,,
0,2,clinical_plus_pathway,random_survival_forest,36,16,0.578544061302682,0.594182334729343,0.3247520061280792,0.1480963409250697,0.5299555244093217,-0.564402219961622,0.745385422282189,0.45714388848514215,0.5271146652296108,-0.4943863676884851,0.07124102876400049,0.2366239066169629,0.9555312478267083,,
0,2,clinical_plus_pathway,survivalpfn,36,16,0.5095785440613027,0.6453847466673176,0.2845138490380739,0.19465628796154505,0.3276954996037472,-2.1513543599237237,-0.6637521318638898,0.36985438593023967,0.706095672554416,-1.2533932099424707,1.4283916849024578,0.20369033633027134,0.9508423556606084,,
0,2,clinical_plus_pathway,xgb_aft,36,16,0.4674329501915709,0.6917527861495613,0.3715007921733355,0.20155583373978533,0.31778814628608243,-2.138486846377056,-0.8759540702861952,0.5552859459855839,0.5323210498569946,-0.6251243323754453,0.14622660244838998,0.17387544298238894,0.9742443591256137,,
0,2,clinical_plus_recast,elastic_net_cox,36,16,0.5478927203065134,0.7555415472492659,0.27649574644198416,0.15869867988427047,0.4086918947105444,-3.022009144278561,-1.5290843810354493,0.37985148332599916,0.7398370792981726,-1.502629908520078,2.1661335311657477,0.18758133923166795,1.0,,
0,2,clinical_plus_recast,random_survival_forest,36,16,0.45977011494252873,0.6040953345366905,0.3063231877618439,0.16174335220737018,0.35567934864280326,-3.47878161606278,-1.7992885696036927,0.4009817944156937,0.6022411768535981,-0.6732607464213722,0.6230503510643922,0.2615858100086181,0.9343085578965061,,
0,2,clinical_plus_recast,survivalpfn,36,16,0.5172413793103449,0.6812330976591654,0.2564046215741767,0.1713305661634223,0.4282765277749936,-1.7489336146856715,-0.2825098948653646,0.3394369870129592,0.6749378645207507,-0.7793395842559454,1.2186726062103186,0.17541394610736602,1.0,,
0,2,clinical_plus_recast,xgb_aft,36,16,0.4904214559386973,0.6071730999075907,0.30019318210382295,0.22516036673089287,0.3775134576612981,-1.9575689179729852,-0.5205088892210673,0.38208567069990246,0.7381763094558623,-1.095890429310355,1.0027098813927382,0.21144102028459397,0.8192664488847455,,
0,2,full,elastic_net_cox,36,16,0.6398467432950191,0.7612890742602391,0.24681553634867648,0.1764909012724375,0.5876055584596611,-1.1869090605243873,0.2149882042399283,0.33170355040726757,0.7619471057662156,-0.562555491106061,0.0795969365635415,0.14736414330773334,1.0,,
0,2,full,random_survival_forest,36,16,0.5555555555555556,0.6624379986499918,0.3166431227475129,0.15686623588385964,0.4403727901238147,-1.4165466558112259,-0.046005746394632174,0.4377517976543761,0.6208524529110058,-0.49744954024210575,0.09331140178710573,0.23420265979743984,0.9555312478267083,,
0,2,full,survivalpfn,36,16,0.48659003831417624,0.7461957394801472,0.29489617629013437,0.18805455922511244,0.3372294279929323,-2.125193054337637,-0.6820049725481452,0.39519435151303206,0.6814622812982427,-1.2802441403898088,1.3526647091147543,0.20114144290936095,0.9264718285940453,,
0,2,full,xgb_aft,36,16,0.45977011494252873,0.5892132018596915,0.36224233455350946,0.21096999074822553,0.3245496929206996,-2.225757788375385,-0.9287257517898516,0.5279668190653241,0.5695663932615719,-0.8530041120035053,0.3660246173148194,0.1820657093351642,0.9742443591256137,,
0,3,clinical,elastic_net_cox,36,16,0.5732484076433121,0.5849377471651996,0.20465741557179207,0.22072052751387916,0.5877045119063595,2.4398670047682987,2.1859296143537303,0.21667124098159424,0.46472130493986435,0.5901770213673242,-0.655937348284058,0.16456665281010044,0.9039102678023241,,
0,3,clinical,random_survival_forest,36,16,0.5318471337579618,0.5386022817771892,0.18158104696124291,0.21984317795194164,0.5462410794186665,1.2582203445343314,1.2109280259576138,0.17809556698302786,0.6818329955609431,-0.12341744234970999,2.9122632934270953,0.1502898759269743,1.0,,
0,3,clinical,survivalpfn,36,16,0.5859872611464968,0.5646720696717642,0.21062612688322438,0.21998535811991698,0.6068224798297736,0.3417727575897267,0.5131765029547928,0.24427168477512382,0.4334843137350929,0.360006247481859,-0.2505572257051673,0.13397577986273287,0.7764283369165842,,
0,3,clinical,xgb_aft,36,16,0.5987261146496815,0.643659922517527,0.1567388366250209,0.2036015935650405,0.7306924757932436,1.1731032649579012,1.1643858182791256,0.15153172030345521,0.8205728117481131,-0.22301216100184754,2.901345310947677,0.1202903123281327,0.9246573090407797,,
0,3,clinical_plus_pathway,elastic_net_cox,36,16,0.5445859872611465,0.5530352637090046,0.20465736765668918,0.22072052644507145,0.5460562100653771,2.4398624691759476,2.185926138542874,0.21667117427114294,0.49957887229217984,0.5901737689540446,-0.6559312334209646,0.1645665956393995,0.9517430189815324,,
0,3,clinical_plus_pathway,random_survival_forest,36,16,0.5222929936305732,0.5146494975933801,0.21075360391778794,0.22890540992411226,0.5468852797992819,-0.19952989504946414,0.20643504784378247,0.21413678747578774,0.5564601292139595,0.25326656970930583,0.04568533239644345,0.18583543079546389,0.8601432888790189,,
0,3,clinical_plus_pathway,survivalpfn,36,16,0.5159235668789809,0.5366582933282884,0.22127394863298205,0.22736153514470658,0.517986830851682,-0.4614259432795521,0.0008088327962451708,0.25026856826820376,0.37594279647427115,0.6353676926136561,-0.5967596941500755,0.15719712285081405,0.8058747020009214,,
0,3,clinical_plus_pathway,xgb_aft,36,16,0.5095541401273885,0.5110050719998465,0.19528359521353497,0.21361947733045195,0.5364833367913848,-0.14267784347593732,0.3097237082635418,0.21458285269507413,0.5574829733823797,0.04367944842654837,0.30560001847688845,0.13834919813353955,0.8601432888790189,,
0,3,clinical_plus_recast,elastic_net_cox,36,16,0.5318471337579618,0.5294888004941377,0.25327555232598503,0.22907900009096474,0.5057589300745456,-0.21669241491243774,0.18519558456662621,0.29884455792300746,0.32523502763518336,0.8606198884311318,-0.3664077368701509,0.18633409336696052,0.6317187892566926,,
0,3,clinical_plus_recast,random_survival_forest,36,16,0.42356687898089174,0.41871101941442196,0.21977462659503416,0.2375024148974856,0.47893214579106025,-0.5358214267217963,-0.04863083450915131,0.23931637009880846,0.24701307080500032,1.197688916120475,-2.3126648977804267,0.16296335128503409,0.5413243180794365,,
0,3,clinical_plus_recast,survivalpfn,36,16,0.5318471337579618,0.5188402928397591,0.23509554153400428,0.2325622943260695,0.5516027011616388,-0.0420276360761171,0.2585090815077508,0.2703558221178157,0.3772900633587626,0.6004933132399676,-0.7281379805072593,0.1671082275743162,0.7278085214543686,,
0,3,clinical_plus_recast,xgb_aft,36,16,0.4426751592356688,0.44604406118453027,0.20349149622832147,0.24259808857559959,0.5073650984364804,-0.2825097507840004,0.10807086115005131,0.2306690246630262,0.474517219428925,0.25444261985054994,0.06061645676157329,0.1100298470116339,0.9541036741251169,,
0,3,full,elastic_net_cox,36,16,0.44904458598726116,0.4542758920344774,0.20094502126258623,0.22786906837088702,0.43096309139216094,0.3140414730959187,0.5781042842028539,0.20179686148561232,0.39511678702410485,-0.06999030588667142,0.975379526491288,0.17231729370823332,0.9517430189815324,,
0,3,full,random_survival_forest,36,16,0.42356687898089174,0.42441883082573917,0.2391544374947869,0.24735961086389852,0.40151706796199194,-1.4676437220311347,-0.7160002877327276,0.25366383134725257,0.32573522963511986,0.9569731794791134,-1.3394796474838888,0.20193047642074405,0.7613765566985484,,
0,3,full,survivalpfn,36,16,0.5063694267515924,0.5215700633213579,0.2234227213259429,0.2296334728590263,0.49507888809381123,-0.7275902716996625,-0.20100843049492798,0.2465243267936604,0.38227565074589326,0.8017242216650793,-0.7921443072518118,0.1710087588574246,0.7572548865387058,,
0,3,full,xgb_aft,36,16,0.445859872611465,0.4004111849348087,0.21698140237564778,0.23602437533491935,0.4489260452622177,-0.7271161346167966,-0.23035934450635737,0.2327338438096272,0.483671415204068,0.42356597328866985,-0.21187067501477352,0.16643354654841744,0.5356688542568228,,
0,4,clinical,elastic_net_cox,36,15,0.6092307692307692,0.5718942236391292,0.17566409862750357,0.19145406953739835,0.6934117181682304,0.9736561330762565,1.8222265600285552,0.2456712760941585,0.4247436980926045,0.8334158239876964,-0.39986728021570117,0.019859772784298978,,,
0,4,clinical,random_survival_forest,36,15,0.5907692307692308,0.5548157775896552,0.17965203964907073,0.20471639299455469,0.6134905312955664,0.5271666296597356,1.3011606612455258,0.2350425901270597,0.37318800941132074,0.8229258237831958,-0.4722823290337057,0.04380658534760885,,,
0,4,clinical,survivalpfn,36,15,0.683076923076923,0.5933231790466121,0.1763229933173715,0.18077085170922277,0.775253374549784,0.6505557342055981,1.5428940422044446,0.24560625619963755,0.487246464967067,0.6690132482236131,-0.2914748361441847,0.033308609160988135,,,
0,4,clinical,xgb_aft,36,15,0.7261538461538461,0.6410288676512226,0.16084708388705368,0.20497922782087064,0.7877409664140202,-0.22538279202928596,1.0584763133405488,0.21223079037416634,0.6281270498052776,-1.3739283820756751,2.0967960560322236,0.013947526979011356,,,
0,4,clinical_plus_pathway,elastic_net_cox,36,15,0.5538461538461539,0.5286110957562383,0.17396851747438843,0.20548639887993272,0.580927879952575,0.4533662489451061,1.236289568831933,0.23160430096729184,0.4340317673590814,0.7898596441513643,-0.5215679831885166,0.027179069083037247,,,
0,4,clinical_plus_pathway,random_survival_forest,36,15,0.556923076923077,0.5752810533995216,0.16067668827449288,0.21065724847492245,0.5318531488867526,-0.6892074431754811,0.31328120744339644,0.19776341279469262,0.6783880449860256,-0.03948619583920651,1.6035898360965908,0.036522679033663845,,,
0,4,clinical_plus_pathway,survivalpfn,36,15,0.5907692307692308,0.576559134993109,0.15923204912544103,0.20563485932935094,0.6248110854290704,-0.3397412794001796,0.6525019235637061,0.2035094878511139,0.6165022825607491,0.021500136947743276,1.1337282247709584,0.024274361470185437,,,
0,4,clinical_plus_pathway,xgb_aft,36,15,0.6307692307692307,0.5864032964414195,0.16261123403854827,0.2106804405636206,0.6621208237730601,-0.6414312719914869,0.2698720983230904,0.19219288500058018,0.6998111958072536,0.6560358060343878,0.6546966848126728,0.05537872558941212,,,
0,4,clinical_plus_recast,elastic_net_cox,36,15,0.5169230769230769,0.498196009739661,0.19347076388684806,0.21023874851672586,0.5410416841703712,-0.7078594547414698,0.29505769625545236,0.2650017956513327,0.4051215155269655,0.7329459005410597,-0.30884448929590236,0.033640715728001015,,,
0,4,clinical_plus_recast,random_survival_forest,36,15,0.5292307692307693,0.49795921156104367,0.17456016145137132,0.22109973348075979,0.4788818569535862,-1.6714554611501413,-0.45348424895408584,0.21046261359505777,0.48243400260692293,0.12307667977213255,1.1925561113669099,0.05621568513461005,,,
0,4,clinical_plus_recast,survivalpfn,36,15,0.6369230769230769,0.5682563979397385,0.18463844441203425,0.19479073725056673,0.6603844418432465,0.49409138116007817,1.2687416201680355,0.2532994743034748,0.45402073351941546,0.8574489726387838,-0.8530421839391957,0.03716409179062067,,,
0,4,clinical_plus_recast,xgb_aft,36,15,0.49538461538461537,0.4374760781223269,0.23804249859993726,0.2346643926835725,0.5086486358431105,-0.9864273469284721,0.059915503665071354,0.31298107209915466,0.3308946264785396,0.7249310488735492,-0.78436687376901,0.09154345751786716,,,
0,4,full,elastic_net_cox,36,15,0.556923076923077,0.530697132306451,0.17334645197673346,0.20496441455149403,0.5855676122103819,0.5237824055419228,1.2938439938653328,0.2306778584783246,0.4340317673590814,0.7468233513767133,-0.44002541412398816,0.027065676398790584,,,
0,4,full,random_survival_forest,36,15,0.6,0.5791266814995355,0.1609676253127027,0.21066141462672835,0.5780449633331515,-0.4232799741078167,0.5534428388775158,0.19521209805750786,0.6129558354014699,-0.1435392023612245,1.7844294483013552,0.042784890509066704,,,
0,4,full,survivalpfn,36,15,0.5846153846153846,0.5862459997230127,0.1558029688691215,0.20977257144071101,0.6094345031275443,-0.47938871336843997,0.5660517600349411,0.19666441281905306,0.6165022825607491,-0.43761042368987874,1.9175171022144328,0.020110478397668906,,,
0,4,full,xgb_aft,36,15,0.52,0.5237830229224102,0.16525520859470721,0.22773510661968852,0.5185578875042502,-1.1181386075892483,-0.03802222436577378,0.20882922212127614,0.6476943554585474,-0.31220299991222783,1.0349720625005105,0.0156272835165881,,,
1,0,clinical,elastic_net_cox,37,15,0.5290519877675841,0.5907913620950284,0.1708681739493779,0.20834343285311394,0.43158310218802415,-2.661516594599061,-1.2281878642189872,0.1532650691406689,0.5188949735351482,,,0.16859912466305976,0.5188949735351482,,
1,0,clinical,random_survival_forest,37,15,0.4434250764525994,0.4923842554470084,0.18147592414578698,0.22491785984447585,0.3433920178603195,-1.4266995427627236,-0.278250961863419,0.14722369492129958,0.4171301414297984,,,0.20653844689607295,0.4171301414297984,,
1,0,clinical,survivalpfn,37,15,0.5168195718654435,0.5852670048346327,0.177036219278609,0.22717780047674138,0.4238790965401684,-1.2840612302968422,-0.18059840662437696,0.16803723784057398,0.8469188696459873,,,0.1448926009565466,0.8469188696459873,,
1,0,clinical,xgb_aft,37,15,0.5795107033639144,0.6046277590197022,0.17903465342799768,0.2076480873780328,0.5254654301144795,-0.8058405014806148,0.1214634829744668,0.163199249619468,0.45337160534884297,,,0.18209202709502187,0.45337160534884297,,
1,0,clinical_plus_pathway,elastic_net_cox,37,15,0.4831804281345566,0.5411824145789821,0.1798638613765723,0.2194971975749877,0.40096099382996464,-1.295688578993297,-0.16762472096933184,0.17922911524868151,0.7999834804882335,,,0.14150001743393845,0.7999834804882335,,
1,0,clinical_plus_pathway,random_survival_forest,37,15,0.72782874617737,0.7053387247992318,0.15187715977152672,0.18158260266965956,0.7480600823602479,2.7735455430662364,3.1921020397475237,0.12757589690741353,0.7598496533829757,,,0.17077424260162025,0.7598496533829757,,
1,0,clinical_plus_pathway,survivalpfn,37,15,0.5229357798165137,0.616850010977137,0.1520395478979997,0.20920225277456203,0.39173291961994006,-1.7355717001308326,-0.5411511822992321,0.12661088691317154,0.7999834804882335,,,0.14573416499109362,0.7999834804882335,,
1,0,clinical_plus_pathway,xgb_aft,37,15,0.6207951070336392,0.6151774136890706,0.18379305516895716,0.19370952045533837,0.6463951796244186,0.2394494533570634,0.6016745790275483,0.18401673875650262,0.6933635492863375,,,0.173429222707485,0.6933635492863375,,
1,0,clinical_plus_recast,elastic_net_cox,37,15,0.4740061162079511,0.5280813895119854,0.17130264357694727,0.20833818342554805,0.3668185961780713,-2.650981147550105,-1.2168636805346371,0.15473102882331843,0.5188949735351482,,,0.16741033323560417,0.5188949735351482,,
1,0,clinical_plus_recast,random_survival_forest,37,15,0.42813455657492355,0.47650387282135165,0.1780150653218152,0.20695382429570838,0.31157778905888844,-2.9598472847231245,-1.5315175865893942,0.15704570115400399,0.266101652193746,,,0.1910150346835445,0.266101652193746,,
1,0,clinical_plus_recast,survivalpfn,37,15,0.47706422018348627,0.5464247133127271,0.17825853885512538,0.21887613430535932,0.3903956565992469,-1.6606786072150863,-0.41336832245921873,0.16939759549244257,0.7467777622733139,,,0.15536283013025706,0.7467777622733139,,
1,0,clinical_plus_recast,xgb_aft,37,15,0.5107033639143731,0.523452299842359,0.2075175145853231,0.23051050463237652,0.48409327084779974,-1.0081596860420348,-0.017820298952490928,0.18846596650124506,0.31681698232525535,,,0.2226276207064259,0.31681698232525535,,
1,0,full,elastic_net_cox,37,15,0.5015290519877675,0.5585013312742954,0.17082770318860654,0.21928537019997635,0.4327189685230614,-1.0989495857698668,-0.060821188306194506,0.1736218479424768,0.7999834804882335,,,0.11678174666949621,0.7999834804882335,,
1,0,full,random_survival_forest,37,15,0.6146788990825688,0.5920602263381284,0.15635366376749166,0.19044059587398024,0.5755111289797444,0.512284934975322,1.252334694066713,0.1287610695245083,0.5186792117078526,,,0.17745192014696978,0.5186792117078526,,
1,0,full,survivalpfn,37,15,0.5137614678899083,0.6023398971045699,0.1488981040561186,0.20847001642117613,0.4032232005192539,-1.8717140280945395,-0.7085003639037838,0.11895681368489182,0.8506988106197428,,,0.14920877243351474,0.8506988106197428,,
1,0,full,xgb_aft,37,15,0.5412844036697247,0.52414806414608,0.24388371770593886,0.20844471852350693,0.542581110183445,-0.4912019118383449,0.2303129491182072,0.25044585791763796,0.1740428910800228,,,0.26619843646497254,0.1740428910800228,,
1,1,clinical,elastic_net_cox,37,15,0.5584905660377358,0.6214298257062139,0.21207483517303646,0.16248577914353693,0.5789925213118384,-0.08782228709459666,1.1006866901725683,0.3153574166999963,0.6235139845509087,-0.5441717365824307,0.7857462368064557,0.055098728148616424,,,
1,1,clinical,random_survival_forest,37,15,0.6150943396226415,0.6272900328715368,0.2139478695621595,0.17067024432925507,0.5751907043744512,-1.035291518539642,0.30449459984137905,0.3021413127050268,0.7087762739184693,-0.624483490401457,0.7309104350771387,0.0808386085093293,,,
1,1,clinical,survivalpfn,37,15,0.5584905660377358,0.5903921000064203,0.2203596099158581,0.17849236507473235,0.5225579691001971,-1.0638955520500128,0.3037621351987435,0.33390454183414836,0.6289758113603242,-0.864605936794225,0.8692675263414777,0.03513699092040338,,,
1,1,clinical,xgb_aft,37,15,0.5264150943396226,0.47455604875544444,0.2261820886391993,0.2078623644047449,0.48448966395397486,-1.3880162929840518,-0.05748006226247292,0.3315305248082293,0.7210660348816464,-1.302467459107259,1.161320123561815,0.03380494053559373,,,
1,1,clinical_plus_pathway,elastic_net_cox,37,15,0.5509433962264151,0.5368077416603158,0.27868064341645454,0.20324228444599127,0.581954643548254,-1.2863449017629414,0.06395877060722578,0.4493960446708657,0.5236649218855635,0.17257037913366285,-0.18710568263890154,0.012688199878095633,,,
1,1,clinical_plus_pathway,random_survival_forest,37,15,0.6,0.41401655923976133,0.21865602212979315,0.15787223366698203,0.6810937176846952,0.285098130736433,1.519922799595165,0.30000474189059034,0.7299310564975046,-0.5967851132382848,0.7413284967924795,0.11674237107100979,,,
1,1,clinical_plus_pathway,survivalpfn,37,15,0.4830188679245283,0.5009767174605303,0.20587154170632935,0.19127391398114438,0.44861796120084946,-1.4438847705506108,-0.09124784926585836,0.29640205853316703,0.7622602749613957,-2.015295532528666,2.7036234205149343,0.039408135777839026,,,
1,1,clinical_plus_pathway,xgb_aft,37,15,0.6075471698113207,0.47472298329523555,0.2512378813612012,0.17035260843362499,0.6294117262075513,-0.7057020029034412,0.5319627886495618,0.36988969491069,0.5111771456392633,-0.3329015620807675,0.13786785389182818,0.09481952718979951,,,
1,1,clinical_plus_recast,elastic_net_cox,37,15,0.5245283018867924,0.5789102966106375,0.21287254184024967,0.16478900115698134,0.514060369551193,-0.7539435744379419,0.5766709533400378,0.32481659373270355,0.6272786209086444,-1.764627752246596,2.5084049326699613,0.037067978738610154,,,
1,1,clinical_plus_recast,random_survival_forest,37,15,0.4716981132075472,0.492858922510106,0.21655213940414397,0.16865556715759994,0.4347708360896419,-1.8917990847481885,-0.49335025636911606,0.31692723854564403,0.6302630786255342,-0.8827094364440049,1.217494027008047,0.06369851336768796,,,
1,1,clinical_plus_recast,survivalpfn,37,15,0.5320754716981132,0.526582472200056,0.22817761800195288,0.20422711122235002,0.47630755707572237,-1.5504087279826635,-0.19863639423016918,0.3372653147387636,0.6780208879166243,-0.5796064298663981,0.44266280859680585,0.03395273130793436,,,
1,1,clinical_plus_recast,xgb_aft,37,15,0.5094339622641509,0.4872048425975885,0.26000148114729305,0.19854329112173896,0.494388885488949,-1.3813729285225596,-0.03008024267976194,0.38766157256766764,0.5440553445935394,-0.25601558404163377,0.02601855403950016,0.06613948833209794,,,
1,1,full,elastic_net_cox,37,15,0.5962264150943396,0.5612278289413142,0.26148650615012703,0.20625356853811144,0.6362297143560269,-1.2814600186497396,0.07181384999002285,0.4151196313719031,0.5687845732426652,0.0858970323792097,-0.12903480010163662,0.009453193318590555,,,
1,1,full,random_survival_forest,37,15,0.5622641509433962,0.4335329260901549,0.21801220039484534,0.16535633434795188,0.6394665336850903,-0.6687719186700142,0.6185646110813271,0.2998266415290352,0.6916107112170146,-0.8384914811704516,1.1495899279109387,0.10703918417335911,,,
1,1,full,survivalpfn,37,15,0.5056603773584906,0.49623533356463273,0.20569827992370332,0.18844017087815362,0.4493213605910685,-1.3210015151280745,0.032173963886664006,0.300453550969904,0.7984922221138635,-3.1294534721170413,3.71730771656207,0.03344584687685155,,,
1,1,full,xgb_aft,37,15,0.5547169811320755,0.49408756969814716,0.2313356853220214,0.20414398920576476,0.5614584183958478,-1.0566846514452217,0.1978544707347354,0.28277811694317473,0.669903818261266,-0.44227187486229297,0.46042617888835596,0.15564251819597136,,,
1,2,clinical,elastic_net_cox,36,16,0.6423611111111112,0.7012964661199885,0.2335223147727182,0.17769080767781603,0.6264686556703427,0.07492081036022322,0.9613335648889432,0.3059107103296834,0.6142014489784746,0.006412133869488631,0.32536315780073255,0.14457703075369,0.9668048444907938,,
1,2,clinical,random_survival_forest,36,16,0.5173611111111112,0.6059908212222238,0.23453019428894442,0.1966692884148589,0.4449228626687707,-1.9267514870136595,-0.6077421348081279,0.2780097403376297,0.6401802537093355,-0.18832043698777676,1.2488143997128656,0.18543200806565938,1.0,,
1,2,clinical,survivalpfn,36,16,0.5902777777777778,0.6379786554268558,0.22033969612412618,0.1928320449853696,0.5710827701966035,-0.7089223775204809,0.2664518435429003,0.27916413217790237,0.6669282766604915,0.02270582009153462,0.6478964324444728,0.1301984751553303,1.0,,
1,2,clinical,xgb_aft,36,16,0.4652777777777778,0.5485050563377635,0.23681775732333823,0.2040169583890402,0.4676679277297388,-1.6603279555391657,-0.5904349089728708,0.28513438023566207,0.6535458387083865,-1.3192363917737835,1.9769969953427433,0.1729853104329885,1.0,,
1,2,clinical_plus_pathway,elastic_net_cox,36,16,0.5798611111111112,0.5469255222698176,0.2768033888569455,0.21955726244503462,0.5492513922042601,-0.9636245012665868,0.08892829147078639,0.29820051820931603,0.6271785154803303,-0.14215463880571177,0.2816674304321657,0.2912552565641154,0.4579105579605326,,
1,2,clinical_plus_pathway,random_survival_forest,36,16,0.5243055555555556,0.5245793086061067,0.26392364404967655,0.18604854562801,0.5168279301077376,-0.8121831809060623,0.23603488082560192,0.33028099846609765,0.4372354098388152,0.85294693184191,-1.1857342418436383,0.209084033638501,0.7515412871802396,,
1,2,clinical_plus_pathway,survivalpfn,36,16,0.5868055555555556,0.6457556619677334,0.2255736636598715,0.19012291855043514,0.5794134205155774,-0.6144822683653189,0.4422400320828458,0.26770281624102804,0.598235155218948,-0.5375466047791433,1.3265578272611653,0.17676610360699482,0.878108814656201,,
1,2,clinical_plus_pathway,xgb_aft,36,16,0.5868055555555556,0.6112435946503644,0.2426472164849463,0.20866828570677953,0.578080539844652,-0.8761243352647881,0.19286666767106977,0.2822739915980028,0.6702124902253573,-0.05910876881137606,0.5791021832070037,0.19737259703700005,0.7405539004648749,,
1,2,clinical_plus_recast,elastic_net_cox,36,16,0.6076388888888888,0.6536095266251188,0.23473216822076887,0.18345973294586138,0.5694198682219911,0.612086490281577,1.4256749348802658,0.2930420838552133,0.5848773018590446,0.16637274137059643,0.12532120569879587,0.16938477222678747,1.0,,
1,2,clinical_plus_recast,random_survival_forest,36,16,0.4548611111111111,0.5658625576087837,0.2152126012443334,0.22202773888334723,0.39746330593278706,-2.1491389530614486,-0.8656148538697896,0.22402974113783458,0.8314030676998178,0.1593908655844178,2.616691002232872,0.19076318381831703,0.9095931841781575,,
1,2,clinical_plus_recast,survivalpfn,36,16,0.6006944444444444,0.6953383935442276,0.2103107639599954,0.1848465945475576,0.589978009686194,-0.1164589204070688,0.7154316785867644,0.2634846969629982,0.6430518532831957,-0.1386361607563659,1.2446287484356098,0.12942706736642762,1.0,,
1,2,clinical_plus_recast,xgb_aft,36,16,0.3888888888888889,0.4565197890199143,0.2661300684591689,0.2321771986692519,0.38983658439822705,-1.6233483119949415,-0.4988971370926768,0.3042872218477139,0.5349414457434144,-0.06060258708500487,0.39296935918539844,0.22376863147199608,0.4189258853382322,,
1,2,full,elastic_net_cox,36,16,0.5069444444444444,0.5425956909271753,0.29388851237752867,0.27221193734939253,0.42808251241543877,-1.4209720293819956,-0.235550740936355,0.27528327101038197,0.7468356513315801,-0.2127896364500016,0.39318500841681714,0.3527755701399582,0.47972979762741574,,
1,2,full,random_survival_forest,36,16,0.4583333333333333,0.5346648954662392,0.2526704938850548,0.20464429533828907,0.4049078514615896,-1.606316510412282,-0.48133357947440636,0.2975835297616982,0.5866030947717364,0.1053322020075201,0.23527726366484947,0.21087062067853382,0.8070421615056262,,
1,2,full,survivalpfn,36,16,0.5694444444444444,0.6510803354721255,0.22861025475836022,0.18855184501032432,0.5705796059855305,-0.6605594680416139,0.41798245223045233,0.2755141314614979,0.649171764260529,-0.6291437087637517,1.4004323890880248,0.1748609111001206,0.9668048444907938,,
1,2,full,xgb_aft,36,16,0.4791666666666667,0.597066499215892,0.21154274717959592,0.2682683559813146,0.4117657120884384,-1.1223085448325132,-0.030706087182492965,0.24362047760906355,0.7527036547126147,-0.2768649301285487,0.761115615883253,0.09066167751894183,1.0,,
1,3,clinical,elastic_net_cox,36,16,0.5,0.5061966180802117,0.1983706780340789,0.21186680861145024,0.5819812366807465,-6.764223488202203,-4.503693728366188,0.2762033794168671,0.28670599297943955,2.7553632815204407,-5.193646530002068,0.029209144691131055,,,
1,3,clinical,random_survival_forest,36,16,0.5833333333333334,0.5681979029133805,0.19582303987370173,0.2000214214435466,0.683086404871825,-0.25763665280798675,0.6498573653699675,0.25231878940750463,0.30273534181952605,1.537903968977547,-0.9845496459228174,0.078633159236251,,,
1,3,clinical,survivalpfn,36,16,0.6759259259259259,0.6444617948760313,0.19801210184106055,0.1886253265458092,0.7704071827122685,0.5392109934418483,1.05190246628703,0.27590694165620755,0.3769646083096928,1.333961205417844,-0.6783365090846053,0.05160919750601791,,,
1,3,clinical,xgb_aft,36,16,0.5817901234567902,0.5584935821141019,0.16825470988487734,0.19173891229053408,0.6763971543841727,-0.12638338852329034,0.9959951600369504,0.226251541234859,0.34615705112242146,2.0552642151253444,-0.9640417402202829,0.028776844779257245,,,
1,3,clinical_plus_pathway,elastic_net_cox,36,16,0.5246913580246914,0.5507539340242918,0.23102261737636876,0.24710279155433965,0.5375867299205853,-1.077669228846939,-0.01796008400737093,0.3194335176772383,0.4156594638534473,1.6738261137327666,-0.3140918681303215,0.03812064259665876,,,
1,3,clinical_plus_pathway,random_survival_forest,36,16,0.4506172839506173,0.5020666613758025,0.17061126421719064,0.2166004861141314,0.4387914661107588,-1.9765270541830526,-0.7458984366205205,0.2124468556214564,0.3710522075271756,0.9947889064717349,0.33440448015267926,0.04095085951171844,,,
1,3,clinical_plus_pathway,survivalpfn,36,16,0.4722222222222222,0.5172243566585282,0.19251434919783908,0.22353680215441385,0.4933718894287393,-1.1215458814894586,-0.04877904866224377,0.2534274843601632,0.45723088809569234,1.2320414350400646,-0.33407725552791206,0.03966562591661623,,,
1,3,clinical_plus_pathway,xgb_aft,36,16,0.49382716049382713,0.5665821260372617,0.16842217589539699,0.21731633926344257,0.4935131642671894,-1.04825717338224,-0.000514128293597057,0.21431282276950975,0.4207116205545013,1.6543393854891737,-0.6295868384796283,0.027746718779125736,,,
1,3,clinical_plus_recast,elastic_net_cox,36,16,0.5277777777777778,0.5385387072808406,0.21028257082207233,0.2174189044347237,0.583129810229874,-1.1569593711072776,-0.08248886106914806,0.29744925270364037,0.34208279476186837,1.8763738414386844,-1.14967149064263,0.028812873446284994,,,
1,3,clinical_plus_recast,random_survival_forest,36,16,0.48148148148148145,0.44802393545585417,0.19696377738117007,0.2109747952007939,0.557924151344043,-1.0701126340653984,-0.016608190177850063,0.2558038798258328,0.26854479078933774,1.3962695213926157,-1.8031590653021126,0.06527255467222076,,,
1,3,clinical_plus_recast,survivalpfn,36,16,0.5370370370370371,0.5493212800429651,0.2241681062025868,0.2119862623431923,0.5788103337484987,-0.3827643166270212,0.38663483880344857,0.3103209056910581,0.36179828102191913,1.3051583039578638,-0.8523018039949948,0.06404435108503859,,,
1,3,clinical_plus_recast,xgb_aft,36,16,0.46296296296296297,0.4824834339948969,0.19797076416089363,0.22468756796625527,0.5161652338547058,-0.9123077423117242,0.09788097503562139,0.2590493103884581,0.468029891431086,1.7064358146802094,-0.7360124713508641,0.04909686790040304,,,
1,3,full,elastic_net_cox,36,16,0.5154320987654321,0.5485879981878511,0.21594324748390514,0.23815714111472408,0.5060123940628711,-1.016344965534455,0.019684875372759956,0.2920128499613788,0.4791219623583066,1.679820883104273,-0.22224537288239807,0.04159014889813899,,,
1,3,full,random_survival_forest,36,16,0.42901234567901236,0.4660744896126799,0.18557963410108422,0.2167176979826534,0.4220790496676645,-2.130579648483889,-0.8203542544597311,0.24150515234905,0.29051889497499617,1.6368291634848673,-1.6510304226521926,0.042590533723583485,,,
1,3,full,survivalpfn,36,16,0.45987654320987653,0.5196125101681252,0.1851096974045141,0.2245087994259251,0.45249948751623004,-1.4693535753212108,-0.3025280832330373,0.24039308038617938,0.435523772440327,1.2881007112629284,-0.4140379662675644,0.03514382941977254,,,
1,3,full,xgb_aft,36,16,0.404320987654321,0.4719140696137798,0.16450241877812394,0.21647210815312304,0.39286951365521233,-1.7203932846419103,-0.637989635714778,0.21011495330840316,0.33412993834904564,2.772080651425397,-1.761166511616068,0.02130766034256643,,,
1,4,clinical,elastic_net_cox,36,15,0.779467680608365,0.3674925001791067,0.27741854194975263,0.1358455397514865,0.8266312973416257,2.4310151316005384,3.5172285623074973,0.2360857345956415,0.8412202084915499,-1.4041349108735386,5.614245354603712,0.5016571588562408,0.3317783469707293,-0.5122321330449037,0.764327494662114
1,4,clinical,random_survival_forest,36,15,0.7300380228136882,0.7724497408397756,0.3042452288540062,0.14840895667701234,0.8129274789447392,1.4113501562265376,2.5381081822963525,0.275243493046278,0.6748191083108146,-2.336830494933151,5.135865378560296,0.5180849726464565,0.7802425927882733,0.12203656901182205,0.14561141139618053
1,4,clinical,survivalpfn,36,15,0.7186311787072244,0.3254862269299259,0.29903319320411087,0.13354915439576936,0.7910443621647012,0.8758041683998826,1.8748902847374722,0.2574862426651658,0.715611269628044,-0.6469493867627965,1.842614629617117,0.5476111330903426,0.3317783469707293,0.4263703178679691,-0.11886319157563809
1,4,clinical,xgb_aft,36,15,0.6064638783269962,0.49461450930610257,0.41582028232032403,0.16259933183913133,0.6530211956724431,-0.8832719804576599,0.527638311122283,0.3921716266539892,0.49133905953104096,-0.36497703839936624,0.08384022744954994,0.7163385441341865,0.35655517102663076,1.5208120117362163,-0.6195002029067014
1,4,clinical_plus_pathway,elastic_net_cox,36,15,0.7186311787072244,0.5548249708225864,0.3300034005057655,0.1532811325974329,0.8041714137174832,41.764314633486855,39.08500845242189,0.31292212310019274,0.6738909929292833,-16.419982263335005,38.0726126759175,0.5408882232252435,0.6256518869370146,-84.44990641390092,64.80556226355645
1,4,clinical_plus_pathway,random_survival_forest,36,15,0.4372623574144487,0.6936256859140152,0.3115801057547336,0.1697531867769223,0.4431528179833418,-1.8091811402180826,-0.306886740001383,0.33315960608085077,0.45748705480203294,-0.15198923628316263,-0.32531790140977007,0.4102480240803107,0.9156042882309111,-3.534009308430965,4.899653468110765
1,4,clinical_plus_pathway,survivalpfn,36,15,0.5817490494296578,0.5155944573495677,0.33056100196208454,0.15197170737991617,0.5739833555508035,-0.6794862192227181,0.6739987091802526,0.3107716025959715,0.5879863900092491,-0.771877295186302,0.9998800260847651,0.5487290952764791,0.6122224662355138,-5.402956251448755,3.60318018466014
1,4,clinical_plus_pathway,xgb_aft,36,15,0.44866920152091255,0.681347703940139,0.3707558741133332,0.2443396151426147,0.47149985176180204,-1.7194043584188845,-0.15337968161396456,0.43637239539243056,0.38082092827858893,-0.15887417148987937,-0.25720052354682466,0.36593909052585694,0.8408906806995113,-0.8186914705649375,1.2496720301802051
1,4,clinical_plus_recast,elastic_net_cox,36,15,0.6806083650190115,0.3166290320766507,0.3011958407664771,0.13583766716366732,0.771900841739777,2.1206316982436806,3.0317125155026936,0.2569046894914344,0.6957294397216988,-0.8677076200528131,2.4247265032843823,0.5551363169193722,0.26806493331521974,0.7702953845666339,-0.46088762079894724
1,4,clinical_plus_recast,random_survival_forest,36,15,0.5627376425855514,0.5299022040083866,0.33307187326836163,0.16316525314216035,0.5680778921613393,-2.175677815134488,-0.5948624863478689,0.31976043109213204,0.6548886745650686,-0.430917044927213,0.3179620035297848,0.529601377747022,0.5637134136555096,2.503125630588615,-2.4004097890625666
1,4,clinical_plus_recast,survivalpfn,36,15,0.6577946768060836,0.29825198499417643,0.3190681247421942,0.14248474899116476,0.7145267795979275,0.39563576471705436,1.4277377526337158,0.2739808079818581,0.6371485423797885,-0.876991698086464,1.9537612422207358,0.5858261340138958,0.25371559916726294,2.6397570296484907,-1.6852747678702693
1,4,clinical_plus_recast,xgb_aft,36,15,0.6653992395437263,0.5301460418452024,0.3419668860169392,0.16813595269065548,0.6515740558098412,-1.1223457020234353,0.27487663160533404,0.31704477246604623,0.6204063448360726,-0.32616348271632445,0.05095669971464494,0.5656420464450089,0.45927537286318826,0.4506229333629247,-0.1619652995557641
1,4,full,elastic_net_cox,36,15,0.7110266159695817,0.5542450825258023,0.33000340491456065,0.15328113283337214,0.7905147224624768,41.764247242211496,39.084947393621555,0.31292212601462027,0.6738909929292833,-16.420077827280878,38.07284062962462,0.5408882347956299,0.6256518869370146,-84.44938943973901,64.8051688492027
1,4,full,random_survival_forest,36,15,0.5247148288973384,0.7029178897675368,0.30695982331974164,0.16767145356484703,0.5340241231208834,-1.813748275862203,-0.3106650967529192,0.3163238667831998,0.5512513438463682,-0.42144972404032577,0.3107444665787274,0.4275201061477202,0.8253045291427334,-4.893346526820957,6.364818645471884
1,4,full,survivalpfn,36,15,0.5893536121673004,0.5317416695595981,0.3503662619276305,0.15732330445899162,0.558170613891228,-0.9385182760539715,0.48471408923281345,0.3248574446865141,0.5825910727264006,-0.9616696614131632,1.0970858142820754,0.594426853878502,0.5584685524139176,-1.2241714976656817,0.8590158518613044
1,4,full,xgb_aft,36,15,0.39923954372623577,0.6651488744668923,0.3538388202905268,0.2513134461457241,0.4193065226572354,-1.7670233702943094,-0.17506047927790355,0.4203161477707311,0.39104645668324756,-0.2038826789886697,-0.24950473021390585,0.32340953947492124,0.8517868809917686,-0.6609899821762093,1.6522274210250127
2,0,clinical,elastic_net_cox,37,15,0.6068965517241379,0.6626538884932781,0.5304152706418096,0.18564731464286546,0.6108108037118609,-4.521372046192872,-2.8628208232755346,0.3004440122015418,0.5490730877098473,-1.0340791659652264,1.821454735031051,1.3351257435212889,0.6984081078168285,-58.83342940251363,43.188806466410156
2,0,clinical,random_survival_forest,37,15,0.603448275862069,0.9179240023077831,0.5007191517877163,0.17959347107154172,0.5779099394081932,0.5609838404000643,1.4740914746059035,0.30677653927951415,0.4778927817700158,-0.6300078587377261,0.6800469521760341,1.2097300575202952,0.8520928519046296,-7.516910271293731,5.873457249355844
2,0,clinical,survivalpfn,37,15,0.6724137931034483,0.4242436848031702,0.5754809650536383,0.17083289704749774,0.6808206292215488,0.4526752149765742,1.4234617120889834,0.29811405284694426,0.6352557286751018,-0.9164870303518209,1.2128682277526206,1.534862857473167,0.5460513426022955,-5.126731376661961,2.4760908498776635
2,0,clinical,xgb_aft,37,15,0.5258620689655172,0.6372843601821183,0.6182700571513686,0.19725559135352536,0.5105835005958586,-0.8038422811827227,0.3565755452198095,0.38218832541320624,0.43009893721723563,-0.08550537947222685,-0.27895610587420266,1.5114479864255363,0.5853529682886282,0.5147462038336579,-0.5426088833309824
2,0,clinical_plus_pathway,elastic_net_cox,37,15,0.4793103448275862,0.3925079645614579,0.5230450403434386,0.18513904272093,0.430400601574942,-3.087133876550256,-1.6431986334067676,0.2940660052661392,0.580842844085794,-1.3461599375816462,2.8508210170668127,1.318909108120546,0.519594459524873,-7.26475470115044,5.074877076754513
2,0,clinical_plus_pathway,random_survival_forest,37,15,0.5137931034482759,0.6417869400758522,0.46288049172202883,0.18719999057719677,0.512052552095455,-1.452183583423683,-0.2814720422305707,0.30347140708194964,0.5061935228902146,-0.5431993211920367,0.5606493301694476,1.0573791621470192,0.6416923211916153,-3.0262371842355003,2.8204061269743868
2,0,clinical_plus_pathway,survivalpfn,37,15,0.5724137931034483,0.9256967627079441,0.583638955999791,0.19169637916707802,0.5561140738519593,-0.8942445569055238,0.20358345517719642,0.2875838978762069,0.6760024022320659,-1.533128738702153,2.491949524451908,1.5676916490796722,0.9003521273476293,-12.84727232373433,6.13163789266132
2,0,clinical_plus_pathway,xgb_aft,37,15,0.7103448275862069,0.6606485401827334,0.5431641301309542,0.1679673710562038,0.7658128699201084,-0.29998839861845256,0.796926902081869,0.3558730283754656,0.5483498967704337,-0.3750849504704051,0.07537473137052224,1.2929430927166816,0.6411846223102046,-1.326429319157153,0.5122977666413697
2,0,clinical_plus_recast,elastic_net_cox,37,15,0.46206896551724136,0.13557447431181086,0.539730994974618,0.19166033815528705,0.42392799488370175,-2.879371852907304,-1.4523769668117743,0.30464271608518895,0.4339036109504589,-0.47884502114511324,0.40533331365985176,1.3579782095728066,0.2720922018583164,-2.5877705992853643,1.5011252031182454
2,0,clinical_plus_recast,random_survival_forest,37,15,0.38620689655172413,0.11247999699787219,0.533846783843441,0.20943617163790682,0.33185908386737495,-3.1479292064416033,-1.5892760635795211,0.3371031975979044,0.3789558047689414,0.029347952501427802,-0.7692214748872728,1.2517445685400481,0.19220176064495528,-0.038648304507831716,-0.3668419721878319
2,0,clinical_plus_recast,survivalpfn,37,15,0.5724137931034483,0.1507774583299942,0.6164079300717981,0.1896907121640263,0.5400248344884504,-0.9613658776612655,0.1323525877570109,0.33236659947443226,0.4456594561890819,-0.22889128906678433,-0.17796811595816164,1.6112078091743014,0.2939669091716504,0.3602197258120578,-0.40532798780192714
2,0,clinical_plus_recast,xgb_aft,37,15,0.44482758620689655,0.3780304353582262,0.5477235273513933,0.2696825507695701,0.37496456744383194,-1.6240342813227582,-0.36352234295438,0.35879124711018745,0.48618192259144505,-0.29885461119256396,-0.06987727365085383,1.203629064415628,0.4520541304867489,-0.42325615991779114,-0.02432461987986335
2,0,full,elastic_net_cox,37,15,0.4586206896551724,0.38559834735397347,0.5261403405315791,0.19366406233912667,0.43189655311105946,-1.8040772075049867,-0.540184162161798,0.2907857059712702,0.4837434838587305,-0.47579461545432744,0.615989482452877,1.3293258878446492,0.4755634719491593,-0.08421863262824343,-0.2906030892790057
2,0,full,random_survival_forest,37,15,0.42758620689655175,0.3819539373031509,0.510659530281558,0.19901956067561924,0.41047086117396936,-2.7087521759027817,-1.3057982932136332,0.3174076841711812,0.46278157219102223,-0.4219008546047816,0.22064872186004517,1.20880319210825,0.4139512811981117,-1.3596007028166404,0.8197873688371329
2,0,full,survivalpfn,37,15,0.503448275862069,0.3841924514569543,0.625430096369348,0.1993806716021994,0.47897447630130524,-1.380414937164783,-0.22869655654993387,0.31750142927903263,0.5262521714439734,-0.9925322413826989,1.0889722625684832,1.6673368553171273,0.44462024407682577,-1.257032029223012,0.36429481256075447
2,0,full,xgb_aft,37,15,0.503448275862069,0.1035594028677176,0.6734356623262302,0.19580337287471528,0.5531878612332168,-0.8714641400174802,0.22495515554306392,0.3963523481289239,0.46553856951141503,0.12192977089186081,-0.6910601039327863,1.7052345801723576,0.1077464504093893,9.654697233767717,-5.80602952559787
2,1,clinical,elastic_net_cox,37,15,0.6179775280898876,0.5301543988144284,0.24008162006364428,0.16783613345819154,0.7101707550600695,-0.6389274538156712,0.5834792939941734,0.3889170582437321,0.30359975176727383,1.0267358831506184,-0.9367469299388113,0.014656230308921443,,,
2,1,clinical,random_survival_forest,37,15,0.6217228464419475,0.6056664366615045,0.1893554767144831,0.15656340602920596,0.7002725637410352,1.4756458653934397,2.248055053986859,0.2809383581891332,0.45163478630905574,0.10715898058913648,0.04518873986580117,0.038981784450460084,,,
2,1,clinical,survivalpfn,37,15,0.6142322097378277,0.4916637492423589,0.2243653959180973,0.1505117077702564,0.7019931890840944,-0.19776839956138678,0.9301173183890699,0.3503599209279362,0.349116080417328,0.5149176699598447,-0.7792282797727853,0.04623003404626043,,,
2,1,clinical,xgb_aft,37,15,0.5805243445692884,0.4754141690564871,0.21645715567101534,0.15915745380027357,0.6675094584990117,-0.4086546119904745,0.7528118763226833,0.33101199646030105,0.3661062146348147,0.5216644737141459,-0.6138373906383607,0.044647175963185626,,,
2,1,clinical_plus_pathway,elastic_net_cox,37,15,0.5692883895131086,0.5163232705152151,0.21877139986715444,0.16745033448275745,0.666749387842123,-0.8476521478932891,0.4072299673499685,0.3384489608840122,0.3751189389766296,1.87383805474156,-3.6996557882954075,0.03073734321783586,,,
2,1,clinical_plus_pathway,random_survival_forest,37,15,0.5205992509363296,0.44853436356147086,0.21362351714700037,0.16649840006018898,0.5508897627272361,-0.7332635978435452,0.5206222068372608,0.30549720562242283,0.3439473224981288,0.6138574027643018,-0.9619430957805752,0.0770012572829668,,,
2,1,clinical_plus_pathway,survivalpfn,37,15,0.6142322097378277,0.5308345019187966,0.19704513815175553,0.1528860155708606,0.6804699239604491,0.09052387924368129,1.21801740751266,0.29874998216938603,0.43507746113852047,0.40046763273374875,-0.5195850086664584,0.037794572697389416,,,
2,1,clinical_plus_pathway,xgb_aft,37,15,0.3970037453183521,0.366266856646945,0.30356970235099257,0.21420030904704007,0.36702145592029684,-2.0655154307966233,-0.3502397821528973,0.42647152187877946,0.25,0.3975746902108055,-0.4742414903641618,0.14713545659937133,,,
2,1,clinical_plus_recast,elastic_net_cox,37,15,0.48314606741573035,0.46788249865058235,0.23666683795010235,0.17040199812373294,0.5228960470034603,-0.9374254522016336,0.3286156582611415,0.3749293980929921,0.23622466588881041,1.413702469247203,-2.0492063125819415,0.026406557490692394,,,
2,1,clinical_plus_recast,random_survival_forest,37,15,0.4606741573033708,0.4065649458100957,0.21486082601049727,0.18144423690383682,0.4783334737607021,-3.267636152560819,-1.660468230813993,0.3025566935002733,0.3206188904498959,0.5502448071024749,-0.978412689467052,0.07288568013760556,,,
2,1,clinical_plus_recast,survivalpfn,37,15,0.5355805243445693,0.42555570955458555,0.2239333039036149,0.16428578905485344,0.6413621219521826,-0.5433585204899289,0.6157835097796927,0.34472649552706025,0.2563579104365894,0.8451270244944554,-1.5942774441588359,0.04199443550548566,,,
2,1,clinical_plus_recast,xgb_aft,37,15,0.5355805243445693,0.5535143320180114,0.2252100836563351,0.18724540268411377,0.5014959449391478,-1.4640398508834442,-0.14094944375911525,0.34366793687534536,0.448945984384109,0.7817002451749124,-0.6205051759908968,0.02625905819053581,,,
2,1,full,elastic_net_cox,37,15,0.5580524344569289,0.5013621804869375,0.21877142154263235,0.16745034725104668,0.6543604864423426,-0.8476603708277388,0.40722304282950195,0.3384489972121033,0.3154825685823466,1.8738425212981369,-3.6996663600264124,0.030737344495276087,,,
2,1,full,random_survival_forest,37,15,0.5093632958801498,0.4579330583671535,0.21805518659286913,0.16884707717733663,0.5077466442556452,-0.8720703332894573,0.39961471321498027,0.30963479438741437,0.3248730819255447,0.8238302181443805,-1.3668578165785041,0.08410408041931122,,,
2,1,full,survivalpfn,37,15,0.6179775280898876,0.5609425474150614,0.1916750161914929,0.1590011247151531,0.6637948327685201,-0.06439735043145538,1.2527140934380903,0.2890272572555174,0.51778587657925,0.25475964899533426,-0.1965943278524371,0.029644425539783692,,,
2,1,full,xgb_aft,37,15,0.36329588014981273,0.40661069240534997,0.33714568187997623,0.2272423599095686,0.336695195902883,-2.4090133957525244,-0.44617301707193885,0.4753433951516198,0.2888548823593718,0.4183477110602135,-0.5346515839642885,0.17065357730709688,,,
2,2,clinical,elastic_net_cox,36,16,0.5035211267605634,0.6080554459214944,0.15407662777347125,0.17586812329712326,0.30302728510466,-3.7815163690055145,-1.5505359101714244,0.2062845960269219,0.5483450705141826,0.9548230269455938,0.6620109125173329,0.027869195742917987,,,
2,2,clinical,random_survival_forest,36,16,0.5422535211267606,0.640819536236069,0.15201972563085556,0.1565932012454986,0.3496794789655132,-2.941567421860362,-1.000843518270788,0.19364175270905473,0.84468396729796,48.16449991164578,342.5132744439028,0.06420219585981417,,,
2,2,clinical,survivalpfn,36,16,0.5246478873239436,0.5865442912695892,0.1644869035358818,0.17208354739844417,0.36983139137406074,-2.4842838260811693,-0.5122959416579267,0.21976189277854624,0.5782024250369822,1.006483609788165,0.6232941856519213,0.04634028118799051,,,
2,2,clinical,xgb_aft,36,16,0.5035211267605634,0.5888413319047773,0.1437017557742584,0.20513225506419694,0.407702909448513,-2.34521532531205,-0.5566338546365406,0.16837909468477813,0.7109964364650656,-0.018878024184343638,1.8232361886937372,0.03291657866328034,,,
2,2,clinical_plus_pathway,elastic_net_cox,36,16,0.43661971830985913,0.5157356306697324,0.22555273973866624,0.21710424314721813,0.25197591090936805,-2.836594317550711,-0.6889052091410975,0.3119607848267567,0.37568121772448665,1.7506406576620472,-0.26083894981561156,0.06118514615393338,,,
2,2,clinical_plus_pathway,random_survival_forest,36,16,0.5915492957746479,0.5726642379032831,0.1935636045532044,0.14903019558871655,0.6924235146059053,-0.8443091952501233,0.8583700025957941,0.26504858046273,0.5,1.4576185462394016,-0.5886477065996417,0.09512706169864099,,,
2,2,clinical_plus_pathway,survivalpfn,36,16,0.4823943661971831,0.5454549485357343,0.17895127257579616,0.18409433518616627,0.320130764752073,-2.9216549459785974,-0.9264921972760021,0.24660357066381294,0.30197401799823365,2.0664908464093963,-1.092348912880534,0.03850361378939241,,,
2,2,clinical_plus_pathway,xgb_aft,36,16,0.5105633802816901,0.5033241518958009,0.2561842752970898,0.22481243396806988,0.5558079328958861,-1.520152395742461,0.19925032394555736,0.3381810318678349,0.32929788565194734,1.6444980845285946,-0.3345433744692167,0.12356260348461971,,,
2,2,clinical_plus_recast,elastic_net_cox,36,16,0.5035211267605634,0.6192373728804086,0.15701545870262368,0.1586733342847116,0.26905194510342983,-8.62708555347211,-5.937482110338239,0.21364771894032547,0.7887221980232448,0.5942818567668947,2.9040297754439766,0.04209306264513218,,,
2,2,clinical_plus_recast,random_survival_forest,36,16,0.40492957746478875,0.4282002398869661,0.17197422074792473,0.15860597582877772,0.3972609111055135,-2.8239476806222896,-1.013347383398348,0.2243859229442674,0.615677641890506,0.9451066086328185,1.2664631446880767,0.08051906127438642,,,
2,2,clinical_plus_recast,survivalpfn,36,16,0.5985915492957746,0.6570521497446536,0.15222062182402088,0.16045763357591367,0.4883744172268889,-1.9352847701411247,-0.15010477828204777,0.20373129606593973,0.762911409777357,0.7541196470382479,1.4301756673577013,0.040962261588290395,,,
2,2,clinical_plus_recast,xgb_aft,36,16,0.4119718309859155,0.5002862912295323,0.20727282094631885,0.20198066939927023,0.2669701208972315,-2.730911195475484,-0.528184289604157,0.2478124306761259,0.5,1.1671739492801112,0.1617081412962739,0.1314857530337535,,,
2,2,full,elastic_net_cox,36,16,0.4014084507042254,0.4843398241454939,0.22250811901099765,0.2277180326548378,0.21381647159588726,-3.3694670910451983,-0.9642835520282813,0.3021086094792277,0.4493884174507395,1.1398060414240732,0.045502218308838424,0.05809722443069746,,,
2,2,full,random_survival_forest,36,16,0.5669014084507042,0.5495374927462434,0.18450121978131903,0.1495728250595575,0.6854469019439177,-0.6368553240914727,1.1111088940675515,0.25091796816739115,0.5,1.432041621136764,-0.527087955009908,0.08659611773093638,,,
2,2,full,survivalpfn,36,16,0.5316901408450704,0.5901942186136042,0.1624450694747434,0.17498864481969367,0.40360196462781117,-2.630274419611211,-0.8166620078649756,0.2203792917336826,0.3699778991364762,1.9842894719505566,-1.0638995774377946,0.03403304961191471,,,
2,2,full,xgb_aft,36,16,0.528169014084507,0.5041600885894607,0.17108099009758873,0.19915253987476855,0.6324395705462009,-1.4751605790506492,0.5393731795310517,0.22145229228042818,0.5,1.8314681389300966,-0.4478618560334954,0.042266835954730075,,,
2,3,clinical,elastic_net_cox,36,16,0.56875,0.5197694227259416,0.1997713806205182,0.19238243433422783,0.6017293430926541,-0.3062469121663941,0.5022526975616669,0.25520670941644247,0.6101663220606391,-0.06674288677037034,0.4157393283949262,0.09628966931496002,,,
2,3,clinical,random_survival_forest,36,16,0.5703125,0.578305010862581,0.18205589116779983,0.18866222835291724,0.6078995930660077,0.8978377423442168,1.5269022315052798,0.23035489531931155,0.7374590994568373,-1.1426494122520425,5.065011442996178,0.07885154567965895,,,
2,3,clinical,survivalpfn,36,16,0.553125,0.4912000517593642,0.1959466417728276,0.19211953397067083,0.5939769811934836,-0.3552722476548772,0.3926356299976125,0.24397025936906103,0.6092370402161085,0.1499844844081223,0.6339369142762352,0.10372651438251754,,,
2,3,clinical,xgb_aft,36,16,0.621875,0.5529826599287166,0.16898102967438636,0.16280357659772407,0.7073693395881487,0.2868775940206615,1.0319513298077287,0.2168331670161139,0.7517823440045831,-0.13996495824381733,1.269047149402489,0.07945420806759351,,,
2,3,clinical_plus_pathway,elastic_net_cox,36,16,0.5625,0.5313018470404527,0.1986406261193516,0.19191111053244747,0.6001842758132213,-0.15530950606813454,0.659048274500384,0.27417304402949877,0.6019175650165975,0.00603232555816984,0.10784096566045971,0.05430530588596142,,,
2,3,clinical_plus_pathway,random_survival_forest,36,16,0.578125,0.5105975137105926,0.18464082234191817,0.194098143987802,0.5955113839502231,-0.6403599389707221,0.2836883617380527,0.24208781431154952,0.5934351243030868,-0.5573948141584666,1.923901642008866,0.06028951675677162,,,
2,3,clinical_plus_pathway,survivalpfn,36,16,0.55,0.5506397111462473,0.1850796409996741,0.19390307524050832,0.5666477930954055,-0.9288801639822762,0.030714635874260824,0.24671857459763158,0.6894195448831296,-0.04203877430489005,0.7572900946398833,0.052978339562925,,,
2,3,clinical_plus_pathway,xgb_aft,36,16,0.540625,0.567449076600529,0.18010623531639014,0.19832568551503732,0.5129973179795883,-0.6361708811295876,0.18040044798008018,0.22203170893728713,0.6565815200516655,0.3201195064710345,0.9565707630108781,0.07803583787594902,,,
2,3,clinical_plus_recast,elastic_net_cox,36,16,0.515625,0.5151191524969968,0.1932106251783525,0.1956245047911905,0.5390713975177811,-0.3108199845327035,0.517216862066372,0.2617039621614993,0.6325602391145301,-0.12200712666261322,0.4739813609050631,0.05381007159922085,,,
2,3,clinical_plus_recast,random_survival_forest,36,16,0.640625,0.6471677406360863,0.17084007873061097,0.18588228536102658,0.6679539776387132,1.4125481793704244,1.958624314918684,0.21355012418461347,0.8468719438483315,-0.588006066943905,5.7344262716852965,0.07037778119219026,,,
2,3,clinical_plus_recast,survivalpfn,36,16,0.50625,0.5236343746439556,0.1995026392586969,0.20990039012051398,0.5156111207347843,-0.8594753698177607,0.06803009288403318,0.2515711543639005,0.627107200387268,0.08381565333393715,0.5631406108349406,0.08496785818647266,,,
2,3,clinical_plus_recast,xgb_aft,36,16,0.61875,0.586830851921954,0.1898856228873763,0.17129681121117304,0.6716207396304372,0.0035450297870997845,0.6374623377452939,0.20825042334052013,0.706743528598921,0.8430712112703072,1.7496884969498747,0.1717448336572919,,,
2,3,full,elastic_net_cox,36,16,0.559375,0.5380727872814532,0.19927599272536967,0.1924000517769905,0.5891013341270488,-0.1970419322775653,0.6134092722310102,0.2746985119236951,0.5876873578170507,0.01630892090584402,0.0863894044013706,0.055306895277097916,,,
2,3,full,random_survival_forest,36,16,0.596875,0.5517894380287208,0.18609471798718122,0.20120515469427877,0.5713170128749178,-1.086356988192239,-0.09790464825986954,0.23533204662503523,0.6178980095524332,-0.3958825859363617,1.8532019261311985,0.07250962400437572,,,
2,3,full,survivalpfn,36,16,0.553125,0.5114755950581217,0.1881888840221908,0.19858051034771787,0.5657652074447493,-1.2274842672849664,-0.19881006972629717,0.25624853006145454,0.6700283797059767,-0.11726636884666417,0.668739073681129,0.041677965618136296,,,
2,3,full,xgb_aft,36,16,0.559375,0.5988093388392706,0.16091417479568393,0.19753180115337063,0.4909334286578956,-0.6660632087205773,0.18544107909545976,0.18104157077850025,0.794458441880289,0.3920091475758004,1.5857290081148074,0.08404175647236453,,,
2,4,clinical,elastic_net_cox,36,15,0.5981308411214953,0.6472199536413389,0.1891919489675384,0.22476476584801455,0.6067288013108523,-0.08831379606787394,0.44664359510145396,0.21384645217896417,0.4744149690011818,0.9693657389878656,0.04305567721079743,0.10431012566421068,0.9488299380023636,,
2,4,clinical,random_survival_forest,36,15,0.6059190031152648,0.5810557545662982,0.17559220928894848,0.21504465670866493,0.6493450670786279,0.14174779393554446,0.7472627357351269,0.17345185052744325,0.5249486953657675,0.6935220206593982,0.6916662932211453,0.14042047939224245,1.0,,
2,4,clinical,survivalpfn,36,15,0.616822429906542,0.6719863506269619,0.18259169498890598,0.22145708409135798,0.6387905193756243,0.19671257102762005,0.6433841706952003,0.1998756190105098,0.5627559199924845,0.9218361831573556,0.3680233590654595,0.10915845784324624,1.0,,
2,4,clinical,xgb_aft,36,15,0.6433021806853583,0.646886506936557,0.1671398650101836,0.20597160640914436,0.6727157413595762,-0.21378592293872234,0.4255570988795056,0.18994995070413315,0.5357840896155234,0.8615884910876719,0.42305674581550085,0.08268795222332381,0.9488299380023636,,
2,4,clinical_plus_pathway,elastic_net_cox,36,15,0.6230529595015576,0.6574812063719022,0.207035663454832,0.23925083014604928,0.6282699250145749,-0.3501740817302959,0.28056508786821593,0.2478649184913263,0.5,1.4889067235662778,-0.2929366442013184,0.09316198669062606,1.0,,
2,4,clinical_plus_pathway,random_survival_forest,36,15,0.6791277258566978,0.659919107846787,0.18699678656853214,0.20261432808405147,0.7223062910200365,1.95075854808216,2.091243125142166,0.1874776524804517,0.7109836643009744,0.9116967134069087,0.2216013715948486,0.17041751322917378,0.7109836643009744,,
2,4,clinical_plus_pathway,survivalpfn,36,15,0.616822429906542,0.6580924121777315,0.19053137799817746,0.21048060663493376,0.6237064106714297,0.44058045063383994,0.9398425162753089,0.19341713223852133,0.4624221248270309,1.6221298442319871,-1.0282424088904252,0.1648106408807334,0.7961639036732538,,
2,4,clinical_plus_pathway,xgb_aft,36,15,0.5763239875389408,0.5431767961972365,0.17674320351854075,0.20645625440389676,0.6209306098858038,0.035155710213813925,0.8188115742146242,0.16451488359206368,0.5167779476632222,0.19269955156940077,1.0369575813407867,0.1714867924861388,0.5167779476632222,,
2,4,clinical_plus_recast,elastic_net_cox,36,15,0.6292834890965732,0.6237414598256883,0.20585947004492341,0.22078497178377685,0.6806011612509527,0.03199937037208956,0.5383131723866418,0.23812544321110693,0.4004660617490365,1.2452862466282073,-0.38026315266709426,0.12640202197370304,0.800932123498073,,
2,4,clinical_plus_recast,random_survival_forest,36,15,0.6261682242990654,0.579743716502993,0.17113506271330567,0.20488238350206628,0.7192192289304155,1.0407670200952468,1.5576675618247615,0.17107236125870354,0.6384847259752707,0.5800381378808819,1.0270166336409419,0.13751314483374932,0.9488299380023636,,
2,4,clinical_plus_recast,survivalpfn,36,15,0.6137071651090342,0.6456604874801561,0.183980878237647,0.20955515719365703,0.6844894029234965,1.0168804681424417,1.2062798561222048,0.1982785635720857,0.5378072246267172,0.9443740240357366,0.1743192561015377,0.12981122861275954,1.0,,
2,4,clinical_plus_recast,xgb_aft,36,15,0.6355140186915887,0.5563904559986448,0.17344449675036347,0.19592544935909373,0.7183281690071188,0.21808580586957294,0.9956512583844233,0.1696891830533542,0.4980821637750239,0.5347391012441904,0.6720366270349912,0.1584741715356518,0.5656651650102914,,
2,4,full,elastic_net_cox,36,15,0.6635514018691588,0.6588667860672786,0.21116536869724897,0.22242353395205555,0.6735766138100664,-0.2024391887693796,0.4282308071442166,0.23961846082977756,0.4004660617490365,1.585131721481826,-0.4986977220242521,0.14300101917738525,0.800932123498073,,
2,4,full,random_survival_forest,36,15,0.7071651090342679,0.6840242201038772,0.18657860966925136,0.20301958506976842,0.7625345322952192,2.3747607056484603,2.5267111316656305,0.18788871441424937,0.6434006630657068,1.123857223123207,-0.39899011125399836,0.16751742477873835,0.7626106018521611,,
2,4,full,survivalpfn,36,15,0.6137071651090342,0.6478274116010031,0.1834075378538638,0.20520283276935647,0.6237921739204455,0.6294511140934557,1.2051393811859687,0.18224644593337813,0.43086904504921864,1.4322197265838452,-0.6849605113762116,0.1639344267793424,0.8086721933710637,,
2,4,full,xgb_aft,36,15,0.6510903426791277,0.6184276852333197,0.17849505439585475,0.21182300264535645,0.7240265618840704,0.49091966673109283,0.6886959287694662,0.18769265452044945,0.768136344337101,1.3132184474863817,1.1263934129673492,0.12677190589716358,0.8585217035550445,,
3,0,clinical,elastic_net_cox,37,15,0.5520833333333334,0.5663398753684683,0.21725473962947495,0.16987394675438555,0.5329972102609123,-0.09061244267940691,1.1042381672229538,0.2595825668478297,0.6531951410642373,0.4440194107139536,1.1011535311865475,0.17997987806785481,1.0,,
3,0,clinical,random_survival_forest,37,15,0.6006944444444444,0.6131778188441006,0.20466603103684294,0.173526264125037,0.5794430628921484,-1.2051986754510347,0.11565697311543033,0.23951210273252013,0.7184525076245509,0.768529426180744,1.372312723898401,0.16611365455729457,0.8811915569828153,,
3,0,clinical,survivalpfn,37,15,0.6111111111111112,0.626537540581309,0.2122940931552923,0.17099514459129084,0.6180984022535466,-0.6020349550230509,0.5237293387670043,0.2725011494221087,0.5778089559940095,0.642601501925483,0.4451570518490564,0.13317892918566096,1.0,,
3,0,clinical,xgb_aft,37,15,0.5902777777777778,0.6249764691262603,0.18939722443846368,0.17575164988451755,0.5952086447176519,-0.7858969186854446,0.40263177013628465,0.2484438168975856,0.6144330892189356,0.5547117549644229,0.7041612335150772,0.08494961407416582,1.0,,
3,0,clinical_plus_pathway,elastic_net_cox,37,15,0.6284722222222222,0.5452188252682596,0.34965922333477,0.15479635046990986,0.7476869035182947,-0.6251973096200059,0.7380059727695768,0.49188680141433755,0.19569285626576233,1.6630973720959574,-0.5853841186990999,0.26006694004049524,0.4197002254438038,,
3,0,clinical_plus_pathway,random_survival_forest,37,15,0.6388888888888888,0.6232090496285391,0.22931688535366157,0.1675347475519497,0.6692177741117925,-0.2992427941337255,0.9138766090431777,0.2832079201717575,0.4729246418183244,1.247398374119155,-1.2913611240529672,0.18331695351918165,0.8341564868518165,,
3,0,clinical_plus_pathway,survivalpfn,37,15,0.6006944444444444,0.5842328798696053,0.22558112278560188,0.1796441374390188,0.5776804806845701,-0.9510282811234744,0.4117017663216963,0.26952004958224773,0.4479546695146438,0.7899417080815354,-0.13547404250026704,0.18364025453889332,0.47456756003956785,,
3,0,clinical_plus_pathway,xgb_aft,37,15,0.6041666666666666,0.6199750756959582,0.21580775706375316,0.16289923415610164,0.6420444002575537,-0.618020225757316,0.5240610633881121,0.2924544173528485,0.6378307302951007,0.7157295911826685,-0.056337465242331575,0.11542295939321398,0.9567460954426508,,
3,0,clinical_plus_recast,elastic_net_cox,37,15,0.5868055555555556,0.6090142748131606,0.2176123132145011,0.1697830747752079,0.5510751293522099,-16.13342745549879,-12.744414488229332,0.26066120441625407,0.6708465766757489,12.840412941270857,-55.51150098927389,0.1793437692502885,1.0,,
3,0,clinical_plus_recast,random_survival_forest,37,15,0.4965277777777778,0.5523981380960676,0.22519565932862862,0.19007786838651672,0.3862492712871748,-2.919496545443169,-1.147635945861904,0.2613973139851796,0.6231762263985363,0.8979035142117623,1.275426296275775,0.18791014095763836,0.70264420670367,,
3,0,clinical_plus_recast,survivalpfn,37,15,0.5381944444444444,0.6090522825669707,0.2194432670226692,0.17560815676431019,0.46130220152038687,-1.472349432734028,-0.07296108996555845,0.27872466278573027,0.5300408314747524,0.6839257427048026,0.1954895325462572,0.14471558575490592,0.9567460954426508,,
3,0,clinical_plus_recast,xgb_aft,37,15,0.4861111111111111,0.5863956231712844,0.2673978029551589,0.2576275444591315,0.3404474224043723,-2.0152144088142077,-0.35449048360706187,0.3192612467203071,0.584780412948385,0.6813234032062048,0.03293961208363323,0.17344117392089017,0.7543412388451546,,
3,0,full,elastic_net_cox,37,15,0.6041666666666666,0.5394378079121461,0.36244707004866944,0.16665384605710415,0.685284550847298,-0.7061519177761946,0.5679296647317876,0.5059379872264802,0.1815691942487547,1.7121662001345883,-0.5560746602189033,0.2712584596846133,0.4197002254438038,,
3,0,full,random_survival_forest,37,15,0.6597222222222222,0.6567348126693209,0.22830005068481388,0.16356322883066482,0.7056030404683061,0.358680390017636,1.5376899555335148,0.2815062965249764,0.5554156567860244,1.0308694670737841,-0.761820902894918,0.18662438085863794,0.666246970358073,,
3,0,full,survivalpfn,37,15,0.5902777777777778,0.6234348569664024,0.21819520160741537,0.1852207753017937,0.5379553400036035,-1.0993571106180848,0.29185714230765963,0.25600638836689865,0.5543461195162971,0.6206425588009354,0.1023418310644858,0.17554725439407043,0.7937419100445277,,
3,0,full,xgb_aft,37,15,0.5902777777777778,0.5990371327126701,0.23428361069286066,0.1850076627998288,0.5971828601355048,-1.3136822803280002,0.031032072119308578,0.305258206484736,0.6378307302951007,0.7404464836630793,-0.12255707689609412,0.14161036700214186,0.9567460954426508,,
3,1,clinical,elastic_net_cox,37,15,0.6404833836858006,0.5949549604264691,0.13781359811587252,0.1932565910844017,0.6210188928017704,0.11458718820004087,0.8606054279598762,0.16450494570423305,0.2881395406555169,0.4972502068812116,1.163517323266666,0.02898790997062226,,,
3,1,clinical,random_survival_forest,37,15,0.56797583081571,0.5272255754629591,0.15146837288736098,0.1905270620684269,0.5047112029519589,-0.14502688832773278,0.6686534268591409,0.19176126816820876,0.3321859400556987,1.5576471946372494,-0.8430407714440248,0.031823893144599574,,,
3,1,clinical,survivalpfn,37,15,0.6555891238670695,0.6021574429696117,0.1509704445759153,0.18621594741999853,0.6102897020989866,-0.16035930710707907,0.6632184516863953,0.19794043290031882,0.24957072933345503,3.1472812316256866,-2.3619070526102464,0.02178496508302501,,,
3,1,clinical,xgb_aft,37,15,0.527190332326284,0.48237978569255724,0.1667592986611039,0.19440373106581788,0.4937173982141793,-0.5809573231867879,0.29054008286345445,0.21423198706425514,0.2980607722835022,1.1232822575495698,-0.2756966480799779,0.04416948945008737,,,
3,1,clinical_plus_pathway,elastic_net_cox,37,15,0.5438066465256798,0.5301237432739517,0.13996492995882545,0.19537082393421815,0.46043104755034375,-2.7697869905345587,-1.51618597201795,0.1707637278551748,0.2969922259354066,3.272038527974561,-4.959447968650207,0.022961440190734077,,,
3,1,clinical_plus_pathway,random_survival_forest,37,15,0.5740181268882175,0.5517953803048524,0.15312429181839007,0.20335654892442723,0.5639972680664935,-1.591411333148024,-0.5161967005253387,0.18138073580528874,0.3764676055415998,1.5068838779793632,-1.6027020376731067,0.046379146738555636,,,
3,1,clinical_plus_pathway,survivalpfn,37,15,0.6344410876132931,0.5976226633365439,0.1378046826873078,0.1869864356398372,0.5703290582395508,-0.030149454642439327,0.7907316506190941,0.17322904057298466,0.2860172359920623,1.9759066642843908,-1.5234222858363284,0.01777421396342462,,,
3,1,clinical_plus_pathway,xgb_aft,37,15,0.43202416918429004,0.4153450747317592,0.1944251846660086,0.22897301363948092,0.3920761341875297,-1.7350579075656605,-0.4740622275017666,0.23320282300487974,0.30295478468618947,1.0571780231095735,-0.9244090089762438,0.08232207901479405,,,
3,1,clinical_plus_recast,elastic_net_cox,37,15,0.5981873111782477,0.5681526291900154,0.15865343292090406,0.1975519901324858,0.5369102060732799,-0.7942552168312483,0.11322729018232017,0.21107891516138302,0.20111962312295864,5.615791019920633,-4.4993122555873954,0.014903911228364455,,,
3,1,clinical_plus_recast,random_survival_forest,37,15,0.5498489425981873,0.5085444141668236,0.14912012973976085,0.19775176915309842,0.5991451038607811,-0.9169651124567073,0.012178529658881934,0.17972147947235087,0.2524383757590514,2.307728224152411,-2.2514351365376295,0.03928579086124328,,,
3,1,clinical_plus_recast,survivalpfn,37,15,0.5861027190332326,0.5476792506897624,0.16785726117643038,0.20752084171962534,0.5404215000000002,-0.6598107754086816,0.22716451770098994,0.22192034160009733,0.07070313535234156,8.681761432055241,-6.346496251318833,0.02006751978590142,,,
3,1,clinical_plus_recast,xgb_aft,37,15,0.5226586102719033,0.47208450156506376,0.17601154755850687,0.2069868769503891,0.5035348153737489,-0.8326659190350812,0.07908127159297494,0.21706143074492082,0.40608724532647905,0.9404102907718446,-0.0910601868139176,0.06293645179379671,,,
3,1,full,elastic_net_cox,37,15,0.5619335347432024,0.5285431057792138,0.16135947732789255,0.20704842531408618,0.4728200885102507,-0.9577389131166765,-0.0195261697456655,0.20873827733622496,0.35651346925109234,1.6735174447002594,-0.7439044218450946,0.020912929325034066,,,
3,1,full,random_survival_forest,37,15,0.5891238670694864,0.5801769377281181,0.15003290664047617,0.2095776507546258,0.562020490182051,-1.6909393974930969,-0.58591772853663,0.17607040839540783,0.3107720055944869,2.379452455708185,-3.074114189264395,0.038413159016463166,,,
3,1,full,survivalpfn,37,15,0.6374622356495468,0.6165796380066129,0.1360729565185211,0.19232076904734033,0.5556113376037595,-0.5824737881117319,0.3328146269406727,0.16831684929038915,0.382543544817652,1.8861625031589875,-1.2337245219631907,0.015337358445965813,,,
3,1,full,xgb_aft,37,15,0.4622356495468278,0.4851120708152965,0.19883535344573855,0.24548723622788526,0.4117233861251753,-1.8185020923996087,-0.42899066712987094,0.22383916052583902,0.5440331720693685,0.8634935972228357,-0.06680210267848406,0.10217585650339081,,,
3,2,clinical,elastic_net_cox,36,16,0.6023622047244095,0.3587763006345379,0.3506734921701168,0.15644339168476012,0.5425016930640082,-1.12788991296957,0.31791284097398265,0.2662485550238032,0.8287013032602797,-0.7848437120372663,1.185755325930427,0.7137534669481006,0.43790321738429033,0.38648762903465195,0.3022133702854862
3,2,clinical,random_survival_forest,36,16,0.610236220472441,0.6606783888392286,0.36515043207676107,0.15028454298835492,0.6258027539779092,1.0351379678841588,2.6231253359956015,0.34708228681308384,0.6314411845089466,-2.1954313625326787,4.113038268372097,0.6161526116925216,0.6729343112467336,-0.5903742282772564,1.7960028943402462
3,2,clinical,survivalpfn,36,16,0.6692913385826772,0.36468750504602543,0.3693686261438141,0.14933049035334395,0.64054591477041,-0.5030096552084398,1.0287663049425215,0.3018582744105635,0.8082106630172379,-1.5259657458471518,2.6917936532296394,0.7244274654007856,0.4023036046561481,-0.04833102417318364,0.3976288817987533
3,2,clinical,xgb_aft,36,16,0.7066929133858267,0.19994640186931714,0.4634706620793009,0.15325980514230275,0.7626460848025056,-0.8049519087604611,1.08718384629592,0.358552348331717,0.7472051719126438,-1.2431025684138657,0.8670619774275312,0.983518146511467,0.1188277121987228,3.169758738157208,-1.5834498129296743
3,2,clinical_plus_pathway,elastic_net_cox,36,16,0.6141732283464567,0.7950387851208188,0.2957513556460986,0.18554739462370012,0.5534167874407233,-1.3607296754868696,0.12002502784729181,0.2523567757215858,0.779608107981087,-0.6394350813097212,0.8224231259321533,0.4927444765175227,0.8610803229601607,0.7119748785916968,1.4185447754652962
3,2,clinical_plus_pathway,random_survival_forest,36,16,0.6811023622047244,0.6611678938995602,0.35079572136376297,0.14496378303864155,0.735695100848238,1.9727711844174916,3.7358926420192393,0.33613582328650726,0.8714662410150776,-1.6533841666099007,2.676813691032968,0.5859474558433957,0.7706423095412369,-1.0322318408147715,2.7296851343173274
3,2,clinical_plus_pathway,survivalpfn,36,16,0.6141732283464567,0.5454758758111607,0.40664887757471263,0.15710537148817236,0.6031819163802274,-0.7099205189513081,0.861852944530564,0.34827126615632087,0.7061050478720168,-2.0724666041186643,2.7755580989439315,0.7729476064980365,0.5439731509089514,-0.9900208039573776,0.9096530115970481
3,2,clinical_plus_pathway,xgb_aft,36,16,0.5748031496062992,0.5861474558867116,0.3663003051706917,0.16909865933292775,0.5807768498946232,-1.2478130828553673,0.24532341680156797,0.2860727257190383,0.7452524345209218,-1.0052788645238857,1.1547774979560792,0.7239571099117623,0.5170755569135327,0.026988410685628825,0.3755216227585293
3,2,clinical_plus_recast,elastic_net_cox,36,16,0.5826771653543307,0.34795155358346735,0.3900707092211818,0.16351654866673468,0.5227613920236921,-1.445366113626589,0.06687206925893839,0.27821558004059094,0.7203144969722415,-0.6749281939303773,1.064662145632359,0.8403351281368107,0.3884671296836711,0.4884689337010244,-0.2145901496282735
3,2,clinical_plus_recast,random_survival_forest,36,16,0.4409448818897638,0.550034311837682,0.41493692801306536,0.172095017696804,0.3965916429840055,-2.6252227430358497,-1.0638326084014589,0.38199605302830264,0.5518241458247429,-0.5361615707403922,-0.3833121854762041,0.7236605882988519,0.4166304551213248,2.0550811311837704,-2.7214285599855352
3,2,clinical_plus_recast,survivalpfn,36,16,0.6141732283464567,0.2789185570288823,0.40138387899148453,0.15260106483598979,0.5851126075294555,-0.743123246326658,0.7431097226596269,0.32584767311712004,0.7012442687218504,-1.392750249730573,2.21146048177195,0.8012391048957084,0.1995829226258527,3.3597211641282323,-2.12699081341867
3,2,clinical_plus_recast,xgb_aft,36,16,0.5078740157480315,0.3992976252342953,0.42947296894718523,0.19989068891070189,0.47342103169132105,-1.511755162660071,0.015649728514596988,0.2870913408604015,0.7170602691879859,-0.6361521263874335,0.6637612024368947,0.943818505157236,0.3707346412689632,1.050593844034488,-0.6893422252001685
3,2,full,elastic_net_cox,36,16,0.6496062992125984,0.8057846234246218,0.2879856988810577,0.17390604488946831,0.5629597341658816,-1.275773928495826,0.186834694376683,0.22990952882623988,0.8372855858594994,-0.6924830487890665,1.0408533149968513,0.5182176929822828,0.8517090513184948,0.5839563371924958,1.1566736995292017
3,2,full,random_survival_forest,36,16,0.5787401574803149,0.641061145878625,0.372122867129311,0.15235398097277128,0.5951156330062666,1.2865122198620491,2.812284558259102,0.3566344396442321,0.7971562791392022,-1.5743486920131626,2.2908927889721684,0.6228686082560083,0.7526483548882811,-1.8066493931626322,3.167349169199588
3,2,full,survivalpfn,36,16,0.6062992125984252,0.33080266059101865,0.4347295239584858,0.16196997292891827,0.5669031034394204,-0.9175481490734638,0.6911588134890952,0.37295302803364305,0.7363862816758175,-2.4807230552939115,3.066151005659087,0.8310420668377388,0.30485139529785316,4.842869167140596,-2.566782579313949
3,2,full,xgb_aft,36,16,0.5196850393700787,0.5459341937603207,0.41191986711109235,0.18526465300663167,0.5452261199709572,-1.3154526683585146,0.16327624600759458,0.3086864298360445,0.7284030869577347,-0.7413932402074832,0.6646778514231135,0.8450419557656489,0.46154151896800344,0.4489045000514871,-0.013607217264466882
3,3,clinical,elastic_net_cox,36,16,0.6161971830985915,0.5899892402686707,0.1491413902715411,0.19457146052668747,0.7011641966125922,0.16369751060666485,0.7929977781980388,0.18475131513438642,0.5067528622934268,0.618810325847039,1.1712645026404729,0.03249147029070412,,,
3,3,clinical,random_survival_forest,36,16,0.6338028169014085,0.6066100432694792,0.14858786539299418,0.18709759218531255,0.6943535195661713,2.21227762889146,2.325542896472583,0.1841493862879308,0.550836493778467,0.8181097142066543,0.3947947799568012,0.038955096810802524,,,
3,3,clinical,survivalpfn,36,16,0.5880281690140845,0.5536234568200622,0.18071993529803917,0.19214193483827796,0.6514394180270072,0.16943573039967977,0.6391882046933848,0.23702441419868567,0.3469005943545975,0.997780080194904,-0.7007603819940172,0.0566889779565074,,,
3,3,clinical,xgb_aft,36,16,0.6197183098591549,0.5853999832914202,0.17288122938775288,0.18791734039998784,0.713643082236543,0.24014053760528473,0.7058705527572788,0.21113480547172925,0.5627315123912978,0.9550863197717803,0.4330272794782528,0.08133796620756517,,,
3,3,clinical_plus_pathway,elastic_net_cox,36,16,0.5352112676056338,0.5167642884671967,0.17761429883657257,0.2056403108824444,0.5145200919976475,-0.7290801176354155,0.06780290515345809,0.20407268138513218,0.6092017903064482,0.8699197435953536,0.4239134879305939,0.09667152169358162,,,
3,3,clinical_plus_pathway,random_survival_forest,36,16,0.45422535211267606,0.40405306880811176,0.1884194553010642,0.20776603049156767,0.4513416785636828,-1.408909363680512,-0.4132474352891478,0.24240431650264005,0.20010074871829875,1.7205657459592136,-2.024192533290459,0.06110315770740898,,,
3,3,clinical_plus_pathway,survivalpfn,36,16,0.4612676056338028,0.5093610134219166,0.16742746534238492,0.20876529884898914,0.47413851825138964,-1.0462164553766624,-0.12845300948390972,0.20951113862311327,0.5141791904003281,1.0785780014096689,-0.8132455332511112,0.04192228527432402,,,
3,3,clinical_plus_pathway,xgb_aft,36,16,0.545774647887324,0.4915620670484579,0.1975653483822436,0.19505921147485117,0.5788285163701634,-0.4691164995701436,0.24347614321678293,0.25395600203942553,0.3859712498195581,1.1074525623054778,-0.3524660017751504,0.08729017797527217,,,
3,3,clinical_plus_recast,elastic_net_cox,36,16,0.5669014084507042,0.5545878435693407,0.1491413886823833,0.19457145929134445,0.6566550532523928,0.16369754849899382,0.7929977724577612,0.18475131311156487,0.4783170638948401,0.6188102941676841,1.1712644626404873,0.032491469215059035,,,
3,3,clinical_plus_recast,random_survival_forest,36,16,0.5563380281690141,0.5212521371362726,0.15518044766104536,0.19366207534242488,0.684068917405698,0.7996867867796676,1.2132170970350817,0.1801029259377325,0.5186020239178531,0.466708786304268,3.581078885278737,0.06685386342629157,,,
3,3,clinical_plus_recast,survivalpfn,36,16,0.5563380281690141,0.5355794527744397,0.18116457393327837,0.1998229349009482,0.6631050734529956,0.40192974838531104,0.7422397879192499,0.23775421576634737,0.30383581104021634,1.1791281266100702,-1.8813193724379926,0.049326929299470496,,,
3,3,clinical_plus_recast,xgb_aft,36,16,0.573943661971831,0.48058803238027376,0.22163514595994277,0.18630242332773492,0.675328936663451,0.25399144684019587,0.5746776438185127,0.2764046974311178,0.39585296282823207,0.8957679960586838,-0.155071410260988,0.14742876564980048,,,
3,3,full,elastic_net_cox,36,16,0.4612676056338028,0.4814170196393787,0.1518494795038362,0.19919319218529485,0.4497088184056982,-1.4861902727090512,-0.4670822040110822,0.1844783176760389,0.6708856572447689,0.6482462498261975,1.6399971661430763,0.039248090477972196,,,
3,3,full,random_survival_forest,36,16,0.46830985915492956,0.4131423531773614,0.1724462674764977,0.20475691656297312,0.4807992722717849,-1.6489197164996592,-0.6051859851196567,0.21988156172222523,0.20010074871829875,2.0165491111578695,-2.7688633178274076,0.045265029898567184,,,
3,3,full,survivalpfn,36,16,0.4647887323943662,0.47751410840624225,0.1610145316701541,0.2024441289250444,0.5211463964004936,-0.7394283679249568,0.06761506885916017,0.2039552160844262,0.374662311909296,1.4928909287617296,-1.7088797785473466,0.03370356558671946,,,
3,3,full,xgb_aft,36,16,0.5774647887323944,0.5146607491286307,0.19270711444970617,0.18327916462222538,0.6309953385589643,-0.24778098822077957,0.44257231434513666,0.2633072922798773,0.3501006207902443,1.4242108705714105,-0.5917052702439379,0.060934708616844656,,,
3,4,clinical,elastic_net_cox,36,15,0.625,0.632574662351798,0.2337596574761916,0.2139662506815935,0.6433825592183103,-0.9168931131183746,0.30824252246892303,0.30604045608849306,0.6662866664796337,0.317328109335139,-0.0301054641989007,0.10899146704618667,1.0,,
3,4,clinical,random_survival_forest,36,15,0.5032051282051282,0.5415317406282122,0.2511059450228841,0.1953631157924592,0.5332959826522509,-0.7503428633571775,0.3808358028596322,0.3086520439148592,0.39978913433366753,0.9928370654805977,-1.5213024600267324,0.1917565764693588,0.5103755643712662,,
3,4,clinical,survivalpfn,36,15,0.5833333333333334,0.5639719449162783,0.2299517138717489,0.19207537057927418,0.6181096830608543,-0.5507651807621783,0.5280979184112568,0.29410337702401473,0.5666419997616801,0.10180571793174804,0.2652235338441576,0.13952473085969186,0.8872525726991174,,
3,4,clinical,xgb_aft,36,15,0.6153846153846154,0.6315412483089855,0.23248409778242998,0.19204379345774225,0.6658302650878107,-0.4578587417193951,0.7686847341730879,0.28256188325209197,0.621394835382457,-0.466546723892503,0.9299730984310988,0.17276883116779387,0.5103755643712662,,
3,4,clinical_plus_pathway,elastic_net_cox,36,15,0.5833333333333334,0.5875602589510341,0.24410715940588354,0.19331168549523742,0.5982483064360142,-0.4215920889071373,0.7243169972541711,0.3129832848118204,0.4481946951743532,0.5340777515386926,-0.3789429555239646,0.15715038250465593,0.7288966674456748,,
3,4,clinical_plus_pathway,random_survival_forest,36,15,0.5705128205128205,0.6037947778994038,0.22091270922946232,0.18890699422860405,0.5768397549179849,1.2263890436591518,1.9403018610800395,0.2532557319114543,0.5728365949414748,-0.525473591790409,2.649159625505292,0.18823237886633654,0.0,,
3,4,clinical_plus_pathway,survivalpfn,36,15,0.5544871794871795,0.5877784883878027,0.23760196925421614,0.20496647952633007,0.5320666228900417,-1.088606511578834,0.11262961074807475,0.2864090748254847,0.5731612011276221,-0.0201941472481363,0.4243749165464628,0.17262324783956517,0.5412861766716768,,
3,4,clinical_plus_pathway,xgb_aft,36,15,0.5512820512820513,0.5842689255250064,0.2403071934114823,0.20585705311746932,0.5025281415445143,-1.1220799217661643,0.1010811900363623,0.2839549244613976,0.5663399588585402,-0.770708813482872,1.3426148411022183,0.18746187160566471,0.2120406198029865,,
3,4,clinical_plus_recast,elastic_net_cox,36,15,0.5384615384615384,0.5654853223224691,0.24665776558601518,0.19761570613144272,0.522327938541828,-1.3228435212378131,-0.0741531941645859,0.3118643932159332,0.49304039541496847,0.5693313379293709,-0.419579473360852,0.16528656978075162,0.8806116272460336,,
3,4,clinical_plus_recast,random_survival_forest,36,15,0.5769230769230769,0.6092004167586784,0.22358732521718605,0.19218596142207658,0.5480998605383086,-0.25621942180660745,0.8226350435959625,0.276282729337952,0.49990073336609814,0.010814961611501485,0.5844223183213277,0.14959788077076366,0.8918136130555823,,
3,4,clinical_plus_recast,survivalpfn,36,15,0.5993589743589743,0.5951638991294499,0.22882675953826664,0.19067942957234554,0.6307246960369947,-0.41306689865147683,0.622623813470375,0.2905902032781998,0.5543617647125428,0.10873147225789556,0.23826900529119582,0.14344720202432146,0.9612136156017922,,
3,4,clinical_plus_recast,xgb_aft,36,15,0.5224358974358975,0.5992887559679031,0.24734368122372538,0.2082141067519588,0.5305887442533272,-1.0393709532114934,0.16989047585507058,0.31564303205140387,0.5173265200435273,0.20108067562167242,0.06820434635399686,0.14987455404013497,0.8818297905276137,,
3,4,full,elastic_net_cox,36,15,0.5608974358974359,0.5814519237910766,0.24410717466816997,0.1933116996324676,0.5624551796801115,-0.42159519360010966,0.724314235175742,0.3129833098821067,0.4693261592119117,0.5340779040322987,-0.3789432014315229,0.15715037927599887,0.7288966674456748,,
3,4,full,random_survival_forest,36,15,0.5448717948717948,0.5780040218263006,0.22244463279956542,0.18996669716658676,0.5479945779922217,0.7095448317303981,1.5394084693833388,0.25956842188511886,0.5853047989572694,-0.3446671865160067,1.7913585976253377,0.18067499026143705,0.3165454353935421,,
3,4,full,survivalpfn,36,15,0.5416666666666666,0.5932701242026587,0.24092283170684056,0.20608347884693526,0.5178517918122302,-1.3529737625913925,-0.0927669564553831,0.2915217707925952,0.6075534313592278,0.14726681600179087,0.17000806641759855,0.1745643063952365,0.5053478637315437,,
3,4,full,xgb_aft,36,15,0.5064102564102564,0.5148384762152934,0.26239474507066485,0.20926774905253515,0.5088602630002634,-1.2574821880572002,-0.01849735682535752,0.3195405129791299,0.4074125679229485,0.746879237366462,-0.5503934414625922,0.20123020527186447,0.09895591959429345,,
4,0,clinical,elastic_net_cox,37,15,0.6655290102389079,0.6443505669551354,0.09553222458608929,0.1462434387114241,0.7131220600542261,0.6941329341210837,2.2733422658496405,0.10974769821363173,0.9282989979881925,,,0.016390063205669644,,,
4,0,clinical,random_survival_forest,37,15,0.6808873720136519,0.6282010823737582,0.10659854889103924,0.144043317831568,0.7585306691557566,2.833572989872686,4.37858264461715,0.12464376074573183,0.790273231119745,,,0.03306335624112534,,,
4,0,clinical,survivalpfn,37,15,0.6552901023890785,0.627629577192815,0.1088037916969981,0.14319952349844958,0.6983770662289814,-0.2579918181222616,1.1397099503695143,0.13158483578532362,0.790273231119745,,,0.028845971718895524,,,
4,0,clinical,xgb_aft,37,15,0.6484641638225256,0.611432227629875,0.09495908955934165,0.16040673978392217,0.7365604069227331,-0.8154612701258606,0.9141669292694987,0.09584828968772612,0.9282989979881925,,,0.027733039077992214,,,
4,0,clinical_plus_pathway,elastic_net_cox,37,15,0.6484641638225256,0.6408535853695848,0.09649083346420342,0.159693328739348,0.6729165296657673,-0.8457063852111456,0.7677386418164867,0.09748081291536875,1.0,,,0.031308379286728194,,,
4,0,clinical_plus_pathway,random_survival_forest,37,15,0.6825938566552902,0.6551307739775672,0.10507165699749046,0.14510012534917155,0.7495056262386771,2.3052078287105906,4.244459540991502,0.11768535155311993,1.0,,,0.03981579953455041,,,
4,0,clinical_plus_pathway,survivalpfn,37,15,0.6996587030716723,0.6917282174408144,0.09183565178632694,0.1555064410095999,0.7155299563348183,-0.4636251582655749,1.1609251049078195,0.09733060194139394,1.0,,,0.01717496225291997,,,
4,0,clinical_plus_pathway,xgb_aft,37,15,0.5665529010238908,0.5527869111808479,0.089088211466817,0.18333914094987955,0.6252103584152113,-1.1419548613978612,0.5207157725343842,0.07347245434441864,1.0,,,0.026068796228551194,,,
4,0,clinical_plus_recast,elastic_net_cox,37,15,0.6245733788395904,0.6149657184686844,0.10028385231434261,0.1526098012685857,0.6335662221043552,-0.0566669436438497,1.3669862270457718,0.11460573911293105,1.0,,,0.019314129762922762,,,
4,0,clinical_plus_recast,random_survival_forest,37,15,0.5017064846416383,0.4860551981027384,0.12140647498746902,0.16448099739672964,0.4804598777349422,-1.999605417111588,-0.42016864273363685,0.14109264080878486,0.914377396978381,,,0.03895962093557671,,,
4,0,clinical_plus_recast,survivalpfn,37,15,0.6143344709897611,0.6039702863461013,0.10907284163030215,0.15054445579696216,0.6655268068490268,-0.2823554754893988,1.0478693706674538,0.12902433474592084,1.0,,,0.02769824123240471,,,
4,0,clinical_plus_recast,xgb_aft,37,15,0.4709897610921502,0.46628981350614956,0.10363295645983343,0.20036246744659664,0.42134909281633187,-1.9755632275078852,-0.49456165620594245,0.0972231329355398,0.9507765040989099,,,0.019723092521657524,,,
4,0,full,elastic_net_cox,37,15,0.5870307167235495,0.5907365899981213,0.10431848505165695,0.17662678771642823,0.5653659517584274,-1.1996460353680967,0.2927892016069733,0.10453656852843526,1.0,,,0.03157401543332899,,,
4,0,full,random_survival_forest,37,15,0.5665529010238908,0.5591623694652101,0.1118340686359023,0.15588293316103208,0.5744504118703315,-0.015612933008304814,1.5612055399721207,0.12413312411538628,1.0,,,0.0431870931518045,,,
4,0,full,survivalpfn,37,15,0.6996587030716723,0.7001700549542704,0.09063414526799839,0.15886464725096888,0.6909818107073011,-0.26935874344346344,1.3996966197186387,0.0939624148682063,1.0,,,0.015747104084612093,,,
4,0,full,xgb_aft,37,15,0.5255972696245734,0.5088400440472165,0.1251026027815058,0.2232339725715972,0.5398375031684292,-1.3619768709609013,0.15194726493028804,0.1124065617475967,0.914377396978381,,,0.0523633150592326,,,
4,1,clinical,elastic_net_cox,37,15,0.6076696165191741,0.6218334289235282,0.22670355161814967,0.20849093297947272,0.603192364012228,0.21912812824736555,0.7997838489802906,0.18697130139002588,0.7309187020593727,0.0846986434492854,1.2549348224430692,0.3243806707130742,0.8736448577228867,-2.7526147620692956,1.3824790434612395
4,1,clinical,random_survival_forest,37,15,0.6283185840707964,0.655625376567404,0.22491351921781091,0.21985945784745184,0.6060724286986929,-0.5107363978478078,0.20947632393524054,0.19086438348055945,0.7660744837668846,0.34796270038704713,3.749648481691741,0.2980658520626728,0.7494528471772535,-2.9662510523801786,2.835714599359519
4,1,clinical,survivalpfn,37,15,0.6489675516224189,0.6488541902458987,0.22628443352951869,0.20758345466756545,0.6121715008461046,0.0792832609563607,0.6168143539269322,0.20716950323682012,0.6181345843205714,0.3605671140487994,0.8975177692864001,0.28321527297686905,0.7733037361959598,-4.286085757581135,4.300228874484689
4,1,clinical,xgb_aft,37,15,0.6740412979351033,0.6476527629133734,0.2228727131048801,0.19153181131005387,0.6596689080054547,0.35849611199998727,0.9294447197725588,0.1971779890807038,0.6971689342361114,0.07059013954900163,1.072914672743335,0.3056030629480591,0.7728767006770836,-1.3856787902231074,1.1988188601831018
4,1,clinical_plus_pathway,elastic_net_cox,37,15,0.5663716814159292,0.5540858653731482,0.2771416871435482,0.22943463280987567,0.5551448071614972,-0.6394274116296571,0.15969425565629747,0.2649818823308418,0.43877866990330844,0.8865979340502883,-0.11884910351259945,0.34916835110263367,0.6581680048549627,-0.9576793899826126,0.19868751262892323
4,1,clinical_plus_pathway,random_survival_forest,37,15,0.5870206489675516,0.5802064214324484,0.26925342276698855,0.21499386487541366,0.5606255984527615,-0.20313298113572287,0.45613779447387726,0.24911951795895776,0.4767998134700667,0.8199620187010846,-0.6813348043855257,0.3637807902746252,0.6912786405006586,-0.8115469795770017,0.6557561477519067
4,1,clinical_plus_pathway,survivalpfn,37,15,0.6194690265486725,0.6338089856072396,0.2510128538100837,0.2015186137969423,0.6297793602327844,0.4685182102944953,1.0612204055532801,0.22221204454787738,0.5633607256857703,0.39791711034070004,0.17641581363960826,0.3581087123476378,0.7970268350211799,-6.427562009777274,4.16204780416183
4,1,clinical_plus_pathway,xgb_aft,37,15,0.584070796460177,0.5711788887404265,0.2904181824521704,0.226026009667447,0.5687467651074539,-0.46589650469660715,0.17544104777463676,0.32947316655422815,0.46128069215990575,0.5997179454493541,-0.28096132368276316,0.27670038703277844,0.6919210382398587,-0.28978397155730107,0.6585298285702927
4,1,clinical_plus_recast,elastic_net_cox,37,15,0.6371681415929203,0.6788904425457603,0.24140789623571154,0.21005713639971074,0.6099012856484644,3.1767516348453224,3.135623931312107,0.18802777280845248,0.8725918842396232,-2.459476094798873,15.43303376194681,0.3795189029262305,0.8639205439895609,-16.785005780864946,10.160880146427752
4,1,clinical_plus_recast,random_survival_forest,37,15,0.528023598820059,0.5065201083931552,0.2708517456294357,0.2154362699265551,0.5585896175290946,-0.2855357076210738,0.4043717737432578,0.2609356682738056,0.3055426985126428,0.7803062505404976,-0.6784288528783676,0.34609937604357643,0.45831404776896434,0.41767482776063,-0.35855091548912654
4,1,clinical_plus_recast,survivalpfn,37,15,0.6224188790560472,0.6266915125813314,0.23936684128326066,0.21003691960944545,0.6129153004989859,0.34705807484362333,0.8316149512080272,0.21068533787449703,0.6075788499189845,0.2547405227018206,0.8657365748672323,0.3260597697746032,0.8461284989078237,-3.590808486817493,2.788769490141314
4,1,clinical_plus_recast,xgb_aft,37,15,0.6519174041297935,0.6031308814034034,0.2608224511848116,0.2019859510029363,0.7013999627247337,0.12973941749804235,0.61135900285773,0.2831837945453144,0.4482832142522591,0.5554532649009878,-0.09014345195224269,0.2749362646456815,0.645950303987593,-0.6070390472608684,0.7651514888634915
4,1,full,elastic_net_cox,37,15,0.5427728613569321,0.5774586626854407,0.2768618515563766,0.20916313688317686,0.5219203028272015,-0.47163630678258445,0.36465769543716897,0.25889065260482086,0.5050932852393349,0.4874823712258841,0.006488328624244103,0.38050296413268786,0.706202489339498,-1.1714449383479584,0.2116789271152336
4,1,full,random_survival_forest,37,15,0.6106194690265486,0.5726322559654817,0.2713646683573759,0.21367474733464212,0.6172325610218878,-0.09750244372913859,0.5592844763535407,0.254109634720231,0.35555274379377255,1.1897285845725813,-1.5603507524158866,0.3635646566543995,0.5333291156906589,3.379400545871571,-2.870829482374729
4,1,full,survivalpfn,37,15,0.5752212389380531,0.5883943218368334,0.2625784905572732,0.20342995532533975,0.5870593800230703,0.1418665447201356,0.8949501549963005,0.22878355366180694,0.523069809393579,0.6338120551514647,-0.16479736587939264,0.3893168995801391,0.7606836343859271,-10.188809312121732,5.963317443598552
4,1,full,xgb_aft,37,15,0.5899705014749262,0.5436137117894467,0.29480427481683874,0.22308372585126263,0.5939987779224167,-0.3159379753774426,0.2517161227230211,0.32362889763689956,0.31870084242683167,0.6386361170827205,-0.36974564827684675,0.30887557814229327,0.4780512636402476,-0.2593784705853397,0.43663276983496757
4,2,clinical,elastic_net_cox,36,16,0.5714285714285714,0.4924902081294939,0.28339654977552814,0.1801711532876305,0.5301736143762464,-0.5142906870422082,0.457189290837616,0.29046304700039244,0.6143440154267191,-0.5580994241137128,0.5350049960739586,0.3724889518136971,0.3351072825306212,,
4,2,clinical,random_survival_forest,36,16,0.532967032967033,0.6345805543952213,0.25390970646865896,0.16922735624067797,0.5896254825277626,2.59129692166702,3.2265186606166805,0.30175375668801646,0.4631565776224344,-0.8164236664126093,1.0847632594656575,0.242903956257925,1.0,,
4,2,clinical,survivalpfn,36,16,0.6556776556776557,0.529984184187964,0.24403989158761968,0.16505328021559137,0.705926716379886,0.4051916426523644,1.174154150182622,0.2717854897230768,0.6859437632585133,-0.6045633028591132,0.9691416430535812,0.2675353066887337,0.3909245507089991,,
4,2,clinical,xgb_aft,36,16,0.45604395604395603,0.3690227068520276,0.3402708252705882,0.20131599517857932,0.49804710491779175,-0.9909149003505665,0.0583107851141622,0.37744462165890386,0.41937152688782264,-0.23410450782047948,-0.11611006289434325,0.40487806258596604,0.0,,
4,2,clinical_plus_pathway,elastic_net_cox,36,16,0.5457875457875457,0.639767174868954,0.31820433870709675,0.2236947231649497,0.5462947487611941,-1.000560064429471,0.044498242034785584,0.36782615956686704,0.6133418924987705,-0.2506378525218021,-0.04107440074816265,0.31347031252970325,0.8245997058046151,,
4,2,clinical_plus_pathway,random_survival_forest,36,16,0.6483516483516484,0.6548765364345572,0.23015841833587158,0.16554416538771788,0.6886868577128469,2.039049206258859,2.5705414148707213,0.2448031467231746,0.7418064304510148,-1.2525004880197261,3.643800394542872,0.2654832145094192,1.0,,
4,2,clinical_plus_pathway,survivalpfn,36,16,0.5677655677655677,0.5044998788914642,0.2338040680238864,0.17676888265015978,0.5661029177732544,-0.6518128696043725,0.33788998698631023,0.25119902646319603,0.7971029423357306,-1.0271214405609765,2.21691335375859,0.25604933651899375,0.5095434625036341,,
4,2,clinical_plus_pathway,xgb_aft,36,16,0.6227106227106227,0.5941493406340959,0.24271550542040884,0.16426972929450567,0.6880444622421228,-0.109807292134547,0.5156248882632588,0.22998569542019254,0.6847009499489133,-0.038983255022179794,0.8359039388487849,0.34662090154674463,0.5786694169445125,,
4,2,clinical_plus_recast,elastic_net_cox,36,16,0.4981684981684982,0.44288963532476044,0.31457382352415214,0.1969527791500435,0.45363457734790774,-1.2215388599532453,-0.11199532825653984,0.31618050986689217,0.5771291361147577,-0.39819312946295327,0.2371776652378861,0.4289814952127808,0.3351072825306212,,
4,2,clinical_plus_recast,random_survival_forest,36,16,0.4358974358974359,0.5798667410203069,0.26309340150481864,0.17951386872299704,0.43275404757608776,-0.7032190174187153,0.296752696509725,0.3084279741452628,0.5357169750242623,-0.32438730681972255,0.03848616237185706,0.2560037890057519,0.6810221919179649,,
4,2,clinical_plus_recast,survivalpfn,36,16,0.4725274725274725,0.41896001457025583,0.271254554484991,0.1801648961720909,0.5167193393692823,-0.7275956940679935,0.25579671466702664,0.3131898494646498,0.49316985595554896,-0.3823150357415163,0.202851418038112,0.27847362283857346,0.41923377021330893,,
4,2,clinical_plus_recast,xgb_aft,36,16,0.5824175824175825,0.47981943304508856,0.2542789201180419,0.17083147850398686,0.6518826216492067,-0.16404374434884597,0.7274067546082333,0.27651510614464,0.6731422551971991,-0.7617302028043624,0.9953611913862506,0.2932539896789006,0.3661664545601211,,
4,2,full,elastic_net_cox,36,16,0.5201465201465202,0.6200656676784705,0.33980889811996284,0.2365065929121467,0.5105172111532384,-1.1023775597267638,-0.022329290444713743,0.39613500506515414,0.5432386121313799,-0.2415035114080031,-0.03597147760713815,0.3304589894373965,0.7359057578172754,,
4,2,full,random_survival_forest,36,16,0.575091575091575,0.5919657661658422,0.252378294356116,0.17277625082269352,0.5985366329413293,0.797619726207568,1.5466620127263448,0.2749653742848498,0.6369929156449735,-0.8744597338479677,2.254132606474701,0.28680617803207065,0.8431860477587284,,
4,2,full,survivalpfn,36,16,0.5677655677655677,0.5054005617238336,0.24666794370238282,0.1792929154160466,0.56605717833475,-0.8211823414365452,0.21673670175008883,0.273022317388066,0.7431950348482225,-1.3726901248728571,2.34584333545105,0.26133422461735284,0.4819923497414304,,
4,2,full,xgb_aft,36,16,0.5494505494505495,0.4481358471262752,0.24563465697327946,0.1648871485694926,0.6199351134095465,-0.09649648797297605,0.6771449891829212,0.2645955079194718,0.6161014165187448,-0.4778863378083013,0.9328130119757155,0.2884604634846817,0.3390526610481111,,
4,3,clinical,elastic_net_cox,36,16,0.40408163265306124,0.38222338342284184,0.4042526596443974,0.19779401290735488,0.3017760225931226,-2.864234053724513,-0.8737278664690183,0.6871034900061281,0.2627391893933975,1.5000098493715586,-0.9769650339561141,0.04500964565797825,,,
4,3,clinical,random_survival_forest,36,16,0.47551020408163264,0.4228855308278229,0.2538949365739669,0.15022541026813688,0.4620763512627623,-2.0931479874710526,-0.3670182213147045,0.39486189877146854,0.42409447045754756,0.2839081323292609,-0.9694494185976043,0.07563053848479355,,,
4,3,clinical,survivalpfn,36,16,0.4,0.39229084784671236,0.3431481733531933,0.1950426762998853,0.31588671382532557,-2.2104309534277644,-0.3969282608307807,0.5501301031114028,0.3625315526111988,0.7735256108513361,-1.0998590592267237,0.07728981089008231,,,
4,3,clinical,xgb_aft,36,16,0.47551020408163264,0.3840617082680518,0.28134675646650964,0.1710106500112494,0.48945795823902044,-1.949648730217275,-0.3226140048064656,0.464798469323117,0.47587164624048295,0.6408805903182281,-0.6155754879752836,0.024779437208555213,,,
4,3,clinical_plus_pathway,elastic_net_cox,36,16,0.46122448979591835,0.3625270553203285,0.38689328374040016,0.18779305409646452,0.4287561567130456,-1.950659777585787,-0.2441581053170163,0.6518483284242422,0.26258659719365723,0.9619685808079611,-0.707452280290092,0.0560834240166517,,,
4,3,clinical_plus_pathway,random_survival_forest,36,16,0.5061224489795918,0.41347802739017814,0.25510703189430967,0.13071884183607332,0.6925250252973618,0.6702870074048481,2.263797156778282,0.387214807704902,0.4790150923561036,0.06282644773647046,-0.4114057206853704,0.11527967033136137,,,
4,3,clinical_plus_pathway,survivalpfn,36,16,0.40816326530612246,0.40639904053428294,0.31501783226756525,0.19158985159544784,0.30306187717339855,-2.862484667146806,-0.9375873067657834,0.5058020300609606,0.3149942257226863,0.606636193432649,-0.8433062152058064,0.05687741735289214,,,
4,3,clinical_plus_pathway,xgb_aft,36,16,0.5183673469387755,0.5358036642133767,0.35940840891077985,0.160529401114734,0.6132714330591297,-1.343715350984727,0.22856872655795596,0.5609107720174222,0.3774981063988244,0.12404923739970232,-0.3860278244052119,0.1552826904935413,,,
4,3,clinical_plus_recast,elastic_net_cox,36,16,0.4204081632653061,0.40914799468664703,0.4403956554705362,0.24273270421531976,0.33445095356776705,-2.458082561064525,-0.5869455494024999,0.7369609817159233,0.21285371702828715,0.7881119481838048,-0.33852084351019446,0.04492795423497866,,,
4,3,clinical_plus_recast,random_survival_forest,36,16,0.363265306122449,0.34055574643766207,0.2728850139619669,0.1533418186687306,0.2998251962623495,-4.180725169713878,-2.1805803135086705,0.41573961477832305,0.32332789761912084,0.5387936945570194,-2.278784095562717,0.10671900762249095,,,
4,3,clinical_plus_recast,survivalpfn,36,16,0.39591836734693875,0.3393628751013694,0.35336768831905296,0.2065986311166329,0.30137454973678746,-2.537571838338308,-0.6147892663637512,0.5703935967807586,0.26080054921505125,1.1430436328340057,-1.4607572303912066,0.06608492859806167,,,
4,3,clinical_plus_recast,xgb_aft,36,16,0.4163265306122449,0.3798386672829748,0.33050172099134445,0.18571406080772712,0.35198506116377926,-2.493850574011689,-0.39101742149514274,0.44746529182786837,0.4751534698654186,-0.03463750045177335,0.02756250736444361,0.241362239501914,,,
4,3,full,elastic_net_cox,36,16,0.46122448979591835,0.368877944042666,0.38921600836068476,0.2238563205416819,0.42143108768769005,-1.9150134792966542,-0.2226345607022647,0.6383017857112296,0.3302345906849793,0.466103675729369,-0.22306141555241576,0.05640414147859792,,,
4,3,full,random_survival_forest,36,16,0.3836734693877551,0.35242069488602407,0.30324352626632267,0.1505928718050208,0.4783328980538884,-1.7088996941841994,-0.016236213917373416,0.46900190356438515,0.3333225886502451,0.2924860522545415,-0.9653614728453289,0.1243774261314997,,,
4,3,full,survivalpfn,36,16,0.4,0.3842413215956732,0.32231234320022795,0.19823234683487556,0.27737952934886106,-2.892305838783571,-1.049902513484536,0.5182590492473382,0.270370714436503,0.8094387378183244,-1.0494491820316771,0.054498927471359634,,,
4,3,full,xgb_aft,36,16,0.3795918367346939,0.49494322310790523,0.3622758972942379,0.19878216955017544,0.38992893539151646,-1.9127635294507652,-0.12742685461452205,0.5500069317208972,0.3574947229112301,0.20113715951478564,-0.5279531127589491,0.1503075561849818,,,
4,4,clinical,elastic_net_cox,36,15,0.6517571884984026,0.553077017703321,0.20631869028367011,0.21842741861461715,0.7052517773719233,3.1441832491815678,3.121240024565555,0.21372633485900985,0.5110678530223952,-13.039437017844966,49.48733874239659,0.17939467280204363,0.35965972294752624,,
4,4,clinical,random_survival_forest,36,15,0.6677316293929713,0.48890480209731857,0.21667329713636663,0.2120772906177249,0.7139856102730257,1.301527809430507,1.682737308891551,0.21324693629446473,0.573908528379713,0.13797019592377824,1.125673955555078,0.22812202533881212,0.27896623413279314,,
4,4,clinical,survivalpfn,36,15,0.7188498402555911,0.6850557601072909,0.18973007097112887,0.20080759467241285,0.8047370033916768,0.9355599045988958,1.3202375058227487,0.19956105625173198,0.6849973142661195,0.24804679983789757,1.853351827954409,0.15899057670863861,0.9174003642785138,,
4,4,clinical,xgb_aft,36,15,0.5447284345047924,0.5302254492644236,0.20347358676393643,0.22128585599492726,0.5505894188535895,-0.45197410857424075,0.37365876607699827,0.2204956732622407,0.49217860752689313,0.28856313333133665,0.5704868912908311,0.15161714453633698,0.8783202486110758,,
4,4,clinical_plus_pathway,elastic_net_cox,36,15,0.6773162939297125,0.6193475453398276,0.19886228197513436,0.1983523142772064,0.7482233064419969,1.106385189914301,1.4565029224116595,0.2164069229394269,0.5831065858748042,0.25190486042927557,0.6490734657869851,0.1642829677444771,0.7647674528956907,,
4,4,clinical_plus_pathway,random_survival_forest,36,15,0.6325878594249201,0.5049348731052725,0.225585612453394,0.204381023175173,0.7120643534979709,0.5662570641193906,1.2454111920282083,0.24478570642891143,0.2829771985633517,1.9285211060313103,-2.0673004890528692,0.20839001378058022,0.12053498870964195,,
4,4,clinical_plus_pathway,survivalpfn,36,15,0.7060702875399361,0.631802835864833,0.1991942823309079,0.19525809401695413,0.8090747506312389,2.3249544625229466,2.49091381126816,0.21071171308757355,0.6553445056715197,-0.06176761385442976,1.1849577580428496,0.18009560913153055,0.8062212525058905,,
4,4,clinical_plus_pathway,xgb_aft,36,15,0.744408945686901,0.5897241055508082,0.19691977590191853,0.16508289592710723,0.8237110464085052,1.61629232865776,2.0386333800973455,0.2205024053807807,0.5693208128584535,0.090966811723564,0.5767439178112621,0.1815913969190056,0.4677272240025592,,
4,4,clinical_plus_recast,elastic_net_cox,36,15,0.6485623003194888,0.48259131416071693,0.20388084627105943,0.2080803397869278,0.7488027722780957,5.691401220035189,5.131422627560053,0.21232987067136935,0.49484464768512604,-0.3866621207768386,2.7165745102834147,0.18278330395457115,0.35965972294752624,,
4,4,clinical_plus_recast,random_survival_forest,36,15,0.6134185303514377,0.5527113828069233,0.20774234722094834,0.2127327507579367,0.6624650457604504,1.4176051537885495,1.8424400368699865,0.2151838376297519,0.5654540155122327,0.02275534590742437,1.2418615667332642,0.18786896286635285,0.8382940381195996,,
4,4,clinical_plus_recast,survivalpfn,36,15,0.7156549520766773,0.6189819653127345,0.19429833954001616,0.19859561308544219,0.788375831696546,1.8440710749617324,1.8819805784157067,0.20237329894648515,0.7303672410388462,0.15557976525783138,2.09618253279099,0.1738511471816523,0.8773741537870376,,
4,4,clinical_plus_recast,xgb_aft,36,15,0.5782747603833865,0.5125380748497723,0.23149026127066502,0.2227109405879525,0.5767391194645061,-0.41271207173706037,0.41454533851865394,0.2611161202324365,0.4010869827165222,0.617366933898419,-0.22820956382411697,0.1810178640298345,0.6756596425076599,,
4,4,full,elastic_net_cox,36,15,0.6261980830670927,0.614174623230047,0.20735734201026781,0.20578746265685244,0.7003782588955108,2.4168522117322664,2.586387013652777,0.21826605605255234,0.5866212068214035,0.18973714107670495,0.7275182461184255,0.18710979327911403,0.6893668167107715,,
4,4,full,random_survival_forest,36,15,0.645367412140575,0.5123388330538705,0.2266807603749904,0.20840751673141888,0.7100738759274975,1.1375911243395675,1.661547411997865,0.2455545867949781,0.3711837561897024,1.6283633548193404,-1.9550444783730225,0.20720635117858666,0.31938324291086967,,
4,4,full,survivalpfn,36,15,0.6964856230031949,0.6622441848178864,0.19981190402284868,0.1957696886626937,0.7909832829260338,2.040085109895015,2.488073034776992,0.2104110861421427,0.7227950654367953,-0.38227510072372173,1.5188475196187339,0.1826557551444157,0.8773741537870376,,
4,4,full,xgb_aft,36,15,0.6230031948881789,0.5081142999006409,0.23838907192495454,0.18471073391176507,0.704317147628918,0.4847762332764397,0.8700485698463302,0.27498649076705284,0.3876877174643574,0.6843587763196775,-0.3427178744509045,0.2188725722539474,0.31591985652708243,,
5,0,clinical,elastic_net_cox,37,15,0.7021276595744681,0.6069290631031468,0.214505738617657,0.13596619379247316,0.7439842613576051,1.1960462786368775,2.6873313251290916,0.3484742479376658,0.31934328986134264,1.0213033217649568,-1.1369594243505803,0.02510826480282329,,,
5,0,clinical,random_survival_forest,37,15,0.6666666666666666,0.6403932716276911,0.20803642534110475,0.14124515564616855,0.6978334621284303,0.010098878837272701,1.3502553097841588,0.3193511226868365,0.5214163139179058,0.5416712972214276,-0.3870206549471835,0.052198300344577425,,,
5,0,clinical,survivalpfn,37,15,0.7092198581560284,0.6405066435688568,0.2130089975687153,0.13391945247808132,0.730414875116091,-0.20097164772188159,1.1373217117586607,0.33467315936492253,0.4887211629414322,0.41150940140516196,-0.24582512688466387,0.048770219066934864,,,
5,0,clinical,xgb_aft,37,15,0.6134751773049646,0.5140149197042168,0.21120353685643126,0.15346785064294416,0.6757876677905391,-0.4976796802477052,1.3503390517872087,0.33477633398507933,0.42232921350955877,0.7027943630568371,-0.3949967987576208,0.02179362881262223,,,
5,0,clinical_plus_pathway,elastic_net_cox,37,15,0.5780141843971631,0.5366672112468872,0.2988298361330684,0.16317483877979844,0.549397343767609,-1.3411627587493606,0.1505445572350416,0.5039367527105708,0.2398340742857619,1.4172714334041805,-0.8436801749447326,0.024271000331333517,,,
5,0,clinical_plus_pathway,random_survival_forest,37,15,0.49645390070921985,0.4571154845916496,0.23136513620286697,0.15440960055110356,0.5702304326498794,-1.3806571390007831,0.1269378647075723,0.3610024427924212,0.3877200018777628,0.7620454572406978,-0.9744274699588527,0.04904605867552196,,,
5,0,clinical_plus_pathway,survivalpfn,37,15,0.7198581560283688,0.6741593354556996,0.18907401595669798,0.1420907932379586,0.7455535783104204,-0.14082246715854002,1.300351585051445,0.2946126935297568,0.4857273130140174,-0.09279075291189491,0.672772162723894,0.024979883529319756,,,
5,0,clinical_plus_pathway,xgb_aft,37,15,0.5673758865248227,0.5413788337525846,0.3067894199927854,0.1708167056477115,0.5921811207006833,-1.2513784593516437,0.1337931184657325,0.46011110365515384,0.37984058588555597,0.3894943222718598,-0.31569370648015976,0.13611876701312237,,,
5,0,clinical_plus_recast,elastic_net_cox,37,15,0.6737588652482269,0.6253709799034985,0.22517406669833337,0.14004081752957415,0.6693101395357433,-0.054988136510039524,1.3136467444256126,0.36791169310977256,0.39544448630051393,0.775923320916954,-0.6866285220110724,0.024832063044214012,,,
5,0,clinical_plus_recast,random_survival_forest,37,15,0.6666666666666666,0.5627566025272673,0.18050527969477204,0.14185473566383458,0.7493800270864186,1.0980034979636684,2.4635976370118966,0.26881972036438156,0.5916247880232836,-0.2403378283228167,1.7327354558618975,0.04252694238649041,,,
5,0,clinical_plus_recast,survivalpfn,37,15,0.723404255319149,0.6555148379259723,0.20214327483492434,0.134964968227606,0.7155442663297438,-0.12949166792547775,1.1580485965218137,0.3175075256861389,0.4411009679216243,0.43508610538512765,-0.29234877217106897,0.03859307973981354,,,
5,0,clinical_plus_recast,xgb_aft,37,15,0.524822695035461,0.4619533558188373,0.21617368364363837,0.18265947989228498,0.6135235810295036,-1.4410496491816744,0.12695581735369718,0.3277476872287098,0.4518271386423204,0.6491440664394139,-0.38657976775606195,0.02653988022484899,,,
5,0,full,elastic_net_cox,37,15,0.648936170212766,0.5765495486441627,0.2477450182618049,0.14997919924252706,0.6499739892669026,-0.7775895368722147,0.6930610915740945,0.41365717779722105,0.4119431869363395,0.647576899896244,-0.26846080138703754,0.0136865182102503,,,
5,0,full,random_survival_forest,37,15,0.5283687943262412,0.45714782838629187,0.21504948227152812,0.1510813091153251,0.6301918905097416,-1.0555135192376872,0.4042125101908165,0.3312347762295743,0.3808262143303882,0.4917949399432716,-0.5128182581555387,0.04664706751163873,,,
5,0,full,survivalpfn,37,15,0.7304964539007093,0.6673317778253728,0.1886849297366211,0.1418598086879914,0.7647989592972309,0.28779702836462373,2.0440182749824105,0.2961257918530569,0.5637103162956015,-0.3854440365841416,0.9842024799051033,0.020628326552379297,,,
5,0,full,xgb_aft,37,15,0.4432624113475177,0.4684470601974154,0.22079509870909586,0.1826772786229891,0.47561717782685337,-2.1283638397682707,-0.5866489286693234,0.3395495237927101,0.41120285472095613,1.286713804242021,-1.1127014805217674,0.02140406862797419,,,
5,1,clinical,elastic_net_cox,37,15,0.6498516320474778,0.7056012211618482,0.1265326188641344,0.21135779130818136,0.6872016525332744,0.2010882507032142,0.936462412816374,0.09970338679793488,0.9421728765366649,0.29779401289300217,3.284138300160114,0.09536591055248649,1.0,,
5,1,clinical,random_survival_forest,37,15,0.6172106824925816,0.5953657638051819,0.1820868976231731,0.2136073914354337,0.6729974930813953,1.5739703739889186,2.1084890174297257,0.15044796768920862,0.8108888600261949,-0.33940227697977093,3.886343693834727,0.21384426367884135,0.47029036209599534,,
5,1,clinical,survivalpfn,37,15,0.7151335311572701,0.7498925405232933,0.14309770175839434,0.19667406190671893,0.741804543222005,1.3111868050453463,1.9125571668372268,0.11782841162295211,0.9703682086578319,-0.33918082229985563,10.471006354103114,0.14005992188095423,1.0,,
5,1,clinical,xgb_aft,37,15,0.5281899109792285,0.5183732695962481,0.17958813207842755,0.21903957887912673,0.5534365313178053,-0.6902505631483244,0.22495335479689232,0.13962607251751086,0.664173278279215,0.0021414049988942386,1.4749136600927022,0.22006080439956177,0.24834955643606255,,
5,1,clinical_plus_pathway,elastic_net_cox,37,15,0.658753709198813,0.6976392452496906,0.16784025750532383,0.2073515225127612,0.6978394032294204,2.1894454223015325,2.703343722283858,0.1443111505947398,0.7957169402386643,-0.5103412531256873,2.8382288940063334,0.17538720631905455,0.8454876219476929,,
5,1,clinical_plus_pathway,random_survival_forest,37,15,0.5667655786350149,0.5974614830101189,0.1727758255092804,0.20906104235388945,0.5840690617319864,1.7279236524763562,2.3002093521827973,0.15721823428556544,0.7810507039161052,0.42291558390032297,1.0011494704181463,0.16760579111210117,0.9110789503701359,,
5,1,clinical_plus_pathway,survivalpfn,37,15,0.6468842729970327,0.6847833454444521,0.15058748146177187,0.2012879718750694,0.6874067474642032,0.33948145046882744,1.2575286589854269,0.1219417582170874,0.9147311378275831,-1.1735434645300178,4.339888146292183,0.15717843753784336,0.9551751520505204,,
5,1,clinical_plus_pathway,xgb_aft,37,15,0.629080118694362,0.5713762886207041,0.144377685792667,0.216597655346399,0.6863932166159695,-0.35748882810182453,0.4537582957345201,0.10491701781529922,0.953495540949581,3.4738521815020964,4.618108329933307,0.15107905219367038,0.6860155173914165,,
5,1,clinical_plus_recast,elastic_net_cox,37,15,0.6350148367952523,0.607602949678401,0.18138839437786644,0.21849488134100498,0.6782554777083981,18.55990596062948,15.758814465599151,0.1615051465955986,0.8887258583395024,-82.43115236937987,303.72447535243776,0.18404840297926361,0.6722003575286397,,
5,1,clinical_plus_recast,random_survival_forest,37,15,0.56973293768546,0.5004604343125348,0.1939522549343439,0.21294534541126686,0.6148212953055918,5.643223608902203,5.287505857272285,0.18807666160655004,0.5733451292448968,1.2476358001922319,-1.5347608897224363,0.1867103511130087,0.3519034294808823,,
5,1,clinical_plus_recast,survivalpfn,37,15,0.685459940652819,0.7329149215732224,0.15307914977873244,0.2055273979805716,0.69971530186164,0.9358165043370064,1.4725073680634606,0.12393689173263252,1.0,36.63886426244911,411.1115779067642,0.15891541766909303,1.0,,
5,1,clinical_plus_recast,xgb_aft,37,15,0.6201780415430267,0.5947818014418215,0.17877848151245054,0.20089690371981936,0.6785094255218261,0.2759337035648891,0.9290228091123445,0.1465067172690794,0.6497937084576254,0.3882627485486784,1.3098511487259978,0.22120358779182397,0.2659360959094174,,
5,1,full,elastic_net_cox,37,15,0.6261127596439169,0.6788577619339718,0.16216183428725162,0.20963951025598695,0.6488907028294686,1.6264486539463459,2.15956707119449,0.13613285246878523,0.782582313277262,-0.9291378571761247,5.365295940202974,0.16674212195544902,0.9158362310424581,,
5,1,full,random_survival_forest,37,15,0.6646884272997032,0.653755993288819,0.1831873630697642,0.2006079119789474,0.7160607005418791,3.227534946333809,3.700974181994851,0.17552789188916823,0.7049220813268533,1.2209810307176454,-0.7101332396718371,0.181085756521773,1.0,,
5,1,full,survivalpfn,37,15,0.655786350148368,0.6873683063775443,0.16327387715976996,0.2012339647290697,0.6823004749620762,0.5424264861619905,1.6434748340091927,0.13689154288309527,0.8422213992890835,-1.6757436788689009,3.8014712923436376,0.17807845814381965,0.9158362310424581,,
5,1,full,xgb_aft,37,15,0.6261127596439169,0.5877693004174094,0.1616378659341082,0.19592329524564886,0.6628586479447903,0.039368604866517026,0.8861766622558825,0.11930432926909681,0.8211734828500382,0.008478595876265146,1.9991101421919006,0.21201950995259025,0.5310880944506883,,
5,2,clinical,elastic_net_cox,36,16,0.6666666666666666,0.6622343732492059,0.16005745090265905,0.16741508395950108,0.6639093629567198,-0.11378848669108353,0.8895767587405627,0.2270427163588746,0.08299443137498197,,,0.018729286933385863,,,
5,2,clinical,random_survival_forest,36,16,0.5428571428571428,0.5429111213108017,0.1403329392816252,0.19025739921949913,0.5401572402422763,-0.7068908548008821,0.34241666334516724,0.16281599573286643,0.42710990182766784,,,0.045442366441268936,,,
5,2,clinical,survivalpfn,36,16,0.5841269841269842,0.5719394648601231,0.17084339012033267,0.18913290806611902,0.5861191809834161,-0.5585236152181879,0.41406901064883017,0.2246919552108009,0.12448285217394858,,,0.04485674199360981,,,
5,2,clinical,xgb_aft,36,16,0.5571428571428572,0.5575149674818931,0.1057013281162677,0.1927972288318434,0.554695076572188,-0.8587222540747368,0.3003040757303517,0.10662581104423637,0.8257979392502177,,,0.01675646154475462,,,
5,2,clinical_plus_pathway,elastic_net_cox,36,16,0.653968253968254,0.6215022984657945,0.14602255915797274,0.18146052730400344,0.6703357456641131,2.2523398403616617,2.8949942754980476,0.18818390608402458,0.041148351776024265,,,0.026261897159838465,,,
5,2,clinical_plus_pathway,random_survival_forest,36,16,0.5301587301587302,0.5786667649407389,0.142105932905704,0.196581259941225,0.4584685044769817,-1.5450926479585836,-0.3384037077132116,0.16562740955537955,0.5026430833433974,,,0.04058765257083187,,,
5,2,clinical_plus_pathway,survivalpfn,36,16,0.638095238095238,0.6697575814405935,0.14447631105218237,0.1922027883929628,0.594431886564001,-0.6528187626361527,0.4208053583614311,0.17980430152233576,0.23570028456369685,,,0.02609385277109511,,,
5,2,clinical_plus_pathway,xgb_aft,36,16,0.5650793650793651,0.5878954011455243,0.12491783793480016,0.19854089575491626,0.5001475973494809,-0.9878220892740011,0.13576091586639102,0.1361437543029756,0.6680601408744279,,,0.028842947378333192,,,
5,2,clinical_plus_recast,elastic_net_cox,36,16,0.5682539682539682,0.5891650890764725,0.164399615455947,0.17627142411431299,0.5585161149414515,0.06709438979173592,1.0596488613553334,0.2269693577584379,0.0,,,0.02738832219259913,,,
5,2,clinical_plus_recast,random_survival_forest,36,16,0.5111111111111111,0.5865451425938982,0.14857358886945587,0.19335811095000488,0.423769155265989,-1.6335883952351553,-0.40673349401021225,0.17612242439102438,0.32449381849157877,,,0.04869139574576978,,,
5,2,clinical_plus_recast,survivalpfn,36,16,0.5873015873015873,0.5960504001007151,0.17052303722177908,0.19116235528866335,0.5652681370480543,-0.587603363799436,0.3852297265325718,0.22330252974773757,0.0648238035574147,,,0.04432473410297802,,,
5,2,clinical_plus_recast,xgb_aft,36,16,0.49523809523809526,0.5878147625119501,0.1888076578644509,0.25566749327635163,0.3925197859745157,-1.4846157111965907,-0.18716924294482218,0.21828686281067566,0.3009498923774613,,,0.06298941256010065,,,
5,2,full,elastic_net_cox,36,16,0.6507936507936508,0.6143140252439803,0.14602256222341908,0.18146052905411023,0.6713005930930208,2.252338744081126,2.8949933976197486,0.18818391387707156,0.041148351776024265,,,0.02626189208542288,,,
5,2,full,random_survival_forest,36,16,0.5111111111111111,0.5872934838857906,0.1399884274643933,0.19561155581930675,0.4215628222529861,-1.436218928898025,-0.2523102236305898,0.16462736515645618,0.30019751390066685,,,0.03508742372535412,,,
5,2,full,survivalpfn,36,16,0.638095238095238,0.6706321452779026,0.1363348361528171,0.18708545718982658,0.5896442033008948,-0.44183203116177794,0.6293325271823319,0.16770174585325817,0.041148351776024265,,,0.022850395714925562,,,
5,2,full,xgb_aft,36,16,0.4857142857142857,0.5240934273402358,0.13281529778776335,0.21419605545937462,0.39790240400555105,-1.7950523222817092,-0.5799756481520235,0.1460736149409375,0.22172686421334759,,,0.0249179058098038,,,
5,3,clinical,elastic_net_cox,36,16,0.6215277777777778,0.6920552051119524,0.2343290115562316,0.1508307325876642,0.5979938296375844,-1.0496353810330463,0.42093716721112756,0.28523561302265343,0.7931487693862734,-0.14342013139722815,1.257306617594456,0.21601408759195528,0.8119708218197951,,
5,3,clinical,random_survival_forest,36,16,0.6024305555555556,0.5755034975556947,0.22736996558117725,0.14909683511670202,0.6215037572412828,-0.5484001759332116,0.9239262645151428,0.30277392233899864,0.6503269503685717,0.07880976293494905,1.0111652007271148,0.1548351825300097,1.0,,
5,3,clinical,survivalpfn,36,16,0.6041666666666666,0.6015337955332848,0.237416271771265,0.14385919389504292,0.643979282841378,-0.48455402058152547,0.9007872031470532,0.3196462515423009,0.6084227066572326,-0.15916331816564477,0.9406759844003336,0.16651339010541535,0.7826411810253145,,
5,3,clinical,xgb_aft,36,16,0.6857638888888888,0.656631061747924,0.2558171611310282,0.14791799564479977,0.8180447416678728,-0.6129503861272096,1.356227848040702,0.35498889323819194,0.6698523309156874,-0.4382313710901254,0.6048737974967127,0.1653728624029292,1.0,,
5,3,clinical_plus_pathway,elastic_net_cox,36,16,0.6458333333333334,0.6719985882993217,0.24458407530717466,0.14975685744055994,0.6057294133854201,-0.1331461018799752,1.274195479356758,0.310757577005297,0.7661516073222113,-0.7874308700991478,2.9377206322678,0.20706428977754465,0.6801246691450248,,
5,3,clinical_plus_pathway,random_survival_forest,36,16,0.6319444444444444,0.6214651482112533,0.27155769577366967,0.14686356708691256,0.6707383308180549,-0.10831717757381364,1.343506134286522,0.35448311695845325,0.627661083462643,-0.0967343711821613,0.15417249361766047,0.23040098209085982,0.7826411810253145,,
5,3,clinical_plus_pathway,survivalpfn,36,16,0.5763888888888888,0.6089358790060585,0.263887679407869,0.16135017702792886,0.5412806964360508,-1.1878407402330649,0.33072821989182666,0.34998103192626995,0.6388674955168463,-0.23497294697635276,0.45022693311671796,0.19423847675100744,0.6539912778765505,,
5,3,clinical_plus_pathway,xgb_aft,36,16,0.6215277777777778,0.6486309357874438,0.28010371161671505,0.1756768238511923,0.631150232014915,-1.075916210730662,0.3187581368519745,0.3368207458957066,0.6911326817077194,0.021226384362922842,0.3018444050266471,0.27109653082425483,0.7826411810253145,,
5,3,clinical_plus_recast,elastic_net_cox,36,16,0.5069444444444444,0.6073853820133497,0.2509290813179124,0.16986324045317783,0.46018879403190655,-1.731788692321045,-0.13307293090327185,0.29304458403141004,0.671109952713721,-0.1067235849216636,0.9090873687756941,0.2477639167556518,0.5496354790046869,,
5,3,clinical_plus_recast,random_survival_forest,36,16,0.3368055555555556,0.4480338246775151,0.29103695450161937,0.1890085143096027,0.2796454232392192,-3.9141076759054725,-1.9030564300356838,0.3670945557311872,0.6128011485923647,0.008813286185234519,-0.4101452697528417,0.24095019223450043,0.45910635595177746,,
5,3,clinical_plus_recast,survivalpfn,36,16,0.5555555555555556,0.5556494411739392,0.26506104102982875,0.1524186269563251,0.5884745355307743,-1.055625485738392,0.355655613566993,0.3506564166675604,0.5129995960446347,-0.08198572337585007,0.2778263106486776,0.20651270382786902,0.5528661862967855,,
5,3,clinical_plus_recast,xgb_aft,36,16,0.4409722222222222,0.4532507321058239,0.3619388325240322,0.20161678834554508,0.4179830344267946,-2.464947924821876,-0.5413155935312723,0.5016183515831932,0.30816785002598984,0.25897747464298937,-0.9261146377664083,0.2429018385841973,0.5083742958494669,,
5,3,full,elastic_net_cox,36,16,0.6145833333333334,0.655290170995364,0.24005032463519332,0.15085497775756979,0.5654916918749119,-0.4742233170713286,0.9654832263524682,0.3025161861821655,0.7755830332060436,-0.8490550461203207,3.2081734364070282,0.20431394841887238,0.6801246691450248,,
5,3,full,random_survival_forest,36,16,0.5798611111111112,0.6336857136674229,0.28399853315097207,0.16264029989255852,0.576941826503788,-1.2933282688059258,0.23910149941441677,0.3654324104258555,0.6609583660633415,-0.05341259906579656,-0.030993828537489325,0.24248901185961882,0.6790838530314092,,
5,3,full,survivalpfn,36,16,0.5416666666666666,0.5801742292850652,0.26777817145735094,0.16694741259109774,0.47358227480580334,-1.4472589480973757,0.10197571921343597,0.35296024595420533,0.6060490860732675,-0.2914634108946877,0.5108814059234954,0.1982447813298954,0.6539912778765505,,
5,3,full,xgb_aft,36,16,0.5243055555555556,0.5105588400771137,0.3006834042963574,0.16937211352062662,0.6348839019799607,-1.381876353509397,0.1894658793645507,0.40705701441557296,0.5133838353786225,0.2489813273545349,-0.3728453977425403,0.2192474748336571,0.19350931210691447,,
5,4,clinical,elastic_net_cox,36,15,0.4264705882352941,0.795021563368986,0.34324373569219396,0.19765572260727604,0.3870140823672766,0.1696702122938883,0.7888494659662553,0.30032867745582,0.2736815005350015,-0.8126410896462835,0.6299434129130558,0.5746618652498598,0.7898409998138378,-0.38244324718142186,0.5271289293990674
5,4,clinical,random_survival_forest,36,15,0.40808823529411764,0.7945881822436621,0.3421182886885007,0.21905139008939745,0.3358259348625102,-1.7232123647944264,-0.5930788247327552,0.3145354173170625,0.3667050571680711,-0.36984089451313173,-0.559675110357316,0.5203509300304803,0.8036680103240522,-0.3140047505558939,0.6813025420152294
5,4,clinical,survivalpfn,36,15,0.45588235294117646,0.5551566732569218,0.3639927254370084,0.22069490493677277,0.4342608897562806,-1.320378901435003,-0.3204304985442022,0.3190466664463161,0.4268931409309361,-0.44587520774584066,-0.26380379770157975,0.5971826639186286,0.6387091756491569,-2.3064962929087476,1.6253448282435192
5,4,clinical,xgb_aft,36,15,0.29411764705882354,0.46679777457131366,0.4778179441623263,0.3318068510041473,0.22351064712832466,-3.010922703266441,-1.262743234037116,0.42860669386655054,0.13699591353861418,-0.13044140798073872,-2.2345706077190632,0.7222515379120569,0.38133000542627005,1.7254336755861062,-0.9584578439518336
5,4,clinical_plus_pathway,elastic_net_cox,36,15,0.375,0.7786961421703101,0.34420798452229034,0.21121085902660597,0.3722660788449188,-2.4207123417490513,-1.0885614490910676,0.3371712169293617,0.3099999594777777,-0.020810461903483957,-1.4649220817337603,0.4912786452038319,0.8314290187431511,-2.2252882235597164,2.327468460547079
5,4,clinical_plus_pathway,random_survival_forest,36,15,0.6911764705882353,0.5169351842893924,0.2877346079006385,0.18540996625241477,0.7963308453400013,3.330225234626288,3.1257353735615894,0.23441256024398152,0.7816131044172709,-1.4997513218708673,3.6504968425534607,0.49670334486217615,0.5825757749678518,-1.0102758719194462,1.6431167600796939
5,4,clinical_plus_pathway,survivalpfn,36,15,0.44485294117647056,0.3507701717808985,0.36377405967004395,0.2027708436480292,0.5041141097234162,-0.5214957166236127,0.1836478955264366,0.3093987803853697,0.42770625820757047,-0.41517167231441543,-0.5648079344647478,0.633527834261407,0.46583235110429255,-1.089576734222168,0.8144324469090408
5,4,clinical_plus_pathway,xgb_aft,36,15,0.4485294117647059,0.3561076784583894,0.3455739519252513,0.23017564223345652,0.429841598163541,-1.6566343206684844,-0.5647732069917833,0.28985481095095383,0.5541191286823116,-0.529774373361504,0.01722161117661634,0.5724105435656411,0.4764683352648188,0.5246293852333104,-0.2553767541413637
5,4,clinical_plus_recast,elastic_net_cox,36,15,0.4227941176470588,0.7956216986441018,0.36057300148265525,0.2110966078648938,0.4006706260864882,-2.96573863709125,-1.5822361173751276,0.34710645049454547,0.2897405586633007,0.4920142965964769,-2.0660468391218685,0.5369824970766364,0.8042090932349077,-2.89450449857414,2.5122325159288663
5,4,clinical_plus_recast,random_survival_forest,36,15,0.5183823529411765,0.3230152729150335,0.30638656877553583,0.2047447810025769,0.5296721916247695,-1.5461357696419848,-0.5499300167119581,0.2717669094423948,0.5880305767792265,-1.071749885211604,1.6014901234549692,0.47726767521477687,0.44486387543171224,-0.7177545205462901,1.5668980861063222
5,4,clinical_plus_recast,survivalpfn,36,15,0.4889705882352941,0.574171635032867,0.3758181758797247,0.20818389406752544,0.48874342792955044,-0.7801059749233358,0.021520832687510014,0.32744062063724,0.5125010384031351,-0.41290222101031665,-0.24547763365251157,0.6402075681768936,0.6660957728318444,-1.5934213280037952,1.0383769925981672
5,4,clinical_plus_recast,xgb_aft,36,15,0.3786764705882353,0.25382263507415326,0.35782923315828685,0.28117510237772303,0.32575756264984923,-1.6041081390320162,-0.42597016004683436,0.291531267273665,0.5344775818367662,-0.5385051317744886,-0.050241245420276096,0.5670792957080946,0.32149656983165614,0.25056024048402353,0.04398139527216694
5,4,full,elastic_net_cox,36,15,0.375,0.7786961421703101,0.34420797955483956,0.2112108577727946,0.3722660788449188,-2.420714578284736,-1.0885628841826636,0.3371712092316581,0.3099999594777777,-0.020810451243658788,-1.464922085110598,0.49127864198324744,0.8314290187431511,-2.225288341626484,2.327468405216249
5,4,full,random_survival_forest,36,15,0.6985294117647058,0.5494876923914038,0.30480384838530994,0.19156461227927468,0.7796757943512166,4.959902011267485,4.377814232464197,0.25057058201095916,0.7781174736160998,-2.5117279793534637,7.458145207416876,0.5265096172400467,0.6053121923300187,-0.36642920144301067,0.7204877118081954
5,4,full,survivalpfn,36,15,0.49264705882352944,0.3695005087124603,0.3681975021957718,0.20006896774229205,0.5553230852869475,-0.6359301281151417,0.12284835546608844,0.3026348939443262,0.5069101689803948,-0.4599381527105467,-0.19549941505024632,0.6674512531521428,0.46583235110429255,0.9601927183857027,-0.3792459159700148
5,4,full,xgb_aft,36,15,0.5110294117647058,0.35048175970090967,0.2984888573705418,0.20715155469933377,0.5667831657994935,-0.41786687111282783,0.22029930910281348,0.25652704709851404,0.6199742521086427,-0.565472501729438,0.6125085103832253,0.4737497805858055,0.5509418804300585,-0.8095775429708436,1.6117643095958787
6,0,clinical,elastic_net_cox,37,15,0.40229885057471265,0.569813593813737,0.2851710471689345,0.19863702711269507,0.3085562017913609,-2.5191855153125475,-1.1084046245785268,0.39101310503783804,0.3973580733488143,-0.18112435968568244,-0.31861605499129236,0.16002095148736678,0.9072483965602387,,
6,0,clinical,random_survival_forest,37,15,0.421455938697318,0.536206085384159,0.2517367555688304,0.19037272850143386,0.38948678571030027,-2.015003495183504,-0.7451887953852673,0.30709310765956804,0.5462239108568172,-0.5619560038562833,0.4014790536124866,0.2023880784547516,1.0,,
6,0,clinical,survivalpfn,37,15,0.421455938697318,0.5416017883219787,0.26375179691549977,0.21462772386859774,0.3607149791072938,-1.9660790421245304,-0.6024584340426395,0.3447254803335577,0.5097960391748766,-0.3560440167810867,-0.1009827373378529,0.15092850312628597,1.0,,
6,0,clinical,xgb_aft,37,15,0.4559386973180077,0.47082117714556837,0.25101448934262055,0.2088845177865308,0.5071845973803473,-0.8310510631176139,0.05985930793273624,0.29622295867651316,0.5751257126643919,-0.35270151557767165,0.33138646052493803,0.20272752223092516,0.8080209374290055,,
6,0,clinical_plus_pathway,elastic_net_cox,37,15,0.3716475095785441,0.4502490169833562,0.27744289631605495,0.19135348516785308,0.2993310635481002,-3.359987135392039,-1.8332189328204302,0.35722657017261844,0.4268885656338772,0.11099854103012807,-0.860308653135752,0.20396495975112977,0.5556084271032926,,
6,0,clinical_plus_pathway,random_survival_forest,37,15,0.48659003831417624,0.47350998961957536,0.2559440086097681,0.1729350502231471,0.4569370449596929,-0.5970158671688385,0.2712207255879023,0.32082722423944854,0.5789650282698852,-0.5076413558232132,0.25359548975863166,0.20918653573702828,0.7043358964670097,,
6,0,clinical_plus_pathway,survivalpfn,37,15,0.39846743295019155,0.6464105036038427,0.2631739034845363,0.2120657562428028,0.30619746643917417,-2.376861319746826,-0.9080273494867737,0.32106471922370494,0.5108945339983236,-0.46907631134700856,0.2014940054450801,0.19850041924793246,0.847518166839165,,
6,0,clinical_plus_pathway,xgb_aft,37,15,0.5478927203065134,0.5173795355036686,0.21310115703150287,0.16740387575506727,0.5767916875989328,-0.4367723869531072,0.3752430657109199,0.24815694174888747,0.7577292870542708,-0.9474065869663947,1.7109104787586078,0.1886868688731693,0.7702615442327967,,
6,0,clinical_plus_recast,elastic_net_cox,37,15,0.36015325670498083,0.4211149378359273,0.26263755098143843,0.18820494220052958,0.32385967574499824,-3.0680159090061725,-1.6325866343016449,0.34081031509055193,0.3801444442979707,-0.21495801057324884,-0.34804775046890285,0.18072463154412022,0.5884383295332487,,
6,0,clinical_plus_recast,random_survival_forest,37,15,0.32950191570881227,0.30967313902752724,0.2688371427005343,0.20597408809464615,0.25644286648977327,-3.3821346237865955,-1.7981322123307557,0.31765059975084226,0.3870028806946692,-0.33420960171425873,-0.18128995738678427,0.2340732832058065,0.3158983329818593,,
6,0,clinical_plus_recast,survivalpfn,37,15,0.3524904214559387,0.5020180503089524,0.28304158781653815,0.22751566292590053,0.3181421088170961,-2.060766583995489,-0.640015591385242,0.36548717364942335,0.43991076324279826,-0.2957958935709726,-0.3173196876442263,0.17367634104140542,0.8785129942613433,,
6,0,clinical_plus_recast,xgb_aft,37,15,0.3793103448275862,0.3340319375070763,0.29073565558824943,0.20993043872667594,0.3690669236266507,-1.8500801845097943,-0.6702372942585773,0.3393239370933547,0.4713387457821323,-0.3358443261157156,-0.11220268895557568,0.2743643094396124,0.306515592199374,,
6,0,full,elastic_net_cox,37,15,0.36398467432950193,0.4471610622949557,0.27739921646049026,0.1913044643893942,0.29972200922600345,-3.311212343853869,-1.7956644661955392,0.3566572458248759,0.44079784448665327,0.09953757721596772,-0.8463046898559702,0.20497790980281494,0.5884383295332487,,
6,0,full,random_survival_forest,37,15,0.4521072796934866,0.3830117665746663,0.26265065591797904,0.17882371088892518,0.4171479053340555,-1.5835321049879092,-0.5148463753981984,0.32577809742970415,0.5350828130640204,-0.3299217685781713,-0.12263639128512051,0.22022271792358258,0.4813620064738368,,
6,0,full,survivalpfn,37,15,0.41379310344827586,0.5500795171330567,0.259832904045408,0.20019426693256,0.3739690575362759,-1.9979104534634549,-0.7648910529766365,0.31992408462701527,0.6053271553428059,-0.6647419792742701,0.5410039210999521,0.19928917999504142,0.8796881212304781,,
6,0,full,xgb_aft,37,15,0.48659003831417624,0.541720174010713,0.24005730138059808,0.17596617114975183,0.5427979100593535,-0.5572724481107265,0.29055957695983925,0.29633055016549104,0.6026570086054028,-0.761909876665696,0.7646724862479117,0.19160193404165834,0.6791633866765006,,
6,1,clinical,elastic_net_cox,37,15,0.6883852691218131,0.614997382506514,0.24007665645343415,0.20492147797488874,0.7834731834922577,0.03287123203152982,0.9602492843063375,0.17685642003128219,0.682342654508801,0.6138052971151016,1.2111229940953763,0.40167230777628365,0.682342654508801,-0.41376934704914925,0.30505856967627587
6,1,clinical,random_survival_forest,37,15,0.7082152974504249,0.612841576238951,0.24363784827406407,0.18835681980018562,0.7783976482321393,1.7314477460605016,2.5804770411629447,0.18182058705679868,0.6309728825681227,0.8723900779263336,0.6633392641915763,0.4225533991824734,0.6309728825681227,0.8257042438945109,-0.4725590970376641
6,1,clinical,survivalpfn,37,15,0.7563739376770539,0.6682026727254382,0.20977669442661215,0.16949521111627197,0.8096941576391559,1.2081538081131205,2.330908869751304,0.1549380506558648,0.7492560205663105,0.45824901521872585,2.043633931841897,0.35973546527844696,0.7492560205663105,-5.536868585328154,3.610627538846652
6,1,clinical,xgb_aft,37,15,0.7067988668555241,0.5997103501880661,0.24869209897194433,0.19580704649751732,0.7766543882235822,-0.33263870144044394,0.7608194995690135,0.20305805174764663,0.5975345810702308,1.0695659383988565,-0.08415893840342147,0.39284524589496694,0.5975345810702308,0.16277688318035638,-0.04822218910035719
6,1,clinical_plus_pathway,elastic_net_cox,37,15,0.5325779036827195,0.5085996477078026,0.24662169047204566,0.203273824653745,0.5222485608380422,0.890542426455682,1.7384374412357093,0.17954867154961116,0.38013404824786234,1.7964691714601482,-1.8663997952796734,0.4241155941352154,0.38013404824786234,3.109776059588739,-1.6246925670088874
6,1,clinical_plus_pathway,random_survival_forest,37,15,0.47875354107648727,0.5128820684593806,0.2460221223652631,0.22539193027636917,0.4237946366287753,-1.6745086114711558,-0.44868501198126853,0.1924569026866382,0.39375457891207066,1.052231852771421,-0.08678129824859437,0.3737827538114069,0.39375457891207066,1.9505386929415203,-1.610328395961845
6,1,clinical_plus_pathway,survivalpfn,37,15,0.7025495750708215,0.6504381791683304,0.2239747894657607,0.18725389808870055,0.7308583155500084,1.385761014965086,2.4715781242875567,0.1524577014589102,0.6571205592766662,-0.5550189013724204,3.118838939630166,0.40372985685652196,0.6571205592766662,-14.519159353570785,7.914930391264785
6,1,clinical_plus_pathway,xgb_aft,37,15,0.5637393767705382,0.5468826030558789,0.3039085159337236,0.2306904876199422,0.5309039545455739,-0.9663235960352522,0.09807085180115496,0.26518674873299436,0.3286474837773778,1.5273527521733874,-0.9799833999946458,0.45457007864896365,0.3286474837773778,1.4146609260606553,-0.9507309915134863
6,1,clinical_plus_recast,elastic_net_cox,37,15,0.6770538243626062,0.568026532304854,0.23682649331869,0.1913891077064726,0.7914526363671724,6.580867563901228,6.803140111774407,0.17245630786055716,0.49790527524021827,0.5538925458678234,1.2576761644069872,0.41100424984717293,0.49790527524021827,-2.2424361713471015,1.2840932351964458
6,1,clinical_plus_recast,random_survival_forest,37,15,0.5694050991501416,0.5239370778329656,0.2391513456647248,0.20129908298535168,0.6326141718371925,0.10397392673591965,1.0609270735831022,0.1944560685977745,0.438001100575161,1.0300386184878911,0.001365262681687089,0.3663941624779985,0.438001100575161,1.8719910295416595,-1.638048671377143
6,1,clinical_plus_recast,survivalpfn,37,15,0.7365439093484419,0.6583038229902146,0.22354738022851817,0.17950951748975685,0.781803157887601,1.6857151671701582,2.712023640882805,0.15789461229185123,0.682342654508801,0.10981537790299388,2.169091979420546,0.3988907788406134,0.682342654508801,-5.891916101657552,3.329580786157052
6,1,clinical_plus_recast,xgb_aft,37,15,0.5580736543909348,0.5477064541496645,0.309412948203402,0.21253344177573755,0.5570575854783374,-0.8889065737645238,0.1816594137749071,0.2646369760735023,0.25702215825145025,1.4748170685279527,-0.5499872598643213,0.4958443988908656,0.25702215825145025,1.3941196072277098,-0.7465845382387563
6,1,full,elastic_net_cox,37,15,0.5835694050991501,0.5532155793230823,0.25528883591979723,0.19651919896839934,0.5657744469593174,0.9755546144808849,1.8996424654626085,0.18647548785100967,0.47739323100658776,1.2329788300489566,-0.4221975193161029,0.45168516900877015,0.47739323100658776,0.6287658294478269,-0.25125863638725493
6,1,full,random_survival_forest,37,15,0.48441926345609065,0.49898417891943814,0.24950533382741702,0.2197584355167428,0.44599010950046675,-1.700892541132466,-0.46385638322572187,0.18873059738734757,0.25724317997020024,1.113874538700631,-0.25527296893829887,0.40080170501823015,0.25724317997020024,4.2126331205956,-2.8575575458402325
6,1,full,survivalpfn,37,15,0.6827195467422096,0.6474399236770324,0.2351578857846132,0.19198995215970657,0.7045200754410035,1.2421505635068415,2.4419985371401025,0.1620874047131421,0.5568301356303618,0.46908157625826347,0.8512084509626515,0.424466781552462,0.5568301356303618,-5.734526011899923,2.889007527533699
6,1,full,xgb_aft,37,15,0.4475920679886686,0.4290343273420648,0.35218784925102736,0.2507508828413171,0.407952282079913,-1.5167515984331705,-0.20790835193797977,0.3203509858226209,0.06944794426537648,2.3688733632569106,-2.5404300328378797,0.5172985425175506,0.06944794426537648,4.45858849421444,-2.977021948659713
6,2,clinical,elastic_net_cox,36,16,0.6351791530944625,0.6582346294291218,0.12758153219199983,0.1989945673963628,0.6360505544248573,2.228715285396673,2.7110739138020166,0.14172445295028696,0.5959575000225151,,,0.027882655471062626,,,
6,2,clinical,random_survival_forest,36,16,0.5667752442996743,0.6111889025681613,0.14158504356193646,0.2085543966228587,0.4602174692686415,-0.9412688810338374,0.09028541902423712,0.15178831270753257,0.5578800663180861,,,0.05420915220982203,,,
6,2,clinical,survivalpfn,36,16,0.6123778501628665,0.6472030990736753,0.1271049915258892,0.20441638034772047,0.5584412930527008,-0.4859063545635417,0.4299373335347142,0.13859793297128367,0.6598884105367628,,,0.026807719813268946,,,
6,2,clinical,xgb_aft,36,16,0.5798045602605864,0.5902768661012716,0.10950692141397768,0.22845103378358514,0.48981967084726175,-1.0264941581242393,0.031484819423884404,0.09726199335902713,0.7068837018223917,,,0.015052665154271283,,,
6,2,clinical_plus_pathway,elastic_net_cox,36,16,0.5765472312703583,0.5888023477698495,0.1277685456824395,0.19162602025427822,0.6364571171594855,-0.23302744084822927,0.7057434620187554,0.15386078995598432,0.25686174012015733,,,0.011726582563511133,,,
6,2,clinical_plus_pathway,random_survival_forest,36,16,0.6938110749185668,0.6792396881841002,0.1207211982115596,0.18648928038226423,0.7633204053922011,1.6450106720993654,2.5090725003740344,0.12272542753355335,0.5718737544415142,,,0.0509446573968675,,,
6,2,clinical_plus_pathway,survivalpfn,36,16,0.6416938110749185,0.6822984998105603,0.10481956967411477,0.2007915129390108,0.6469405083356001,-0.1524339633407351,0.7457941850292605,0.09619416990537744,0.9483552536972716,,,0.026098425946693458,,,
6,2,clinical_plus_pathway,xgb_aft,36,16,0.6482084690553745,0.6424024957814878,0.12451674396499869,0.20810193445689584,0.6878018688294889,-0.19761727622175984,0.5359072794687599,0.10405500712571637,1.0,,,0.08185502715166619,,,
6,2,clinical_plus_recast,elastic_net_cox,36,16,0.5895765472312704,0.6054502610288014,0.13382200394282903,0.20654933670147263,0.5510623847830411,-7.497273419924992,-5.216591179668869,0.14839014899243877,0.2264398455118269,,,0.03195838108496599,,,
6,2,clinical_plus_recast,random_survival_forest,36,16,0.43322475570032576,0.3969501623466551,0.15120246241228003,0.20650763465635072,0.4685839035210697,-0.7206356556354386,0.29419109337758037,0.16779586661109447,0.08786300868469242,,,0.06271048177058042,,,
6,2,clinical_plus_recast,survivalpfn,36,16,0.6710097719869706,0.6753712979021737,0.12364219118659511,0.19518386765116172,0.6643114956725735,0.05481541919874591,0.8900546861392175,0.1379423957841837,0.31896315005957493,,,0.023500105526851285,,,
6,2,clinical_plus_recast,xgb_aft,36,16,0.501628664495114,0.4955199248776148,0.1175958497601548,0.21312413004948486,0.49024037067006687,-1.429389235676918,-0.40389884772652596,0.12072680258182629,0.2385756450399954,,,0.015805663827481775,,,
6,2,full,elastic_net_cox,36,16,0.5928338762214984,0.6304719647241775,0.12613755313118022,0.20165531429571268,0.5760578627157413,0.21407785050290531,1.0362751075436771,0.14014027635962567,0.5367245020065524,,,0.022614345509756738,,,
6,2,full,random_survival_forest,36,16,0.6579804560260586,0.6457581338807197,0.12186490715622789,0.18946796303068691,0.7725932032137355,3.758325536289658,4.423210905720821,0.11780109540936717,0.8882911188935502,,,0.06238947477549037,,,
6,2,full,survivalpfn,36,16,0.6612377850162866,0.7023425930860561,0.10193985455482256,0.1950936076382923,0.6659122100696724,0.2832478375374157,1.2114835567212356,0.09471979798194304,0.9483552536972716,,,0.023226214617111884,,,
6,2,full,xgb_aft,36,16,0.5570032573289903,0.5590008087230725,0.13491560222068605,0.21810751760115468,0.5931664817255328,-0.5227451577287286,0.3373825263553521,0.13801504137925502,0.7439780001785651,,,0.04552480852307954,,,
6,3,clinical,elastic_net_cox,36,16,0.6503496503496503,0.6408173367565739,0.2985143240685709,0.15670759707283588,0.7047769302146082,-0.6510704124244827,0.7156737036189701,0.4879771646463268,0.551325943661435,-0.08805810406053287,-0.3055286083729276,0.061395369908794205,,,
6,3,clinical,random_survival_forest,36,16,0.6468531468531469,0.5552102009649501,0.2613059604527791,0.14970604203208396,0.7698919549861315,1.7907362985334254,2.868562121171646,0.4162422745642577,0.5046633630328446,-0.7251169908217355,2.0570908724599803,0.06303325065051714,,,
6,3,clinical,survivalpfn,36,16,0.6258741258741258,0.6146567629683871,0.29360463899268646,0.14933888834877976,0.7048972826647895,-0.2593656341495979,0.8501186600214381,0.4622328568742043,0.48983127131313786,-0.2019887444073713,-0.10152133540870296,0.10061395387355766,,,
6,3,clinical,xgb_aft,36,16,0.583916083916084,0.5253284866646402,0.3330772148661371,0.16092844663059291,0.713115791813217,-0.7854895357027731,0.561558235587706,0.5465949915574244,0.3817473954216402,0.17798690668876793,-0.8573162154197056,0.0781904297191066,,,
6,3,clinical_plus_pathway,elastic_net_cox,36,16,0.5524475524475524,0.48287210459837165,0.40121628740077264,0.18873350505766406,0.5681834012064759,-1.3227880344410228,0.12218943066418171,0.6569554445699387,0.3962519907113389,-0.011396518443650663,-0.15916455811838343,0.10222075540554904,,,
6,3,clinical_plus_pathway,random_survival_forest,36,16,0.486013986013986,0.38649206578256645,0.377911871855607,0.16225138378605156,0.5797576697770016,-1.1470646263054396,0.3125061249488376,0.643269748664656,0.21474743787958459,0.9327016712691898,-1.6601961120040554,0.0628566063070645,,,
6,3,clinical_plus_pathway,survivalpfn,36,16,0.5804195804195804,0.5411940264357158,0.3187583115155952,0.1579287029460953,0.6110483090823726,-0.7563105295857201,0.672402172204631,0.5401016490541974,0.3236723951749968,0.5166353323682233,-1.1604670352982984,0.03690124500789045,,,
6,3,clinical_plus_pathway,xgb_aft,36,16,0.493006993006993,0.5376566150324394,0.4211523447630764,0.19235068174313089,0.5012914556634268,-1.4144012431026325,0.04955522059417571,0.6858855774399194,0.3246685798819225,-0.02631008061796291,-0.33619136604008204,0.12048754242933585,,,
6,3,clinical_plus_recast,elastic_net_cox,36,16,0.6538461538461539,0.6392147140677399,0.332073222970458,0.16497506639481813,0.7436383843450195,-1.0831215313117848,0.3231247195058928,0.5227915951083895,0.5276497047720834,-0.0777739583493367,-0.20306422708400518,0.11773463527023494,,,
6,3,clinical_plus_recast,random_survival_forest,36,16,0.5209790209790209,0.5587497338871418,0.2954660830928934,0.1580981783433774,0.5506444158407823,-1.0746704593963299,0.37217668806138954,0.46994947993378783,0.36056391117341036,0.14516655586182242,-1.3423957100063262,0.08386719416062047,,,
6,3,clinical_plus_recast,survivalpfn,36,16,0.548951048951049,0.5942380331588332,0.30779650475911957,0.15542274809639858,0.6132673688170407,-0.6761758388457381,0.5619294848231979,0.49658362441577025,0.4679912548535657,-0.12816597715790032,-0.580863401209825,0.08259602210853917,,,
6,3,clinical_plus_recast,xgb_aft,36,16,0.4370629370629371,0.3527339384833134,0.39973428842688263,0.2125175317368751,0.5209265296091579,-1.9947940555211652,-0.43765655453935304,0.6673666893917168,0.16066275874771238,1.3033387190190826,-1.8816239831648403,0.05168624318722148,,,
6,3,full,elastic_net_cox,36,16,0.5944055944055944,0.5482590046239274,0.37122656516631997,0.1707205022238283,0.6150081313274707,-1.1496251499413304,0.2209390927937108,0.5982597561769784,0.5078610770352955,-0.09551900337173036,-0.12783545784886136,0.1176662460874948,,,
6,3,full,random_survival_forest,36,16,0.45104895104895104,0.3592537594121663,0.38307103701077794,0.16498021013806038,0.5039376889110907,-1.4352023700766188,0.06407932011521845,0.6527338522602473,0.1441294221746765,1.4883753106537634,-2.515672685914501,0.06183623338455676,,,
6,3,full,survivalpfn,36,16,0.5209790209790209,0.5593980922151561,0.32258438002058243,0.1665802015835519,0.517496681875267,-1.2235167368230075,0.2673724322571022,0.5447093554308009,0.330387505777898,0.7936549541764656,-1.5603308094223813,0.0343386076371759,,,
6,3,full,xgb_aft,36,16,0.46153846153846156,0.48939047709476613,0.4734426036633082,0.20905714889542243,0.4800570774049503,-1.6162716353553732,-0.06189885854149671,0.788537452804153,0.20365906905827028,0.4357049506254521,-0.7375461065678628,0.1076383601495044,,,
6,4,clinical,elastic_net_cox,36,15,0.5985401459854015,0.6429442788476486,0.20489621561918347,0.17359516933046676,0.5678255227454354,-1.0942632675241788,0.14541161651272846,0.2020665522869146,0.6166516245605658,0.30467782440467206,0.704606057414805,0.241856588572438,0.5596615089380276,,
6,4,clinical,random_survival_forest,36,15,0.583941605839416,0.6235536284720551,0.17638561881594672,0.16365140558781371,0.5995863371226343,-0.37727622977093206,0.7281424288281926,0.17805456936107428,0.7659677955986466,0.22210134345753246,2.8634493486770807,0.18578193095382464,0.9569983920462812,,
6,4,clinical,survivalpfn,36,15,0.7664233576642335,0.7384532573386602,0.1756614734677643,0.1436560556636719,0.8039438802697036,1.32049530943733,2.1473903605823383,0.19151169253464,0.7700099917588829,0.22652802570236827,2.1295122426798905,0.17596645313810536,0.729454005842253,,
6,4,clinical,xgb_aft,36,15,0.5291970802919708,0.564882787295822,0.17688026434501763,0.17290756063174983,0.5081607370649736,-1.253807891877674,0.018125210288377692,0.17366144099314418,0.8007178429812738,0.49332681156003,1.0955560859235924,0.18729061476203235,0.6841817440194475,,
6,4,clinical_plus_pathway,elastic_net_cox,36,15,0.5145985401459854,0.5971025352295581,0.2106134023229586,0.21508333908982225,0.4606756395698563,-1.4149866660007189,-0.08196396018771332,0.2157625235671964,0.6819538505730949,0.3718782029906723,0.30905366225618897,0.1958452230676193,0.7626853792577956,,
6,4,clinical_plus_pathway,random_survival_forest,36,15,0.6167883211678832,0.5665187415524282,0.181861695169096,0.1552540036017253,0.7722723711350055,4.232312479786503,4.806674392500248,0.20409946454898323,0.6874760245912114,-0.03249736916725043,2.6617385730233623,0.16399384797669225,1.0,,
6,4,clinical_plus_pathway,survivalpfn,36,15,0.6459854014598541,0.6296517734522882,0.18400664934532673,0.15277354096923235,0.7223561077990415,0.7554191340040719,1.922062172850838,0.20270577136021586,0.7416865727326679,-0.14524616718528163,2.0390441169929496,0.1778415136916428,0.6152446413725645,,
6,4,clinical_plus_pathway,xgb_aft,36,15,0.6459854014598541,0.6269885014732118,0.14689578839962472,0.14908444302229984,0.7297634291492165,0.6175694680379484,1.3267176127954003,0.16843308126009998,0.7981186417050341,0.664367717035703,2.301505241391859,0.1016325480559991,1.0,,
6,4,clinical_plus_recast,elastic_net_cox,36,15,0.5291970802919708,0.6133765172980485,0.22935316717372384,0.18420227166728084,0.461988228072902,-1.4928260389657797,-0.15853832837978746,0.21818258422574446,0.6323132801479663,0.2689959567143326,0.5128680875323278,0.2968452285761256,0.4352723708067942,,
6,4,clinical_plus_recast,random_survival_forest,36,15,0.5547445255474452,0.5906161777887694,0.18185239960778696,0.16804065929988513,0.5132937935072642,-0.7977131767083943,0.3921463031966852,0.1881467148757958,0.8372327783410756,-0.10750394002114184,2.4338526947504486,0.18307550937967104,0.48822145610686557,,
6,4,clinical_plus_recast,survivalpfn,36,15,0.6167883211678832,0.6437167968645738,0.19372879161486437,0.1623626431661028,0.5822447300419623,-0.28675387650847733,0.8058818445202807,0.2060857760219417,0.6195539016357006,0.06691023018402388,1.3666661078301137,0.2003809712494714,0.4066149762734072,,
6,4,clinical_plus_recast,xgb_aft,36,15,0.6021897810218978,0.6419281698763319,0.1934183349492342,0.16580271201072425,0.5663582492185224,0.3765541454638169,1.7350502803460923,0.2032121989205385,0.7811208154208498,-3.695241878682519,5.076971433373555,0.20144622994513567,0.4433323071599637,,
6,4,full,elastic_net_cox,36,15,0.5036496350364964,0.5858075641620204,0.2111669207175819,0.22526783495396582,0.4255599076250462,-1.555363923804171,-0.15430078368494812,0.21413386155707892,0.6819538505730949,0.3763128452816746,0.1675496630638059,0.19113212480220373,0.7626853792577956,,
6,4,full,random_survival_forest,36,15,0.5693430656934306,0.48515696394100144,0.1887899338470356,0.15998600812884375,0.6828152648342651,0.6885453903528065,1.6285630392875963,0.21696489704672267,0.5897854199548086,0.1662301551916013,1.4926512300806734,0.16124393316585328,0.6480664756647385,,
6,4,full,survivalpfn,36,15,0.5802919708029197,0.5789682650548595,0.19191473702493397,0.16745224518367224,0.6000574397686107,-0.49518117350073476,0.8115817331644127,0.20675533917871597,0.6584973736751254,-0.497858879613432,2.00560970929048,0.18669602455863177,0.5722430334188457,,
6,4,full,xgb_aft,36,15,0.6313868613138686,0.5672092738252604,0.18631298461708143,0.15102598982557827,0.7060947210604829,0.8488471228124085,1.9787840778897452,0.20309872497446257,0.6330562558211099,-0.2369767757669244,1.2210045141716048,0.18802849869382238,0.6052139859292406,,
7,0,clinical,elastic_net_cox,37,15,0.580327868852459,0.5684423758023318,0.2480208986104254,0.18908113162776466,0.5659958474008147,-0.336348832807494,0.35108490574971984,0.3349728871797711,0.2828556339290477,0.9011425878941274,-0.6868674650792623,0.1330566884543946,0.7921649092735824,,
7,0,clinical,random_survival_forest,37,15,0.5950819672131148,0.588594978112872,0.22489644722827118,0.1921360943268352,0.6334793566432343,-0.38557313439461405,0.3380345309152784,0.24050731693734248,0.38370069975676996,0.5862543922336927,-0.2966300512006693,0.2264350607115645,0.6761968117736192,,
7,0,clinical,survivalpfn,37,15,0.5901639344262295,0.6080479772564766,0.22762784895409124,0.18092467060028683,0.5713390148754913,0.10904898916841627,0.6627887156658483,0.29388431130660103,0.38313658232829356,0.7395512984769165,-0.6810109364990039,0.14181810260287614,0.8726217114640918,,
7,0,clinical,xgb_aft,37,15,0.601639344262295,0.607364318029508,0.21939865767635372,0.19139564728964348,0.6483806626463042,-0.45430825663670454,0.3188958423842691,0.24698024017243456,0.5223940631025143,0.3950619747464957,0.18816976601094643,0.19223850307090243,0.692730448617842,,
7,0,clinical_plus_pathway,elastic_net_cox,37,15,0.639344262295082,0.5405933628691779,0.31554892045225874,0.17356103717780436,0.6879965187580683,-0.24206252864356562,0.48416905662787496,0.42861588016768787,0.2605083536147784,1.0388752306946065,-0.3104014765575334,0.2314028842958548,0.611643623936466,,
7,0,clinical_plus_pathway,random_survival_forest,37,15,0.6131147540983607,0.5559820143828306,0.20991209968315425,0.186973664212062,0.623680705946746,0.08182507173067535,0.7267938313849841,0.21588091788807526,0.3673781718578041,0.20795837986322463,0.9038245863534683,0.22091289874440453,0.08371390964932567,,
7,0,clinical_plus_pathway,survivalpfn,37,15,0.5606557377049181,0.5612083880209936,0.21547572255558492,0.19112501798479278,0.5552740150174154,-0.27756197358981316,0.3882031910317119,0.24776315525374604,0.393218127030035,0.8996596388722627,-0.8730697177075178,0.17525156173005488,0.7988683205394296,,
7,0,clinical_plus_pathway,xgb_aft,37,15,0.5770491803278689,0.5631614658332742,0.2921954338736115,0.2087249388425897,0.5710599747156795,-0.4894529171313778,0.1781146073358183,0.3072601075808091,0.4497785439256772,0.5696920049769372,-0.13647851599340463,0.3455365814902381,0.08443874580496641,,
7,0,clinical_plus_recast,elastic_net_cox,37,15,0.5770491803278689,0.5624585596207967,0.257914354853879,0.20224261901485163,0.548668975219994,-0.5719965865849155,0.16114846321595822,0.3469817290427821,0.26583321466681237,0.85575139134548,-0.7512678419849396,0.13545134231509995,0.7921649092735824,,
7,0,clinical_plus_recast,random_survival_forest,37,15,0.5967213114754099,0.6178882102569906,0.20275652316079978,0.1987726516992183,0.5418224704608307,-1.3820232098226433,-0.47329845214192345,0.2052034038910933,0.7536385260078429,0.8062765490838284,2.9157089450091647,0.2018466331617943,0.3841849670559784,,
7,0,clinical_plus_recast,survivalpfn,37,15,0.5278688524590164,0.5533749857990622,0.22758609649268835,0.20103662089182875,0.5191240506648597,-0.3285274307811219,0.3168353382393424,0.27750130929388733,0.26568772390388723,0.9226682996562642,-1.2672501157980987,0.15430514649114985,0.7499502026982815,,
7,0,clinical_plus_recast,xgb_aft,37,15,0.5901639344262295,0.6058920606844379,0.21402445982260146,0.23077448146851287,0.5609845719560804,-0.7356325224367322,0.0436963926511551,0.19674422630138833,0.7766608365840745,0.5898762663865992,1.1279401493136179,0.23183490521911626,0.4279353774250474,,
7,0,full,elastic_net_cox,37,15,0.6327868852459017,0.5612898985783197,0.3111039599531304,0.1942341228166831,0.6534655827918897,-0.42238027987439897,0.34751721488270576,0.4235324893804898,0.28720116244396815,1.0139812258432017,-0.20260368643344726,0.2031167382348587,0.7609933093292238,,
7,0,full,random_survival_forest,37,15,0.5442622950819672,0.5063393247721504,0.22165589193275043,0.19485348457077734,0.5052575101418338,-0.7094937054056639,0.07687978174684726,0.23116946056575427,0.38469536805709637,0.5230499370478028,-0.07797653793101796,0.22943116202871586,0.12629570062962925,,
7,0,full,survivalpfn,37,15,0.5442622950819672,0.5699092115446132,0.21313206531400752,0.19394580615977214,0.5325684351065061,-0.7209687114606534,0.06368894090578353,0.23923236901752776,0.4226728045224787,0.934613241235017,-0.8051147473768456,0.18011771706120241,0.7995931566950703,,
7,0,full,xgb_aft,37,15,0.5737704918032787,0.5797016516551681,0.27600267371754783,0.21441484033203928,0.5535578115110753,-0.3855619578698328,0.22251602963459582,0.26766409649359707,0.5669112952559586,0.48534074658119813,0.06022681823135154,0.3542676615509578,0.0,,
7,1,clinical,elastic_net_cox,37,15,0.6902654867256637,0.7241661706514347,0.1567794464948374,0.11621150530735472,0.7231473149904569,0.22493221343550127,2.325973872699066,0.21882140279182474,0.8421679292703106,-0.8106308178366975,3.7675078283668357,0.07326347508834546,,,
7,1,clinical,random_survival_forest,37,15,0.584070796460177,0.4844978891241948,0.19802369253563612,0.12566500640888392,0.5767623427935794,-2.016135141263432,-0.04348516411855757,0.275544152473325,0.6234446805700303,0.01542321021263873,0.5735366845685258,0.11534145878701067,,,
7,1,clinical,survivalpfn,37,15,0.6238938053097345,0.6749417749495449,0.16654759952139664,0.11631169163839923,0.6058262279832722,-1.2217659105933245,0.5815506517865394,0.23842324055548292,0.7472536920957589,-0.19239548263852246,2.2642768264972357,0.07303222533622152,,,
7,1,clinical,xgb_aft,37,15,0.41814159292035397,0.465004482867933,0.20891786908725246,0.15252909657756356,0.42570942880300544,-2.355111780486972,-0.43875735880182226,0.3300255122707233,0.372232312945018,0.9370212588627195,-0.8781125465461884,0.023091355229999756,,,
7,1,clinical_plus_pathway,elastic_net_cox,37,15,0.5265486725663717,0.5456340748691771,0.19528257321180048,0.13638977903396027,0.4399488724639333,-2.321551572661686,-0.31848635292674166,0.2982781670667224,0.5509044291480173,-0.007250043458945375,0.274951671529029,0.048184179679796775,,,
7,1,clinical_plus_pathway,random_survival_forest,37,15,0.3938053097345133,0.37090528223931274,0.24773153540349147,0.14694879823328785,0.3062081457861165,-3.252373555382636,-0.9727500882748439,0.38193724193571355,0.32836547687583206,0.9527916564506129,-1.2044600252516182,0.0801028595092508,,,
7,1,clinical_plus_pathway,survivalpfn,37,15,0.504424778761062,0.4742370440857839,0.18114218969493467,0.14489470057565948,0.38915266494175904,-2.638148051980272,-0.5717011812938128,0.27125025002228964,0.6500900580076008,-0.37836058801937783,1.0341975332307802,0.03717355815950001,,,
7,1,clinical_plus_pathway,xgb_aft,37,15,0.5088495575221239,0.45593376642972805,0.21236328214479777,0.14921047695015247,0.4544488350406862,-2.240930811655659,-0.20021425372923166,0.32333357989394534,0.5440369642338243,0.11033653922116508,0.052097400745849655,0.053575491841148015,,,
7,1,clinical_plus_recast,elastic_net_cox,37,15,0.5929203539823009,0.53768560529071,0.18292867182022782,0.11947590934936057,0.6600188377680049,1.3527366169827224,3.2321029499914977,0.2738950987897569,0.5679599395537078,-0.14473724778974148,1.0905309087466015,0.064448580352037,,,
7,1,clinical_plus_recast,random_survival_forest,37,15,0.3893805309734513,0.39589687467749524,0.24059546263996753,0.1298179558456803,0.41912824632159806,-3.844371173584236,-1.586586282872485,0.35352566416072806,0.28486182521778797,0.5014323698362904,-1.7266089128959887,0.12551256639273364,,,
7,1,clinical_plus_recast,survivalpfn,37,15,0.6194690265486725,0.5748584235901131,0.18060434372416476,0.11183306893430597,0.6270442619062992,-1.3191911511005094,0.4658166842077657,0.26750508382130384,0.6569085822682741,0.13979578061113082,0.7546926567212483,0.07557413831974544,,,
7,1,clinical_plus_recast,xgb_aft,37,15,0.4247787610619469,0.4339342628173746,0.21771535142936235,0.17500927391540516,0.41672048010222656,-2.439952162740771,-0.4660679271094903,0.32735786888384927,0.38412957818179444,0.4713828266443344,-0.46454330306798003,0.0411363940343457,,,
7,1,full,elastic_net_cox,37,15,0.49557522123893805,0.5188107065536525,0.19842950383798313,0.14092930970185463,0.39540631243711083,-2.6033365448413464,-0.5313908245990188,0.2926671126902107,0.5404623099124007,-0.04071990574498312,0.4052978848166666,0.06745448026965666,,,
7,1,full,random_survival_forest,37,15,0.34513274336283184,0.31710419688489655,0.2528285917293419,0.14691441128942515,0.2793008366725849,-3.276715110550831,-0.9724847826274441,0.3875852467972868,0.2437000582014141,0.8835051284531054,-1.3686558089499525,0.08922946203336886,,,
7,1,full,survivalpfn,37,15,0.5176991150442478,0.4788980266024484,0.18738221487254708,0.14122740311509882,0.3917292423793621,-2.793244113691558,-0.736284863320154,0.28662286840274703,0.5947028927571133,-0.07539498930225234,0.43047494647347445,0.03505571956959545,,,
7,1,full,xgb_aft,37,15,0.4026548672566372,0.3931422114870275,0.24060950361308941,0.16881555060578937,0.27475406390599827,-3.879176293209116,-1.0817858028551075,0.35581253865910795,0.43804402288039623,0.29942904511265295,-0.26934279151321694,0.08199738652835234,,,
7,2,clinical,elastic_net_cox,36,16,0.5884057971014492,0.5734302460926861,0.2603803929869556,0.23209858600225278,0.609942783585481,-0.39407025907614646,0.4162743763198635,0.3938520304597927,0.35378499134126257,0.6744772017371917,-0.4068589050351505,0.021718925025984173,,,
7,2,clinical,random_survival_forest,36,16,0.5130434782608696,0.5299225310976854,0.20194100359467407,0.23061438719675087,0.5459377415251717,-0.45930140730966595,0.368677249748743,0.269249429369941,0.4793550269057283,-0.06398288045646308,0.4478290242871508,0.03865076844206337,,,
7,2,clinical,survivalpfn,36,16,0.5391304347826087,0.4763412832676311,0.25822352705207396,0.23639781376890515,0.5600550918283126,-0.5349760287011083,0.30416595618387876,0.3774380818528049,0.2470589062619491,0.9201077937485106,-1.1825945953937222,0.04162013073378082,,,
7,2,clinical,xgb_aft,36,16,0.5521739130434783,0.4914754626337152,0.2131637745675345,0.22666785697837183,0.5706351372625023,-0.44273002362099323,0.41128293023226875,0.2928397960484161,0.4731408963270708,0.13525210731198825,0.03982434235917847,0.04030764919493392,,,
7,2,clinical_plus_pathway,elastic_net_cox,36,16,0.6144927536231884,0.519938210051756,0.26226020818807033,0.2286998259810581,0.6772078524927875,-0.3875563681100117,0.44904330041404283,0.3900268967170547,0.4817597843027412,0.35434474795835086,-0.08281774010443642,0.04028721333711389,,,
7,2,clinical_plus_pathway,random_survival_forest,36,16,0.6144927536231884,0.6128588901613745,0.22111839217772736,0.21689547598369385,0.6823902350092435,1.2915121557355793,1.8527121134314581,0.3138428408961546,0.34445479109212157,3.4346119531059722,-4.756095675585593,0.039892410934906274,,,
7,2,clinical_plus_pathway,survivalpfn,36,16,0.5565217391304348,0.5362201795333058,0.23174644226305863,0.22117460246375273,0.6048030468235412,-0.09101089793954563,0.6967472483681333,0.3402345517798562,0.2470589062619491,0.9668160729523408,-1.033899270224404,0.025342063028769422,,,
7,2,clinical_plus_pathway,xgb_aft,36,16,0.46956521739130436,0.4691565402023553,0.25769290146566914,0.2577728668860854,0.4416417485111517,-1.2349509209672354,-0.17027962098318766,0.3649822571165298,0.2962161578498366,1.3061066518298248,-1.402316408344569,0.04303422474353157,,,
7,2,clinical_plus_recast,elastic_net_cox,36,16,0.5217391304347826,0.5070912594108259,0.28607330910302436,0.25657852853434493,0.5294891128743715,-1.035310395784278,-0.030807013448905154,0.4254679690745301,0.2617203496332407,0.6754253403928934,-0.26336309737982533,0.03677876972869229,,,
7,2,clinical_plus_recast,random_survival_forest,36,16,0.5739130434782609,0.5473174252760812,0.2305713698047899,0.2264404356065478,0.6102969891459906,-0.1263719690126152,0.6546788000901229,0.3228098211838293,0.38695711188950516,1.187892873250133,-1.493172418006003,0.050225401244953276,,,
7,2,clinical_plus_recast,survivalpfn,36,16,0.4956521739130435,0.45986943865096724,0.24999489471127176,0.23514593161270897,0.5257935546835292,-0.5602592367509167,0.28210633561704934,0.36423741725683323,0.2247593984183149,1.0992115985059459,-1.5305354536358837,0.03635881271871167,,,
7,2,clinical_plus_recast,xgb_aft,36,16,0.5797101449275363,0.5286861161417842,0.2659906580946122,0.234583515903528,0.6333101560585827,-0.4425507826236719,0.3221309843222564,0.3761297575410935,0.3366442321171042,0.6824844511291389,-0.9563526508843269,0.07711960139273373,,,
7,2,full,elastic_net_cox,36,16,0.6347826086956522,0.549790997242867,0.22717338748186486,0.22231981404716375,0.7166546229570329,-0.43962325706014027,0.40874729838935236,0.31422751057043086,0.5714060135696378,0.27001979383214425,-0.03851790666384631,0.05791871473943382,,,
7,2,full,random_survival_forest,36,16,0.6,0.5241039377666837,0.2468593398677173,0.22249427271347239,0.6310923534754795,0.0027430821529032044,0.8767813361894043,0.3630822358415219,0.22795646111972084,4.583995033634062,-5.14456300969547,0.03877861507435309,,,
7,2,full,survivalpfn,36,16,0.5304347826086957,0.527218023141992,0.2306046157695321,0.22517730757615834,0.5500227122524046,-0.4225407405521471,0.5011591953859065,0.33862092458655907,0.28120907537610024,1.7271328121042155,-1.7619076498267843,0.01999930632885189,,,
7,2,full,xgb_aft,36,16,0.43478260869565216,0.43547121289430074,0.2711836206010131,0.2615828648667119,0.41757858498457995,-1.627502524275049,-0.4437403254579154,0.38833473597037377,0.22208691688341423,2.022809092157918,-2.0779283736369307,0.04648214559659286,,,
7,3,clinical,elastic_net_cox,36,16,0.6548672566371682,0.7218758491655306,0.21377479923981726,0.22805326331981782,0.6615008848715936,0.12950803260913496,0.8361077482845611,0.21242106161828844,0.7639988327162933,0.04758891091682416,1.017420526808294,0.20220381040287438,1.0,,
7,3,clinical,random_survival_forest,36,16,0.6194690265486725,0.6453915641359762,0.19770928587760134,0.22260112438190743,0.6109577411630461,1.116977493856891,1.6337176812963978,0.20236117886725602,0.7317022792791581,0.045527920506697316,1.0886970365467676,0.16351366139398593,1.0,,
7,3,clinical,survivalpfn,36,16,0.6873156342182891,0.6870367264029438,0.1748480495633243,0.21306903602988336,0.6871310178829425,0.2283409736144306,0.9284851180177432,0.16757817251089685,0.8214966823885864,0.1838461261014821,1.640856079351854,0.15116681720162026,0.8128594139046831,,
7,3,clinical,xgb_aft,36,16,0.6150442477876106,0.6546647476579588,0.16319720625386916,0.21625025771013695,0.642336803822414,-0.00893288298064179,0.8230335581544936,0.15742054914463863,0.7716793572613595,-0.22962830168197598,2.1269199587551504,0.12169746901606238,1.0,,
7,3,clinical_plus_pathway,elastic_net_cox,36,16,0.5899705014749262,0.5480134879645886,0.2172111020732208,0.2115915112972569,0.5963282751437686,0.25353844382479557,0.9517884919699019,0.179147884580923,0.7291099552069081,0.0950312484343255,1.0470449228221812,0.2989571278337802,0.2609886729634652,,
7,3,clinical_plus_pathway,random_survival_forest,36,16,0.5752212389380531,0.5035557870188,0.2246502303678039,0.21538473167831027,0.6500700135636054,0.9045146069465919,1.4558970926242103,0.19462670239628022,0.8007063361114248,0.3018433634426288,0.9797228489497489,0.293962785000345,0.3334260178821115,,
7,3,clinical_plus_pathway,survivalpfn,36,16,0.6194690265486725,0.5536343905792734,0.19735275488172033,0.21603839696590885,0.6483723674258132,-0.08475535781189192,0.7093634170590701,0.1683713308863836,0.8019228591577201,-0.06768277217579118,1.9821452299906834,0.23662996078820533,0.3334260178821115,,
7,3,clinical_plus_pathway,xgb_aft,36,16,0.5339233038348082,0.4982084945406057,0.21643143611678387,0.2243531818017244,0.6020957382085635,-0.7130820976575113,0.12511532212447202,0.16829752477285267,0.8629401920789131,0.8776415887985767,0.9521259058170968,0.3047775131197057,0.4887257454556999,,
7,3,clinical_plus_recast,elastic_net_cox,36,16,0.6519174041297935,0.6782894345054474,0.2117575062117251,0.2268230950710467,0.6266105598293934,2.407045827584155,2.6657137021190747,0.21209636842997454,0.733308475645432,0.11514629554133664,0.8173350117172193,0.1960141929159046,1.0,,
7,3,clinical_plus_recast,random_survival_forest,36,16,0.5132743362831859,0.4773065108406117,0.23059380648221223,0.2359139007980933,0.5182236905918451,-1.1378842137014686,-0.16504186144585395,0.24028751081103453,0.42543220408780513,0.6817805639119847,-0.6218928312789156,0.20588630350868659,0.3600389664136432,,
7,3,clinical_plus_recast,survivalpfn,36,16,0.6696165191740413,0.6395128835143201,0.19067389432260204,0.21369840424882344,0.6662329319218058,0.42075400000548174,1.0844106879761475,0.18381465545545947,0.7303243943058348,0.06128265216533265,1.4410516141041494,0.18136786213066577,0.6729817894094836,,
7,3,clinical_plus_recast,xgb_aft,36,16,0.5811209439528023,0.5733637639771753,0.2303409121410433,0.24370253142432613,0.6055840973716765,-0.5439478474946258,0.35388266354426035,0.24537052685375585,0.6024790841746607,0.4058416448614811,0.02012673998203526,0.18692006343233525,0.6749000565834963,,
7,3,full,elastic_net_cox,36,16,0.6076696165191741,0.5635774014304676,0.2221155018706535,0.21030389330043164,0.6014823384187361,0.17479860011600337,0.8939705077212863,0.18769461684175112,0.7059383611107167,0.09509971490568266,0.8630068799618205,0.30276888049868,0.2945344798592387,,
7,3,full,random_survival_forest,36,16,0.6017699115044248,0.519571245799055,0.22192279614700341,0.2197573818172224,0.6714541994021245,0.5269974112901189,1.1530423845421498,0.19829999163483,0.7507251477087777,0.23958445838478779,1.008035730186967,0.2713338195011312,0.3334260178821115,,
7,3,full,survivalpfn,36,16,0.6017699115044248,0.5236047212788184,0.20079214697182543,0.21994105614127138,0.6433213252739454,-0.3237925931163177,0.5452073866523056,0.17532239954548096,0.7671839356069551,-0.20318194042939758,1.976455590317063,0.2325827326550684,0.3703803902129095,,
7,3,full,xgb_aft,36,16,0.5014749262536873,0.47578833500631945,0.21642786863275568,0.21786906752605883,0.5788434534159805,-0.46672476172040867,0.44899925271478736,0.19204832456615484,0.7264473612957756,-0.0077527540180191154,0.980128787248065,0.2637457578726542,0.24843303382940013,,
7,4,clinical,elastic_net_cox,36,15,0.5939849624060151,0.6390688789086714,0.2433487811212267,0.15296460508811102,0.5330436670464693,-1.349841128568701,0.07805411052281148,0.2327823989187321,0.6193027312865507,0.3615289718562457,0.5681439392109193,0.3548657215593316,0.8465557497048657,-3.363011560653648,1.828401927418631
7,4,clinical,random_survival_forest,36,15,0.6353383458646616,0.6083734417551954,0.2380635126988099,0.13356585943976235,0.6573343612797119,0.19803666986735013,1.5748948487895005,0.24770641554966177,0.5728273378467255,0.4864884065771583,0.3888687325130546,0.32327536025615367,0.7093712965242955,-1.6473913101064788,1.7071785684943483
7,4,clinical,survivalpfn,36,15,0.631578947368421,0.6510251621394237,0.2319452255233659,0.1376627964344337,0.6355062062103219,-0.38586730111746015,0.8653872158765787,0.2358783101299856,0.5979949257588701,0.36837230308829155,0.5914930348406489,0.3183614853990588,0.7618017822491023,-3.812368885130695,3.266708556417667
7,4,clinical,xgb_aft,36,15,0.6560150375939849,0.5513291360580971,0.2934389409496148,0.13075457607373242,0.7567577477974615,-0.5771767739046678,1.0687226459417933,0.309101274647648,0.3363702241064289,0.9772608141273906,-0.3353993257187664,0.4247986384294308,0.4356215832799832,0.38604573998727437,-0.09557253491532729
7,4,clinical_plus_pathway,elastic_net_cox,36,15,0.5338345864661654,0.569797668402031,0.23816945155653912,0.18340871057985247,0.43377841130928224,-1.6241952532351178,-0.12053372519853231,0.2551484238621089,0.6064037508838632,0.9007584768898612,-0.1370097052978885,0.2589722479220861,0.9096056263257947,-3.117350485542924,2.2988307064861826
7,4,clinical_plus_pathway,random_survival_forest,36,15,0.6466165413533834,0.5477595349135076,0.23962156825323216,0.13732021854123602,0.7626174082739271,3.8743113109658327,5.279678748030417,0.23904114733533038,0.5386347812891672,0.36000829968412,0.7148982786061567,0.34308375980103184,0.8079521719337507,-6.594233568585876,5.371145772106551
7,4,clinical_plus_pathway,survivalpfn,36,15,0.5939849624060151,0.5690132061085175,0.25257690418308554,0.1454144676583401,0.629002606293911,-0.6429198011970407,0.7225378235920705,0.2582727271792858,0.46415324669790564,0.6173838479426986,-0.033623022031095504,0.34834769471543053,0.6962298700468583,-4.097062838816264,3.17310701206528
7,4,clinical_plus_pathway,xgb_aft,36,15,0.5413533834586466,0.5106548807087451,0.29121090505639724,0.16783298485952344,0.5370796163439353,-1.140798282358283,0.30805511670701136,0.29327938708343115,0.4119602131042552,0.9901213409513528,-0.46758776130474206,0.41045186119920324,0.5212228955739003,-0.024628413319649378,0.1440517462150524
7,4,clinical_plus_recast,elastic_net_cox,36,15,0.5150375939849624,0.5441241134810927,0.26074323303131786,0.1480737476487311,0.45711734508301993,-0.14170252514317558,1.1598891584016282,0.24310041668743454,0.5291726547244953,0.2846918785817955,1.0829140694716572,0.4086983511016713,0.574108326852725,-0.3852644258784126,0.34352537084218715
7,4,clinical_plus_recast,random_survival_forest,36,15,0.4548872180451128,0.4503020571702859,0.2706627195549405,0.15009785739353926,0.4977556506391494,-0.5364545962936742,0.9195134421370927,0.2792139798759157,0.41660243301681055,2.442297678009579,-3.2429193602537123,0.37412506107439136,0.48540040748786956,5.005172893476566,-3.9791236289501994
7,4,clinical_plus_recast,survivalpfn,36,15,0.5526315789473685,0.593047404222139,0.2672695180037415,0.1515949142834362,0.5377568344731402,-1.0124339561058509,0.3427970507058509,0.26907163641547244,0.4841732369047953,0.8396681467402457,-0.44370256559807764,0.3793398849005849,0.6965859124679877,-1.3552173972619528,1.0616542958280974
7,4,clinical_plus_recast,xgb_aft,36,15,0.5488721804511278,0.4568644157995164,0.29468719225803036,0.15171242541401056,0.7330447847407668,-0.12481100392322868,1.9877196981694127,0.28533887515900314,0.26535231344448806,3.75042302759584,-2.655188911475205,0.4563585933001046,0.30117989563870373,4.09306596596528,-1.8910607337241185
7,4,full,elastic_net_cox,36,15,0.5902255639097744,0.5961910239592744,0.23598837639626175,0.18189129676744184,0.510673256888385,-1.5889167290195818,-0.09393391732675668,0.243690898691777,0.6064037508838632,0.8741391565042324,-0.10978178147001787,0.27468041143405114,0.9096056263257947,-2.2794903218831135,1.2967229671197869
7,4,full,random_survival_forest,36,15,0.5413533834586466,0.4470233126120554,0.2592461648644179,0.14400521681446798,0.6690736926818088,0.4413381213086214,1.9927932372982307,0.27012740885862674,0.4532844787775927,2.2408086558825837,-3.9670922334326955,0.35272462492595014,0.6799267181663889,-0.9496448840533827,1.0063944983248714
7,4,full,survivalpfn,36,15,0.5488721804511278,0.5571703353230943,0.26986555574673116,0.14976687700563973,0.5503831552474395,-0.8401002841130643,0.5816880883575939,0.2715079765145005,0.4297222586690892,0.9765580558536514,-0.5736207763193409,0.3866793929522838,0.6445833880036337,-2.0318918600950795,1.4097262359146159
7,4,full,xgb_aft,36,15,0.5,0.42518366448815503,0.2834372795835341,0.17940529723155615,0.5566731199242574,-1.2783299500745686,0.25379849340505906,0.2645255642914185,0.40642521122180614,1.0324698981463016,-0.4278444768983878,0.4252926925197433,0.4908903684303526,0.08942036017124298,0.05933379549315598
8,0,clinical,elastic_net_cox,37,15,0.5801526717557252,0.5940786315435447,0.16507974931162997,0.14387262349413474,0.5912384889438501,-0.6097845478234547,0.7088050863122166,0.16356820625360963,0.8900368212400943,0.6702431998979083,1.8308517664836843,0.18930996124516605,,,
8,0,clinical,random_survival_forest,37,15,0.6068702290076335,0.5830713930534602,0.14403226961644705,0.1468868477085401,0.6033656865724201,-0.6031767230005699,0.7584643173841973,0.17719580853316552,0.7501970015489485,-2.249285684529954,12.222380339606989,0.07485061369091704,,,
8,0,clinical,survivalpfn,37,15,0.5687022900763359,0.5913423285255157,0.15649718651869757,0.14932160710666265,0.5563965278441462,-0.9307985732492768,0.38937037559604143,0.1861394337726169,0.7940742279514534,0.6613128984781486,1.4925038726719444,0.10438827142289378,,,
8,0,clinical,xgb_aft,37,15,0.5114503816793893,0.4724096080803216,0.164659307123089,0.16211160359375112,0.5519963901891355,-1.1157036245300809,0.395958477883042,0.23439007998299077,0.48476671896260076,1.131028416705734,-0.6404614311468164,0.02774546493262336,,,
8,0,clinical_plus_pathway,elastic_net_cox,37,15,0.5725190839694656,0.5192774823892169,0.20656234086570593,0.14147276652211735,0.6081509963357927,-0.8596021474703053,0.5804400914576027,0.23870925877206933,0.6363175550875749,0.40851374725377715,0.1321156166207378,0.20735807939656778,,,
8,0,clinical_plus_pathway,random_survival_forest,37,15,0.6946564885496184,0.6408420830968121,0.17580712420749658,0.13588494366754658,0.7226195410596569,0.7910010764969454,2.1251743772986167,0.23446076108178546,0.4995682132618565,0.6449048830781674,-0.2605347585066429,0.0984220309988689,,,
8,0,clinical_plus_pathway,survivalpfn,37,15,0.6106870229007634,0.6565222945004263,0.14492849823615397,0.15513833037118716,0.5842129875980282,-0.9705215267351627,0.5003856642096816,0.19142910102579058,0.7400760539662138,-0.15718408609499734,1.2660883581628888,0.04171746052184758,,,
8,0,clinical_plus_pathway,xgb_aft,37,15,0.6145038167938931,0.5528993017532527,0.2367004943865895,0.1468134164823884,0.6677327213397012,-0.7680534185456936,0.39735689869436935,0.3392231124399375,0.36120035828209124,0.8610840796726058,-0.4482541779035447,0.12154233618409446,,,
8,0,clinical_plus_recast,elastic_net_cox,37,15,0.549618320610687,0.5868767453354752,0.1684138317327485,0.148844439938474,0.5418149254300205,-1.0221847353040938,0.349191926561908,0.16582475692359297,0.8486834847170384,0.5980206436083175,1.5561209076603566,0.19316137314533408,,,
8,0,clinical_plus_recast,random_survival_forest,37,15,0.46946564885496184,0.45802862358854984,0.19433828122926736,0.16830677856522155,0.3596968528104184,-2.5306851086363076,-0.7848989578173445,0.25450237959468264,0.39693852533658874,0.7281537197813379,-0.6864125618367309,0.10004158716248257,,,
8,0,clinical_plus_recast,survivalpfn,37,15,0.5267175572519084,0.5949970150406879,0.15237353189233388,0.15423284390049014,0.45725696618232975,-1.8132713842422084,-0.23770928488350987,0.1881717778650234,0.7593412596257709,0.4944677078181719,2.0638330087372325,0.07891772793879853,,,
8,0,clinical_plus_recast,xgb_aft,37,15,0.5343511450381679,0.5007937312337352,0.24231316892659258,0.20699142007010884,0.4615818784292926,-1.3549367006742483,0.08154238896950798,0.29397181223642527,0.5420141910312501,0.5518915250990123,-0.08699989687387702,0.1743176311634109,,,
8,0,full,elastic_net_cox,37,15,0.583969465648855,0.541553786061591,0.17944854657909703,0.13766217657071173,0.6152071294432493,-0.8035523296811352,0.6262592047489229,0.21442433172292708,0.6363175550875749,0.33812562663746604,0.20925143389353512,0.15128334629982218,,,
8,0,full,random_survival_forest,37,15,0.6297709923664122,0.6053816833118946,0.1854102599988373,0.14859681090264948,0.5890381767217859,-0.6719094360046367,0.6824059940135295,0.249924768099904,0.4382362711588225,0.7761620058143593,-0.4594629069036735,0.09319469289289184,,,
8,0,full,survivalpfn,37,15,0.5725190839694656,0.622033294110102,0.14900654506532054,0.1608252319432422,0.5210773162929351,-1.2102255898904541,0.2678914678348877,0.19865470989389528,0.6652399594804604,-0.13203928454635191,1.089872402549362,0.03789152853024948,,,
8,0,full,xgb_aft,37,15,0.6145038167938931,0.5523321958227897,0.26074027817030043,0.17314836380230206,0.6233189063373739,-1.1606732594740399,0.15534017827558688,0.3400696079891454,0.43196478030257063,0.7095600508755985,-0.2675877448492933,0.18967353290060907,,,
8,1,clinical,elastic_net_cox,37,15,0.6559139784946236,0.6509395791217663,0.13594331810397325,0.17198603724624803,0.6337395639886473,0.0539416630581496,0.9349871506665729,0.17035831294146941,0.6921847608810004,,,0.03107060928670612,,,
8,1,clinical,random_survival_forest,37,15,0.600358422939068,0.5649194977652962,0.15201089051118627,0.16628085213765237,0.5561225550028381,0.12917544017407762,1.0141971181031126,0.1860392868685004,0.6508082920592526,,,0.06968413617009192,,,
8,1,clinical,survivalpfn,37,15,0.6810035842293907,0.6945789920944225,0.13504904836221304,0.16028470119475066,0.649913426956402,0.13995167535855532,0.9605811771614807,0.16764402177927643,0.5232299185303585,,,0.04462344869554866,,,
8,1,clinical,xgb_aft,37,15,0.6218637992831542,0.5527369749693867,0.16969847127441706,0.21308005602791527,0.6274180806069936,-0.9728310342080538,0.09455818859971692,0.19574440726588935,0.5873802706293325,,,0.07422501453797434,,,
8,1,clinical_plus_pathway,elastic_net_cox,37,15,0.6989247311827957,0.7122675664358218,0.14787891569184264,0.16523377372793652,0.6777113588220782,-0.17635192470716538,0.6024114382957998,0.1851192529094369,1.0,,,0.05604338322056021,,,
8,1,clinical_plus_pathway,random_survival_forest,37,15,0.5913978494623656,0.5887358663407577,0.13145361677743556,0.17029874913652557,0.5764754672483646,0.32286542200211016,1.1698628462987803,0.15514706573349057,0.8724216264711059,,,0.04522158650623553,,,
8,1,clinical_plus_pathway,survivalpfn,37,15,0.6989247311827957,0.7546840849432159,0.11601271365029107,0.16649057178015852,0.6391718079549915,0.4820980039717732,1.2666800334148713,0.13439503451030618,1.0,,,0.028770213800393466,,,
8,1,clinical_plus_pathway,xgb_aft,37,15,0.5376344086021505,0.5754490763357683,0.13408593811137987,0.21031840299703974,0.5174528500806348,-1.045950151865806,0.01986391448195005,0.13811414530196559,1.0,,,0.04979705884454861,,,
8,1,clinical_plus_recast,elastic_net_cox,37,15,0.6057347670250897,0.6542124461077694,0.1294955109421524,0.1657031097796127,0.5518465122153321,1.9507566136730077,2.5336692484770955,0.1616101774779013,0.7421627664078432,,,0.029058579033194334,,,
8,1,clinical_plus_recast,random_survival_forest,37,15,0.4946236559139785,0.542636581523661,0.14898634887446574,0.18125493892452882,0.46786249628786825,-3.018913833985878,-1.5941718563572853,0.16985419163890403,0.8286046036145556,,,0.07498207329552616,,,
8,1,clinical_plus_recast,survivalpfn,37,15,0.6630824372759857,0.6811242537851294,0.13338542618003849,0.16516672085025608,0.6538178849290109,0.6235142966139101,1.2559802665576776,0.16416955520112672,0.6958736604442172,,,0.04003587346764428,,,
8,1,clinical_plus_recast,xgb_aft,37,15,0.5842293906810035,0.5280967505765518,0.15655713666798318,0.1765026605513797,0.6022262355247131,-0.8055060752999815,0.1953402505723246,0.17963648738942548,0.8286046036145556,,,0.09045291134170216,,,
8,1,full,elastic_net_cox,37,15,0.6845878136200717,0.6968903659349189,0.15152120267146502,0.17136013461139504,0.6840819697296983,-0.5483113789082972,0.4145089405344936,0.18501533093556238,1.0,,,0.06469401420334031,,,
8,1,full,random_survival_forest,37,15,0.5555555555555556,0.5776687703887419,0.13403001668446116,0.1734555938689865,0.5666962972828976,-0.5192979978522405,0.4824967486264885,0.15489881773197572,0.8724216264711059,,,0.052866837404906615,,,
8,1,full,survivalpfn,37,15,0.6810035842293907,0.7370561740663205,0.1130769398605525,0.16738426566087902,0.6043755890839088,0.4107098971087551,1.277820930603623,0.1294651292444965,1.0,,,0.025993235292337984,,,
8,1,full,xgb_aft,37,15,0.5340501792114696,0.557436640638546,0.1099509783358327,0.18853848536611123,0.5299088724208789,-1.2817977156142468,-0.20957900955530198,0.11407659334763026,1.0,,,0.023112241281959007,,,
8,2,clinical,elastic_net_cox,36,16,0.48514851485148514,0.510364854054627,0.38395373153388435,0.17054029173871244,0.5395104437103421,-0.799148487430199,0.38748764890731335,0.5022801744514203,0.3833477361039023,-0.28371474809992275,-0.40037980869218387,0.36071428549398443,0.6791973755576745,-1.761594432113975,1.643763310437385
8,2,clinical,random_survival_forest,36,16,0.4966996699669967,0.48542638378479286,0.3797619064684482,0.16471879304281328,0.6139995257709037,0.3173317269369787,1.3635166824872162,0.4675640477131479,0.3569809342270396,0.18837037346423408,-1.5533149028701043,0.4192007374046839,0.5899610853806667,0.25956805244426784,0.10958946241209037
8,2,clinical,survivalpfn,36,16,0.5511551155115512,0.5384692238658907,0.3857310066284193,0.1701702998236177,0.6139736275931145,-0.6004269833482008,0.5042233661962825,0.4746711362030893,0.34480586676785796,-0.249337437583176,-0.5811085506384319,0.423411454283881,0.5738356042955374,-1.7843344541927744,1.4724191342346402
8,2,clinical,xgb_aft,36,16,0.5165016501650165,0.39532391160158,0.490662880268996,0.16913372718510022,0.6480342687477327,-0.5023953836988676,0.5716410714375881,0.5811805027116663,0.334110091860723,-0.20432572094675783,-0.4402884108817352,0.6311567884675511,0.25852566267190336,1.8323782373303157,-0.891443515848324
8,2,clinical_plus_pathway,elastic_net_cox,36,16,0.49504950495049505,0.5043206852825615,0.3758319962032978,0.16994593622653406,0.5388533527773581,-0.7939292470245288,0.45253620930965854,0.48193826432719383,0.3845880325430802,-0.16002602949902456,-0.5670279902062318,0.36950551993226965,0.7209313282747623,-2.077533331825634,1.7918778693187356
8,2,clinical_plus_pathway,random_survival_forest,36,16,0.528052805280528,0.5210391740438548,0.36746350136706774,0.17096189340048304,0.5694024381945896,-0.6509344850399713,0.6415124663407499,0.4529124700781343,0.40029056565405335,0.0716273769326233,-1.6566820313857595,0.3930671719115192,0.5254277624429284,0.34158575664932084,0.04043296728566413
8,2,clinical_plus_pathway,survivalpfn,36,16,0.5082508250825083,0.4547437655943766,0.38127163197000524,0.176686986290652,0.5747090094533386,-0.9942994585230875,0.23835807028867229,0.43782860842885596,0.3508719753175987,-0.30913948624096366,-0.32122897065286754,0.472742324731657,0.4589645114411343,-0.5988682895521698,0.5570308611542426
8,2,clinical_plus_pathway,xgb_aft,36,16,0.5973597359735974,0.5942101311492459,0.3304154329348531,0.1390100904194618,0.7259493367851403,-0.05707580032338452,0.8425121548143977,0.40060594961937496,0.49320838736733064,-0.4305433972816562,0.11949569757636727,0.3814397420812006,0.6634712778627104,0.13582878287516584,0.4006129577844163
8,2,clinical_plus_recast,elastic_net_cox,36,16,0.429042904290429,0.38756644133476786,0.38810208842168187,0.16812906163790287,0.5178608461012774,-0.5398493630808835,0.6742565695539807,0.45877234209252726,0.23355778866124685,0.954114780558943,-3.2342923012139213,0.46673460786377036,0.3583947511153489,0.7086628418265881,-0.2102626317052206
8,2,clinical_plus_recast,random_survival_forest,36,16,0.41914191419141916,0.450601377489809,0.36995916128987927,0.17743664991626995,0.45275054769476064,-1.516145054675792,-0.16227738376551745,0.44696052103767847,0.48116267016072506,-0.16559139080167096,-0.7999952641528695,0.40847895316789007,0.5919775073448361,0.3369646967522061,0.04429150736671944
8,2,clinical_plus_recast,survivalpfn,36,16,0.4884488448844885,0.4469559068251755,0.4208022328962879,0.18426978233628907,0.5458402735141843,-0.9900088329906387,0.23283334240636147,0.5222073709701769,0.3026514751814328,-0.12773780033282153,-0.7443500062957639,0.45452440730850857,0.40499364584361525,-0.7340072006825761,0.6836716900601825
8,2,clinical_plus_recast,xgb_aft,36,16,0.49174917491749176,0.4888865864644929,0.4464768262093436,0.1956385858280883,0.5526076762190555,-1.2988953175993079,0.029169993690316438,0.5630285718856087,0.36878603313820074,-0.011020776886354304,-0.7023452813558138,0.46421157523806844,0.49496542890732326,0.15273305450220268,0.16366892598292332
8,2,full,elastic_net_cox,36,16,0.48184818481848185,0.47794274924022645,0.38972593221381285,0.1701510009668379,0.5460305974003433,-0.8200968472539139,0.4281965468625789,0.4978863017347374,0.33039045996911565,-0.06506445345508854,-0.7695081173047977,0.3929801244189388,0.691322096549156,-1.6843107816825313,1.4307452498863071
8,2,full,random_survival_forest,36,16,0.5016501650165016,0.49487376059789695,0.3858743821143398,0.17059390649653877,0.5542317367893991,-0.6338944349348659,0.6601318902812677,0.47828901602323093,0.34083307357361364,0.5124873072770079,-2.0755105457922642,0.4163255899143588,0.6139414958766622,0.4567272572886385,-0.07819498095965081
8,2,full,survivalpfn,36,16,0.5115511551155115,0.5448019332178355,0.4016479217577406,0.17549803530093255,0.5407573553243785,-1.0765907697020751,0.20884802042785244,0.46895087304552097,0.43768612283199043,0.030357246418491763,-0.7867132308424031,0.4931919056389879,0.6757274239851417,-1.4018750392708232,0.9023140257454204
8,2,full,xgb_aft,36,16,0.429042904290429,0.4329581141820491,0.4514038377132165,0.1824825878384416,0.48610047831276726,-1.0513100998037666,0.33762718127771174,0.5654942974677248,0.2226969964166231,1.6179982346932464,-2.152681629466651,0.4921441680789748,0.3242451621360274,0.09425812161592342,0.14901662588054168
8,3,clinical,elastic_net_cox,36,16,0.5394321766561514,0.5786581456819838,0.26182306752336076,0.22153072364681167,0.5373149870901841,-1.0512801157426486,0.1688188590284071,0.3249749724290044,0.3148705611899557,1.0020351550967705,-0.2284427843640628,0.17581160158862236,0.6930930500040073,,
8,3,clinical,random_survival_forest,36,16,0.5362776025236593,0.6281882552380473,0.20735670589873384,0.19388766101965052,0.5032543554753607,-0.8939300699958769,0.2695843896258012,0.23266572903431104,0.638134833772337,0.1821828069222797,1.4467106309609696,0.17020770450666267,1.0,,
8,3,clinical,survivalpfn,36,16,0.6088328075709779,0.6389713537831874,0.22496744011473502,0.20389025002282268,0.5798230706663625,-0.8705525584207913,0.24652145884079704,0.28459629610353643,0.5236189154496781,0.6328859639298138,-0.05732489166792654,0.1267869182290445,1.0,,
8,3,clinical,xgb_aft,36,16,0.5962145110410094,0.6787815953741441,0.1725119742293919,0.20125690492607118,0.5610717542626237,-0.7932342648296047,0.3469038043523889,0.20620625766840678,0.6312995770276548,0.12653099956309735,1.1861939597826425,0.07637847665468289,1.0,,
8,3,clinical_plus_pathway,elastic_net_cox,36,16,0.35646687697160884,0.40857079730137374,0.3302166985712615,0.31185431572158545,0.24211335576115747,-2.143142789573029,-0.655747340279501,0.3780702319776993,0.32685279004475304,1.085815058679994,-0.12820924376530057,0.2528720146080619,0.18187602145222115,,
8,3,clinical_plus_pathway,random_survival_forest,36,16,0.39747634069400634,0.4158057328043995,0.2410201993500315,0.214128606521627,0.349877033054978,-4.1223720266456745,-2.2978890412242685,0.27985788317856214,0.316102094700024,3.765637327595839,-5.130300122628129,0.19023642452137463,0.30555035735072394,,
8,3,clinical_plus_pathway,survivalpfn,36,16,0.4353312302839117,0.4737156408315591,0.26553057237557937,0.23897483684064083,0.41881261317879565,-2.0314318209845403,-0.5941574143356376,0.30730644418576825,0.419044975559912,0.9061552582467404,-0.48120602343867674,0.20853456429014036,0.3746367728171457,,
8,3,clinical_plus_pathway,xgb_aft,36,16,0.4037854889589905,0.41488932196269357,0.24301122334263445,0.21724856438313367,0.42315630628959655,-1.827763698459823,-0.5500436318995614,0.287828897801726,0.3051802537394928,1.7178736987496726,-1.1398281224493938,0.17913853338395194,0.6314066161915047,,
8,3,clinical_plus_recast,elastic_net_cox,36,16,0.4069400630914827,0.49867581848551557,0.26451217889626044,0.21441234779441695,0.30970394423615066,-1.6422267749971218,-0.3395447251172885,0.32779268205492834,0.25213847572685144,1.2468289092614873,-0.6057637362668614,0.1880510036807681,0.5488951967303343,,
8,3,clinical_plus_recast,random_survival_forest,36,16,0.34069400630914826,0.31898863956682943,0.2934453270915815,0.23851966553174364,0.32610910221693173,-3.3697818245951034,-1.6935008035704453,0.3424568196306259,0.19568277904759654,1.3154233823148618,-1.674612196512391,0.2503480035733305,0.0970869241897428,,
8,3,clinical_plus_recast,survivalpfn,36,16,0.5331230283911672,0.5928474547933844,0.2473805740278679,0.2162206870103061,0.4761157241506321,-1.6864043227474932,-0.2936351178027122,0.30698424500983146,0.36852903544582577,0.9673825917709065,-0.7467045611791666,0.15933311908150247,0.8028600734029127,,
8,3,clinical_plus_recast,xgb_aft,36,16,0.36908517350157727,0.3636857027750966,0.286981161859306,0.2440495476729436,0.390702148185847,-2.24044726671066,-0.982585970525838,0.3442015290158696,0.06051552638246167,9.257281458029466,-7.7432364776096945,0.21547204173254123,0.2907430202198214,,
8,3,full,elastic_net_cox,36,16,0.3785488958990536,0.41621265121202045,0.3208983202632002,0.3123054705497814,0.28139952568943344,-2.15130961446035,-0.6719438765203136,0.3569242736476637,0.34678843359875067,1.0562470689413674,-0.11307527329588389,0.2574392632076919,0.18187602145222115,,
8,3,full,random_survival_forest,36,16,0.35646687697160884,0.36970047734248984,0.2649389837011019,0.2241282092296002,0.3349852283802639,-3.3394097855695546,-1.7048053004259334,0.31128818506425404,0.2666783929679082,3.144721089502519,-4.049598146907725,0.21305135544629952,0.3129503390046432,,
8,3,full,survivalpfn,36,16,0.416403785488959,0.44178617558312416,0.25535146273684056,0.23561938505495336,0.4090887555462152,-2.0371314619566094,-0.6906233150770322,0.2923782390860247,0.4329983167867702,0.9739369718523977,-0.5258149266388175,0.2010299877203595,0.4501990926979553,,
8,3,full,xgb_aft,36,16,0.334384858044164,0.3317169631719607,0.26327511224811007,0.2325128827945601,0.34636125016586194,-2.2795460883408736,-0.9760213917794253,0.3055490312240521,0.2696684982625651,1.9852714002229754,-1.468402403174088,0.20948950374977607,0.3129503390046432,,
8,4,clinical,elastic_net_cox,36,15,0.6129032258064516,0.6558364609733326,0.23804937976779586,0.22389849993172006,0.591702471662324,-0.5964431126111888,0.1696069319752371,0.2983958676530701,0.487385790431767,0.03753687210064597,-0.14646088497225915,0.1315072838333231,0.9181473342225278,,
8,4,clinical,random_survival_forest,36,15,0.617741935483871,0.5788234826525601,0.22288700666595287,0.21821054817310875,0.6698078460685456,2.2361555932049075,2.4349618434795244,0.23718312389125856,0.8067243143241266,-1.3090534647440122,3.157396248715723,0.19897123070818562,0.2639121270101322,,
8,4,clinical,survivalpfn,36,15,0.6709677419354839,0.7160546842372397,0.2127224370934663,0.20392215418295798,0.682942204993523,0.7992089777840379,1.3028635938674145,0.2450779273344414,0.7256890262704145,-0.6267781358617777,1.253638640133676,0.15681173952202448,0.9188593669086834,,
8,4,clinical,xgb_aft,36,15,0.5064516129032258,0.5099415101177398,0.2503928335519507,0.23570398846253443,0.49671938178915537,-1.2258023374579423,-0.3169273711706081,0.27579015709606547,0.6206516613762133,-0.018778601361125018,-0.0884095307297395,0.21428703155313727,0.26354833738445466,,
8,4,clinical_plus_pathway,elastic_net_cox,36,15,0.5645161290322581,0.6234002741980201,0.24750263383070764,0.22202887355917977,0.5294575196388214,-0.3656113474470742,0.2914749605376424,0.32192502353996766,0.5111651337948925,-0.22877638705519954,0.1762692723785884,0.1241316146837155,0.9181473342225278,,
8,4,clinical_plus_pathway,random_survival_forest,36,15,0.4967741935483871,0.44604668519738244,0.2560726376963962,0.2209383021689905,0.5583688695727499,0.08299366442032,0.6904797709147644,0.3036925945777291,0.39897217154448905,0.11119229441929111,-0.3910385771942703,0.19596705946113602,0.5667473532897238,,
8,4,clinical_plus_pathway,survivalpfn,36,15,0.635483870967742,0.6963585986347168,0.24253511453115809,0.20842390269441557,0.6553271097381502,0.31787003794213836,0.9684988816380521,0.2886545817760655,0.5150733182551881,0.09315578358488745,-0.24064681208185365,0.18440739187808586,0.7706875702084046,,
8,4,clinical_plus_pathway,xgb_aft,36,15,0.5483870967741935,0.4800915260837048,0.28676882749830207,0.22762635224350308,0.5961418747981451,-0.5888790349688338,0.14565304059434264,0.34533896138642556,0.39939667689953207,0.06230049043807408,-0.3491350624487482,0.22877103497685397,0.5263511582743045,,
8,4,clinical_plus_recast,elastic_net_cox,36,15,0.5806451612903226,0.6329108612297683,0.2414621791089231,0.222219636296757,0.5632999225825707,-0.5301943026511836,0.2246207683410383,0.28595084542027505,0.4712122608930062,-0.05761763343922984,-0.004064475172433579,0.17172738929838527,0.8777511392071083,,
8,4,clinical_plus_recast,random_survival_forest,36,15,0.5,0.4023768627627394,0.2260087511685538,0.222542689074105,0.5729715072026554,0.2540683675475428,0.8141352863558512,0.23756918828528972,0.6135728082590459,-0.5326405180020212,1.7587249225745938,0.20635393902953067,0.37203597175546926,,
8,4,clinical_plus_recast,survivalpfn,36,15,0.6161290322580645,0.7082516305210035,0.2132979388409379,0.21640433070598794,0.6265414430965274,0.19957524005745864,0.776702895585108,0.23971996579198734,0.6537508895395251,-0.7400439326006808,1.4829921809369495,0.15734749307378904,0.9188593669086834,,
8,4,clinical_plus_recast,xgb_aft,36,15,0.4612903225806452,0.3965053670739154,0.2623987053421983,0.256218022687374,0.5189790117611769,-1.0515615348545104,-0.23671977243762435,0.28009652974662097,0.5127536365470153,-0.12999085947000283,0.0982120950543299,0.2331837391881771,0.12296089347904685,,
8,4,full,elastic_net_cox,36,15,0.6258064516129033,0.6836241747099882,0.219197661654101,0.21719447242785048,0.590716489961283,-0.21888296374984276,0.3926312749920699,0.26812899419650704,0.6935605909465936,-0.6329509928632161,0.5983928558761924,0.12333818579553935,0.9592555619241028,,
8,4,full,random_survival_forest,36,15,0.4967741935483871,0.4593748160117263,0.24783479166655845,0.2235563435421244,0.5387317487118057,0.01524424405421061,0.6273435344953365,0.2943715204055184,0.45886625545966675,0.18549300131851648,-0.6117243908330097,0.17903978231307255,0.6078555809912988,,
8,4,full,survivalpfn,36,15,0.5903225806451613,0.6180183143196012,0.2469166856942363,0.21406727380010768,0.5888157129147124,-0.19053463697304449,0.5642708773795299,0.28952922703801565,0.5016115639505576,0.08735242390728028,-0.21741981364321414,0.19454101490080622,0.49287926500391566,,
8,4,full,xgb_aft,36,15,0.44516129032258067,0.41387618861973735,0.3254485199619289,0.28398919268729556,0.4383085304827941,-1.171801501362392,-0.2022175747025771,0.38998356850755317,0.30685057377602315,0.1844084471514994,-0.5753140047632262,0.23783775014531391,0.4025975271298024,,
9,0,clinical,elastic_net_cox,37,15,0.506993006993007,0.4968086280501556,0.16144016986943474,0.15911730238815133,0.5282024256758814,-1.4289413849656893,0.0641944027177895,0.16306062172804808,0.8546379797364054,0.5163822493728732,3.9209600317504036,0.1605221336334915,0.6553955683172887,,
9,0,clinical,random_survival_forest,37,15,0.5454545454545454,0.5225632732224464,0.18091147647992267,0.15834259310551096,0.554279010976231,-1.732837039372515,-0.2224467968517032,0.18786987116060216,0.8061346905401351,-0.8565776374242593,4.392858067697742,0.18956357049297531,0.5345765958065141,,
9,0,clinical,survivalpfn,37,15,0.5,0.49698404965730597,0.16920472143707077,0.1670505078246234,0.48886209030196837,-1.6729657889201188,-0.12817580304067688,0.17545968310621501,0.825519201008821,0.9797707488515053,2.590974230588235,0.1588490117112296,0.5860514319250542,,
9,0,clinical,xgb_aft,37,15,0.5751748251748252,0.5183555829134582,0.17173332939752933,0.14721155292831145,0.659543303655526,-0.7153294798752653,0.7062568377454105,0.16798128990087516,0.8252104502732222,0.009866497032342566,2.1453345629291323,0.20375918486005556,0.5345765958065141,,
9,0,clinical_plus_pathway,elastic_net_cox,37,15,0.5209790209790209,0.5345250814151452,0.16410492483744682,0.1716893720967401,0.4503301335393332,-1.7858832226873924,-0.23387559997373963,0.1453944952165809,0.8941497414494681,0.430413477487401,2.2680519473177028,0.19394133681988537,0.687273533159913,,
9,0,clinical_plus_pathway,random_survival_forest,37,15,0.506993006993007,0.5015688713765819,0.1841296626184741,0.16614708266427697,0.4104490459029048,-2.4258300833239175,-0.8400221398368878,0.20885201414014987,0.6219311438851967,0.18761677709209423,1.089692803778772,0.15266753952931972,0.687273533159913,,
9,0,clinical_plus_pathway,survivalpfn,37,15,0.486013986013986,0.5379828948847791,0.17225583512803921,0.19103834682770537,0.4336255257996122,-1.941778445872856,-0.46710197340085907,0.17104733434988503,0.7846358972475461,-0.1360919114341601,2.674813783577406,0.15589032498468136,0.8521570189874076,,
9,0,clinical_plus_pathway,xgb_aft,37,15,0.534965034965035,0.5645406806269108,0.20233937732608903,0.20495874122392543,0.42843811844030805,-1.838133280609344,-0.2157830354092481,0.2039633443664574,0.6584565112686273,0.4486848552552469,0.5817054716234583,0.19647207934751595,0.7153089021601794,,
9,0,clinical_plus_recast,elastic_net_cox,37,15,0.4230769230769231,0.4545386145507899,0.14967558439942685,0.17352657869161173,0.3840524680501705,-1.996968962432704,-0.4107559469764978,0.14660246044388298,0.9150574705905768,1.2948572916637382,2.5187839895865967,0.13197083801832973,0.7938077467805372,,
9,0,clinical_plus_recast,random_survival_forest,37,15,0.43006993006993005,0.46600965535244915,0.18221335899352245,0.17039553127843146,0.31017351034443297,-3.308458549955116,-1.5199616706080008,0.20139403454377047,0.7722710144578093,0.2437279210697983,3.778145718361412,0.1556698356081174,0.6553955683172887,,
9,0,clinical_plus_recast,survivalpfn,37,15,0.46853146853146854,0.48837294601897396,0.17682281728562438,0.17619250003695308,0.38805377136541247,-2.2980349633400863,-0.553433916931578,0.18230944796983523,0.8412518817498705,0.8340269677085774,2.4153021364258342,0.166479873165874,0.6553955683172887,,
9,0,clinical_plus_recast,xgb_aft,37,15,0.4825174825174825,0.4730693088213413,0.1728774992502785,0.1545021833502669,0.5159978983983774,-1.180333370307121,0.2637134237539376,0.18374103063531408,0.8687083766566698,-0.6921931073574408,4.057914918463961,0.1695257523802189,0.6553955683172887,,
9,0,full,elastic_net_cox,37,15,0.493006993006993,0.5127744223700582,0.1689447624517309,0.17451518675419056,0.393492326716417,-2.0674947343247134,-0.4218979515787333,0.15400285753794044,0.8777705284618765,0.7818824710675576,2.541363581583893,0.19325814797685212,0.6482676946927569,,
9,0,full,random_survival_forest,37,15,0.46853146853146854,0.5157438846795368,0.18492071296394075,0.16734295433862417,0.33682072176257105,-2.491772076995664,-0.8196980505914613,0.21061781324660828,0.660186019108228,0.2141353215177073,1.4740328155829021,0.15110427102392227,0.9628099227716103,,
9,0,full,survivalpfn,37,15,0.486013986013986,0.5428073218882888,0.17978224728104894,0.19241559040453518,0.4422776236166028,-2.254418972167277,-0.8411938843031097,0.17890062588303865,0.8366746529280054,-0.81413776611091,3.5233997977687963,0.16891214695358334,0.6179293967676784,,
9,0,full,xgb_aft,37,15,0.5034965034965035,0.5248474145161349,0.21996010671960176,0.20761355104261706,0.40796514761852104,-2.0532521367970578,-0.33318794253051415,0.22140014567717675,0.6708782600123023,0.42684572757614175,0.4651115265144684,0.2294265844814365,0.6794723359946935,,
9,1,clinical,elastic_net_cox,37,15,0.6801346801346801,0.6342433743433453,0.1430051938831327,0.1740031560483311,0.6614418809912721,-0.245677003021193,0.8237355709964851,0.1850983717280486,0.052625569052157754,,,0.027820876028102525,,,
9,1,clinical,random_survival_forest,37,15,0.67003367003367,0.6456306486615389,0.1275297217193594,0.17719868057937826,0.6529402248805283,0.6880026680077679,1.4909124796831157,0.1376316369240282,0.7990865564751354,,,0.057656932450002925,,,
9,1,clinical,survivalpfn,37,15,0.6835016835016835,0.6184383295701465,0.13621387777554111,0.16330702292831856,0.689824843115561,0.2176595046319795,1.0881591077130393,0.17055277119874307,0.3522796732199376,,,0.040442945776359714,,,
9,1,clinical,xgb_aft,37,15,0.622895622895623,0.5413608798169217,0.13110495940119873,0.18009379444834245,0.6133372308150771,-1.0578999323598,0.1059324163754623,0.1451719101375332,0.5363607468993776,,,0.05398222288138606,,,
9,1,clinical_plus_pathway,elastic_net_cox,37,15,0.6531986531986532,0.619459078302979,0.12829020782220818,0.17777849532361195,0.602359290181146,0.9204991655096421,1.8140900433623277,0.15266535892002783,0.222885642780128,,,0.03005161812516516,,,
9,1,clinical_plus_pathway,random_survival_forest,37,15,0.6936026936026936,0.6467985777043602,0.1278706408714135,0.16931167357465526,0.8020451794026767,0.9186283518022849,1.8952106248096767,0.13297511887547653,0.8461499389141702,,,0.07622065216004573,,,
9,1,clinical_plus_pathway,survivalpfn,37,15,0.6565656565656566,0.6283865415329306,0.12321365672317197,0.17535972585093065,0.6316684197128083,-0.09453626993560572,0.8643987210114651,0.1455481062340966,0.3767357038659578,,,0.026398688573564,,,
9,1,clinical_plus_pathway,xgb_aft,37,15,0.5959595959595959,0.5527728440941493,0.10021532170327968,0.16289375194220623,0.671449428034231,0.0029736806438786893,1.1819196494419484,0.09978447267499703,1.0,,,0.03839858952091838,,,
9,1,clinical_plus_recast,elastic_net_cox,37,15,0.6195286195286195,0.5721929613837389,0.1262039842293132,0.17841791141489682,0.6050668430646439,1.549292213729654,2.3338035959854473,0.1477820260703384,0.11929876731205435,,,0.03083397336167914,,,
9,1,clinical_plus_recast,random_survival_forest,37,15,0.531986531986532,0.5389820554425453,0.1295022472523424,0.18847546342348684,0.536397710649196,-1.8669909571812846,-0.5411368511027661,0.1368765489638819,0.7000988056742053,,,0.05578042765811903,,,
9,1,clinical_plus_recast,survivalpfn,37,15,0.6801346801346801,0.6436226389778997,0.12907991946727557,0.16330401692578844,0.6994022485736751,0.8064742995949371,1.4597379307449294,0.15835989426747293,0.47268584918935225,,,0.03629587240836804,,,
9,1,clinical_plus_recast,xgb_aft,37,15,0.6094276094276094,0.5570955700553187,0.13758568885303227,0.17570027391973797,0.635364420156203,-0.5200373953029768,0.496315611613816,0.1445604468243284,0.8217548176148335,,,0.0855215878437343,,,
9,1,full,elastic_net_cox,37,15,0.6430976430976431,0.6108063784972768,0.12425201310711799,0.18145043011861134,0.5860002821406746,4.524357220278463,4.796788767548413,0.13996632904813958,0.3753629262163553,,,0.03562496421358137,,,
9,1,full,random_survival_forest,37,15,0.6801346801346801,0.639168002386139,0.11993311525163525,0.17054121147861495,0.7765024058036218,1.1602870797193543,2.043845569430884,0.12546468400440855,0.9361172300087197,,,0.05826188151910903,,,
9,1,full,survivalpfn,37,15,0.6531986531986532,0.633777138158231,0.11717704401008719,0.17638311684753694,0.6219453140454981,-0.19101138262282508,0.8332212791528453,0.13330108131260124,0.4863090786466704,,,0.025722896567609364,,,
9,1,full,xgb_aft,37,15,0.5488215488215489,0.5283281656875136,0.1076555585478537,0.17762691368625505,0.592733229378846,-0.4316105361798013,0.6863316258160127,0.10599717091848931,0.9361172300087197,,,0.0410009786681812,,,
9,2,clinical,elastic_net_cox,36,16,0.6505190311418685,0.5220615040910332,0.17785152935391726,0.18337706423126476,0.6639137748213381,1.2210003649829266,1.5145975635337605,0.16085090712489822,0.6524347719131464,0.692408032773956,1.9328425093194508,0.20632723893460786,0.4176509210934376,,
9,2,clinical,random_survival_forest,36,16,0.6245674740484429,0.6786393261952088,0.1670721084818079,0.18437914558132573,0.600739580208366,0.7244675146626172,1.1662796363947634,0.14004437469281247,0.6783635103720039,0.5221050094524236,2.9857209678550656,0.20382053896028085,0.9634297361562777,,
9,2,clinical,survivalpfn,36,16,0.7093425605536332,0.5678390597984727,0.17691110058920895,0.17584223507781438,0.7436739483939961,0.8466785372993352,1.2540885521930007,0.1586950123408398,0.81175626549136,1.657227796154064,4.850850218232051,0.21441214259734176,0.4176509210934376,,
9,2,clinical,xgb_aft,36,16,0.6868512110726643,0.6963831791486477,0.17220534691063874,0.16981254097935344,0.7456353849896474,1.4507175656610503,2.3765218729963453,0.15876852903369443,0.6268134013248453,0.33384915473246823,0.7706608771951319,0.20147178859581258,0.8587506831175831,,
9,2,clinical_plus_pathway,elastic_net_cox,36,16,0.5570934256055363,0.6056412763669526,0.1725221595741826,0.19286563048973393,0.5582535428204446,0.7212782775666744,1.1845594053775592,0.16525495212361666,0.7616378953999374,0.6737854288572257,2.3411852245822815,0.1667131035597632,1.0,,
9,2,clinical_plus_pathway,random_survival_forest,36,16,0.6055363321799307,0.6399179739227314,0.1780189090305991,0.19340649701244064,0.6335023714681252,-0.16897605702801202,0.5536843234757008,0.16871860064994498,0.5797004611280274,0.6229952550697164,0.9084083699814016,0.18123193781006575,1.0,,
9,2,clinical_plus_pathway,survivalpfn,36,16,0.5432525951557093,0.6111029504493048,0.18658203539983897,0.18908828177454892,0.5442384171212583,0.43019461651384283,0.941504758580525,0.17492961318124328,0.5194815892242272,0.7288705466863095,1.0206921620420994,0.20738063346232058,0.7468687472083497,,
9,2,clinical_plus_pathway,xgb_aft,36,16,0.7024221453287197,0.732255516038887,0.17302482796689567,0.16221013652085262,0.7374942700118766,1.0543349653759655,1.804114803255677,0.16879787612815605,0.5454423751522847,0.8326771946288961,0.15210424336728032,0.19229342309041786,0.8536677001649043,,
9,2,clinical_plus_recast,elastic_net_cox,36,16,0.6055363321799307,0.4830036867767635,0.18777485961592458,0.1952112299168799,0.6275401238920537,0.13557047450871976,0.8303694855619081,0.17234825295299275,0.46543130893902207,0.5231020948267875,1.1864877804927427,0.21119170264083295,0.3117624830694768,,
9,2,clinical_plus_recast,random_survival_forest,36,16,0.5743944636678201,0.5061810681474931,0.19462551231174569,0.19073878477116943,0.5592561209956339,2.314039101586328,2.4927355755627496,0.1738778457636652,0.7907556067340297,0.9882060756317423,-0.09430362601094505,0.240007572948483,0.4251357928000471,,
9,2,clinical_plus_recast,survivalpfn,36,16,0.6608996539792388,0.546564065759335,0.19465767311790524,0.1819806688209944,0.6889757011068212,1.5645853355408899,1.7526702424023384,0.1782431126062659,0.6605367716410596,0.7751563057282534,0.931559457674522,0.24016379843809466,0.25068535686550253,,
9,2,clinical_plus_recast,xgb_aft,36,16,0.5259515570934256,0.6451379425428546,0.18412153896520084,0.22450897826117863,0.46005250449992985,-1.1255897302896878,-0.11419359514965158,0.17634272102570697,0.627662751580321,0.8615401896521164,0.5909957440799654,0.15929173554821074,0.8212198958540318,,
9,2,full,elastic_net_cox,36,16,0.5640138408304498,0.5606364794949392,0.20155769797501305,0.17364456703669817,0.586762736905681,-0.16421695815675968,0.4220947556561338,0.23057681929404225,0.629418126988863,0.9271183636038389,0.22826066780207988,0.17143258627526942,0.8616152671992957,,
9,2,full,random_survival_forest,36,16,0.5813148788927336,0.636756208343275,0.18474093364371053,0.19563617426443317,0.5828061565909256,-0.2579338717711583,0.49160216539580065,0.16386278692816025,0.7877162012188996,-0.7629312219728369,4.905127939742255,0.2156019864540884,0.9637562563691681,,
9,2,full,survivalpfn,36,16,0.5640138408304498,0.6183798040289346,0.18407943426459022,0.18858119285632094,0.5663306127046854,0.22217577172929584,0.8644992154680347,0.16524941966494722,0.6220994612301155,0.43456250802310153,1.5206700603213943,0.21723770487214542,0.7468687472083497,,
9,2,full,xgb_aft,36,16,0.629757785467128,0.6637859234551079,0.1699786646207539,0.17026315483290907,0.6617453640150189,0.18098001043187822,0.7032813781071127,0.20218266432115525,0.5797004611280274,0.894310141114598,0.30100746273646367,0.10528617500779598,1.0,,
9,3,clinical,elastic_net_cox,36,16,0.6897590361445783,0.7070634503083596,0.2239089887123928,0.19400701059119535,0.7336065445792119,0.3900227758075535,1.0352127685300714,0.288612928656549,0.7162619798989652,0.30324485297653087,-0.039552042195579236,0.12440308694527798,1.0,,
9,3,clinical,random_survival_forest,36,16,0.6054216867469879,0.5112299660262744,0.2746367712152075,0.21513941200452494,0.6293697532461314,-0.021734484574676288,0.6704638356933993,0.31275769378102236,0.38231364634994547,0.7097848400312687,-1.0369264431279073,0.25789228529426045,0.1631945817976609,,
9,3,clinical,survivalpfn,36,16,0.6566265060240963,0.7027901562963031,0.22922546260391255,0.20988217151625793,0.6683305295721863,0.29418917214511436,0.8812075627248588,0.27345168219139104,0.6828415655201134,-0.377373475671804,1.0679793567004803,0.16011631451661007,0.9659690267924863,,
9,3,clinical,xgb_aft,36,16,0.6370481927710844,0.5042528682947187,0.2583129728628739,0.19366757657817404,0.7240922341724934,0.8945109394964866,2.0508465040040207,0.31850181216811774,0.3784563805416057,0.2542104440366772,0.004954934898875398,0.20258069053708613,0.1457808369407009,,
9,3,clinical_plus_pathway,elastic_net_cox,36,16,0.5753012048192772,0.5162363889214008,0.24247421834269212,0.2206783384295314,0.6371797429006077,0.16671999169204788,0.7868737874455846,0.28539981797371583,0.41107991275174793,-0.09520027708674535,0.9650706610288833,0.17841889899380536,0.3303097575219916,,
9,3,clinical_plus_pathway,random_survival_forest,36,16,0.5542168674698795,0.44585504092377853,0.28172735233663326,0.2212566084931925,0.6005536905454101,-0.2537730425894276,0.46196025970724564,0.3321849967249631,0.3172315864152201,0.9143224075165691,-1.2832183775854467,0.2412828074034143,0.055504902634121084,,
9,3,clinical_plus_pathway,survivalpfn,36,16,0.6566265060240963,0.6963521748970847,0.22823324718515253,0.2011014090891655,0.707541808577819,0.5252643859862917,1.2232771705510976,0.2745819742840674,0.7083742901854841,-0.5703042006124218,1.1217789108347578,0.16266763108330984,0.9659690267924863,,
9,3,clinical_plus_pathway,xgb_aft,36,16,0.6234939759036144,0.5462129617555199,0.29905879002179325,0.22739680556764055,0.6088232678136952,-0.3168106549077834,0.3797399259626027,0.34972394033635984,0.4655432841980369,0.35704728291065657,-0.1322283912115434,0.2693904738468127,0.03355496865713309,,
9,3,clinical_plus_recast,elastic_net_cox,36,16,0.6746987951807228,0.7159369841457713,0.2271610788100207,0.20474296933781855,0.6808661684356708,-0.10080498107993452,0.6568218408645492,0.28194064693053045,0.7265612514363554,0.4305241527209885,-0.11808990395431813,0.14002005204120344,0.963260674439303,,
9,3,clinical_plus_recast,random_survival_forest,36,16,0.5481927710843374,0.5020650443954798,0.23755321985273123,0.21407025562677007,0.5950814256624407,0.34321415509894343,1.002553348883755,0.2826615464212383,0.5459748073907013,-0.01755832393388046,0.6974878455946026,0.17081953094167818,1.0,,
9,3,clinical_plus_recast,survivalpfn,36,16,0.641566265060241,0.711772179149442,0.22683481302009434,0.21479925175718614,0.5944241707192797,-0.001581301874247365,0.6586119020255579,0.2655390795355562,0.6809818919553418,-0.4633132036677289,1.2140361690249868,0.16146184125207885,0.927877869015325,,
9,3,clinical_plus_recast,xgb_aft,36,16,0.5933734939759037,0.589608421293096,0.25379367514293194,0.24827632719765383,0.5787879625266964,-0.6669563296037432,0.1471820875821709,0.2678521893978689,0.6337052872648234,-0.16936486790906483,0.6958638304963548,0.23119399457833614,0.6757562887157138,,
9,3,full,elastic_net_cox,36,16,0.6716867469879518,0.725377266135278,0.17122264854211325,0.23636351887579432,0.6824248844964925,-0.5614314925960672,0.25284110067810195,0.1967385124892533,0.7741915244229661,0.04187802590552156,0.061871537727955984,0.055050050314152034,1.0,,
9,3,full,random_survival_forest,36,16,0.5933734939759037,0.5535775296879297,0.25594137567080777,0.21867288586412154,0.6052070849606911,0.16344274737437012,0.7890854801669785,0.29941213833995456,0.5030042861304139,0.4677722916746101,-0.5030969731413353,0.2062683401392004,0.5850913863429971,,
9,3,full,survivalpfn,36,16,0.6144578313253012,0.6109732550155279,0.2348829683919909,0.20504058999431893,0.653126959316254,0.3502164724340037,1.1557564353993568,0.2837967750416552,0.5836382844641657,-0.5109655345661666,0.9669850986580903,0.16689773349033435,0.9659690267924863,,
9,3,full,xgb_aft,36,16,0.608433734939759,0.5635948660041723,0.2730334335818606,0.23272453039320562,0.5962525233792598,-0.3729448593292353,0.36491761839719306,0.2939206964207464,0.5912809344707838,0.12292014595278902,0.2324448863397925,0.27156781109274397,0.03355496865713309,,
9,4,clinical,elastic_net_cox,36,15,0.5387596899224806,0.5239016388508453,0.38804668281688703,0.16052434229866325,0.5643967146268088,-0.9716098258073123,0.5118769849128769,0.615302822851048,0.4186109528217631,-0.2621573848097375,-0.6967011965762121,0.16105674326678876,0.8804056360661178,,
9,4,clinical,random_survival_forest,36,15,0.4728682170542636,0.4121920754712092,0.3979647678981922,0.15794322789948423,0.5706091758162526,-0.4676381578053313,0.9861784754173764,0.6310852852467531,0.4144784695537549,-0.384030012909897,-0.431858698519313,0.17174527319977828,1.0,,
9,4,clinical,survivalpfn,36,15,0.5038759689922481,0.41451581965104667,0.39997243054576354,0.17086929332091433,0.5637311431343124,-1.161562333897236,0.3159326225166962,0.640964097173102,0.332978186192666,-0.31130958555283667,-0.7929377696030958,0.14709223451593587,0.8804056360661178,,
9,4,clinical,xgb_aft,36,15,0.46511627906976744,0.47322879769528,0.3907170924207494,0.20698345186870332,0.4368691156846199,-1.8750276226789564,-0.43743859033946,0.5963971865069007,0.4646217684368522,-0.6189242249163311,-0.08721672921473558,0.16309054480049318,1.0,,
9,4,clinical_plus_pathway,elastic_net_cox,36,15,0.375968992248062,0.37523104962830073,0.5928694749885085,0.30153049832283013,0.3870643206146673,-1.6874946730279392,-0.16861879081956435,0.8988489938475475,0.26347214431322363,-0.320740989996323,-0.11835831410765463,0.27224941393610913,0.5011197842105769,,
9,4,clinical_plus_pathway,random_survival_forest,36,15,0.5,0.5006029669458192,0.38341120494226383,0.1755795209548374,0.5437367185158963,-2.4855185519718996,-0.960525605275593,0.5747305764308431,0.48929343260178815,-0.34812309423702076,-0.5914730977460005,0.20860414595253154,0.7143216205405899,,
9,4,clinical_plus_pathway,survivalpfn,36,15,0.4689922480620155,0.49206073679735934,0.39430033745014087,0.1804144526281433,0.525743405536289,-1.6277721488854424,-0.10222303418504503,0.6032930599360743,0.39317438461177384,-0.257895574614916,-0.7840086283562199,0.1902007773002714,0.7268155830637897,,
9,4,clinical_plus_pathway,xgb_aft,36,15,0.4263565891472868,0.5537572218495588,0.3692664625736423,0.21450995004786344,0.42039258002657964,-2.070107821541805,-0.3075514412616747,0.5300878806889302,0.519939344773781,-0.6799747652684557,-0.10506782783498629,0.2023801388688453,0.7341718926592276,,
9,4,clinical_plus_recast,elastic_net_cox,36,15,0.5038759689922481,0.5187754267504264,0.4376748596883711,0.17114178165564348,0.5945149385569194,-1.4182692369273995,0.08181354469299863,0.6870493410450338,0.3229564344132356,-0.06964426848748412,-0.9561599166794394,0.20545897500777352,0.8516190066980417,,
9,4,clinical_plus_recast,random_survival_forest,36,15,0.5232558139534884,0.4303099606578693,0.3669898696778337,0.1522709034740204,0.6656988551224811,1.443399224338162,3.184632316481457,0.5612060573004182,0.3587378156747292,-0.4746903267829023,-0.5505272054736924,0.19327646063647805,0.8597597261005724,,
9,4,clinical_plus_recast,survivalpfn,36,15,0.46511627906976744,0.39193094910971027,0.42034484891288537,0.18510388138970882,0.5370867123061009,-1.4110406828964106,0.0931474859045353,0.6701628400294429,0.28173973477002784,-0.19671147799617933,-1.0303482499124,0.15594983420294697,0.8804056360661178,,
9,4,clinical_plus_recast,xgb_aft,36,15,0.5310077519379846,0.38383782647078096,0.38893808064601704,0.17917924078808564,0.6185480781950342,-1.1328272124376932,0.40616049145517064,0.583828322160594,0.4294789840458956,-0.5152138653830963,-0.32889722738857885,0.20891643747479424,0.7560628569963026,,
9,4,full,elastic_net_cox,36,15,0.43023255813953487,0.3775095143114073,0.556896561599839,0.3010050730330083,0.43400377227150405,-1.6194063335968492,-0.12740753671708144,0.8584592810796934,0.3394581070029283,-0.34559254937798123,-0.10122916864177714,0.20966261120696061,0.6980289536957138,,
9,4,full,random_survival_forest,36,15,0.5310077519379846,0.5029524189403333,0.38212989632848704,0.1707632573343522,0.589486065834145,-1.9199234260118263,-0.4170551892715075,0.5697035299817982,0.43879969720557005,-0.36155673957306794,-0.6013925396197641,0.2183492680159994,0.7143216205405899,,
9,4,full,survivalpfn,36,15,0.4883720930232558,0.5703284394535927,0.3954913538869983,0.18411936570545231,0.5132457143785153,-1.7276641323210378,-0.22119401434111294,0.606228173730917,0.45834025343743484,-0.23281261886213375,-0.7037418671970612,0.18538970238070684,0.9707527260674872,,
9,4,full,xgb_aft,36,15,0.37209302325581395,0.5184335635839731,0.4929144746092445,0.23206491267809617,0.3359497389856498,-2.5430974564489914,-1.306171167772814,0.7680654012209847,0.274005894325333,0.7375801717369734,-1.186761866767336,0.2034621833169124,0.7406043316011012,,
