repeat,fold,panel,model,params,inner_uno_c,error,selection_note
0,0,clinical,survivalpfn,{},,,single_candidate_no_tuning
0,0,clinical,elastic_net_cox,"{""l1_ratio"": 0.0, ""penalizer"": 0.01}",0.5733970648420803,,nested_tuning
0,0,clinical,elastic_net_cox,"{""l1_ratio"": 0.5, ""penalizer"": 0.01}",0.5672769691734469,,nested_tuning
0,0,clinical,elastic_net_cox,"{""l1_ratio"": 0.0, ""penalizer"": 0.1}",0.579929056504408,,nested_tuning
0,0,clinical,elastic_net_cox,"{""l1_ratio"": 0.5, ""penalizer"": 0.1}",0.5400264647910409,,nested_tuning
0,0,clinical,elastic_net_cox,"{""l1_ratio"": 0.0, ""penalizer"": 1.0}",0.5742179439861625,,nested_tuning
0,0,clinical,elastic_net_cox,"{""l1_ratio"": 0.5, ""penalizer"": 1.0}",0.5601699587173004,,nested_tuning
0,0,clinical,elastic_net_cox,"{""l1_ratio"": 1.0, ""penalizer"": 0.1}",0.5611790630922646,,nested_tuning
0,0,clinical,elastic_net_cox,"{""l1_ratio"": 1.0, ""penalizer"": 1.0}",0.5601699587173004,,nested_tuning
0,0,clinical,xgb_aft,"{""colsample_bytree"": 0.8, ""eta"": 0.03, ""lambda"": 2.0, ""max_depth"": 1, ""min_child_weight"": 5, ""num_boost_round"": 150, ""subsample"": 0.8}",0.5401296005691747,,nested_tuning
0,0,clinical,xgb_aft,"{""colsample_bytree"": 0.8, ""eta"": 0.03, ""lambda"": 2.0, ""max_depth"": 2, ""min_child_weight"": 5, ""num_boost_round"": 150, ""subsample"": 0.8}",0.5451302701607339,,nested_tuning
0,0,clinical,xgb_aft,"{""colsample_bytree"": 0.8, ""eta"": 0.1, ""lambda"": 2.0, ""max_depth"": 1, ""min_child_weight"": 5, ""num_boost_round"": 150, ""subsample"": 0.8}",0.5507185345064409,,nested_tuning
0,0,clinical,xgb_aft,"{""colsample_bytree"": 0.8, ""eta"": 0.1, ""lambda"": 2.0, ""max_depth"": 2, ""min_child_weight"": 5, ""num_boost_round"": 150, ""subsample"": 0.8}",0.5411354768534754,,nested_tuning
0,0,clinical,random_survival_forest,"{""max_features"": ""sqrt"", ""min_samples_leaf"": 5, ""n_estimators"": 500}",0.5319028406392818,,nested_tuning
0,0,clinical,random_survival_forest,"{""max_features"": 0.5, ""min_samples_leaf"": 5, ""n_estimators"": 500}",0.5273277595194326,,nested_tuning
0,0,clinical,random_survival_forest,"{""max_features"": ""sqrt"", ""min_samples_leaf"": 10, ""n_estimators"": 500}",0.5567460646953526,,nested_tuning
0,0,clinical,random_survival_forest,"{""max_features"": 0.5, ""min_samples_leaf"": 10, ""n_estimators"": 500}",0.5603191228933406,,nested_tuning
0,0,clinical_plus_pathway,survivalpfn,{},,,single_candidate_no_tuning
0,0,clinical_plus_pathway,elastic_net_cox,"{""l1_ratio"": 0.0, ""penalizer"": 0.01}",0.5143049367004533,,nested_tuning
0,0,clinical_plus_pathway,elastic_net_cox,"{""l1_ratio"": 0.5, ""penalizer"": 0.01}",0.5119683265047938,,nested_tuning
0,0,clinical_plus_pathway,elastic_net_cox,"{""l1_ratio"": 0.0, ""penalizer"": 0.1}",0.5126974324307869,,nested_tuning
0,0,clinical_plus_pathway,elastic_net_cox,"{""l1_ratio"": 0.5, ""penalizer"": 0.1}",0.47184624831357935,,nested_tuning
0,0,clinical_plus_pathway,elastic_net_cox,"{""l1_ratio"": 0.0, ""penalizer"": 1.0}",0.4959269224003057,,nested_tuning
0,0,clinical_plus_pathway,elastic_net_cox,"{""l1_ratio"": 0.5, ""penalizer"": 1.0}",0.4661951820058293,,nested_tuning
0,0,clinical_plus_pathway,elastic_net_cox,"{""l1_ratio"": 1.0, ""penalizer"": 0.1}",0.4855422449854107,,nested_tuning
0,0,clinical_plus_pathway,elastic_net_cox,"{""l1_ratio"": 1.0, ""penalizer"": 1.0}",0.4664625104348513,,nested_tuning
0,0,clinical_plus_pathway,xgb_aft,"{""colsample_bytree"": 0.8, ""eta"": 0.03, ""lambda"": 2.0, ""max_depth"": 1, ""min_child_weight"": 5, ""num_boost_round"": 150, ""subsample"": 0.8}",0.5129323248582272,,nested_tuning
0,0,clinical_plus_pathway,xgb_aft,"{""colsample_bytree"": 0.8, ""eta"": 0.03, ""lambda"": 2.0, ""max_depth"": 2, ""min_child_weight"": 5, ""num_boost_round"": 150, ""subsample"": 0.8}",0.5441198416254313,,nested_tuning
0,0,clinical_plus_pathway,xgb_aft,"{""colsample_bytree"": 0.8, ""eta"": 0.1, ""lambda"": 2.0, ""max_depth"": 1, ""min_child_weight"": 5, ""num_boost_round"": 150, ""subsample"": 0.8}",0.5334172105820608,,nested_tuning
0,0,clinical_plus_pathway,xgb_aft,"{""colsample_bytree"": 0.8, ""eta"": 0.1, ""lambda"": 2.0, ""max_depth"": 2, ""min_child_weight"": 5, ""num_boost_round"": 150, ""subsample"": 0.8}",0.5695253398720636,,nested_tuning
0,0,clinical_plus_pathway,random_survival_forest,"{""max_features"": ""sqrt"", ""min_samples_leaf"": 5, ""n_estimators"": 500}",0.508491249112942,,nested_tuning
0,0,clinical_plus_pathway,random_survival_forest,"{""max_features"": 0.5, ""min_samples_leaf"": 5, ""n_estimators"": 500}",0.5157589349639692,,nested_tuning
0,0,clinical_plus_pathway,random_survival_forest,"{""max_features"": ""sqrt"", ""min_samples_leaf"": 10, ""n_estimators"": 500}",0.523646274900958,,nested_tuning
0,0,clinical_plus_pathway,random_survival_forest,"{""max_features"": 0.5, ""min_samples_leaf"": 10, ""n_estimators"": 500}",0.5153374836723079,,nested_tuning
0,0,clinical_plus_recast,survivalpfn,{},,,single_candidate_no_tuning
0,0,clinical_plus_recast,elastic_net_cox,"{""l1_ratio"": 0.0, ""penalizer"": 0.01}",0.5450173072120439,,nested_tuning
0,0,clinical_plus_recast,elastic_net_cox,"{""l1_ratio"": 0.5, ""penalizer"": 0.01}",0.5483834803181201,,nested_tuning
0,0,clinical_plus_recast,elastic_net_cox,"{""l1_ratio"": 0.0, ""penalizer"": 0.1}",0.5512647914675972,,nested_tuning
0,0,clinical_plus_recast,elastic_net_cox,"{""l1_ratio"": 0.5, ""penalizer"": 0.1}",0.5285137022973675,,nested_tuning
0,0,clinical_plus_recast,elastic_net_cox,"{""l1_ratio"": 0.0, ""penalizer"": 1.0}",0.5423727061507289,,nested_tuning
0,0,clinical_plus_recast,elastic_net_cox,"{""l1_ratio"": 0.5, ""penalizer"": 1.0}",0.5168001153935916,,nested_tuning
0,0,clinical_plus_recast,elastic_net_cox,"{""l1_ratio"": 1.0, ""penalizer"": 0.1}",0.5360889482430519,,nested_tuning
0,0,clinical_plus_recast,elastic_net_cox,"{""l1_ratio"": 1.0, ""penalizer"": 1.0}",0.5154437859552854,,nested_tuning
0,0,clinical_plus_recast,xgb_aft,"{""colsample_bytree"": 0.8, ""eta"": 0.03, ""lambda"": 2.0, ""max_depth"": 1, ""min_child_weight"": 5, ""num_boost_round"": 150, ""subsample"": 0.8}",0.48230811819416386,,nested_tuning
0,0,clinical_plus_recast,xgb_aft,"{""colsample_bytree"": 0.8, ""eta"": 0.03, ""lambda"": 2.0, ""max_depth"": 2, ""min_child_weight"": 5, ""num_boost_round"": 150, ""subsample"": 0.8}",0.5174932221181496,,nested_tuning
0,0,clinical_plus_recast,xgb_aft,"{""colsample_bytree"": 0.8, ""eta"": 0.1, ""lambda"": 2.0, ""max_depth"": 1, ""min_child_weight"": 5, ""num_boost_round"": 150, ""subsample"": 0.8}",0.49183487368428835,,nested_tuning
0,0,clinical_plus_recast,xgb_aft,"{""colsample_bytree"": 0.8, ""eta"": 0.1, ""lambda"": 2.0, ""max_depth"": 2, ""min_child_weight"": 5, ""num_boost_round"": 150, ""subsample"": 0.8}",0.5046415504638933,,nested_tuning
0,0,clinical_plus_recast,random_survival_forest,"{""max_features"": ""sqrt"", ""min_samples_leaf"": 5, ""n_estimators"": 500}",0.4681983833342553,,nested_tuning
0,0,clinical_plus_recast,random_survival_forest,"{""max_features"": 0.5, ""min_samples_leaf"": 5, ""n_estimators"": 500}",0.4948938401273899,,nested_tuning
0,0,clinical_plus_recast,random_survival_forest,"{""max_features"": ""sqrt"", ""min_samples_leaf"": 10, ""n_estimators"": 500}",0.49483374087630977,,nested_tuning
0,0,clinical_plus_recast,random_survival_forest,"{""max_features"": 0.5, ""min_samples_leaf"": 10, ""n_estimators"": 500}",0.5203455556953994,,nested_tuning
0,0,full,survivalpfn,{},,,single_candidate_no_tuning
0,0,full,elastic_net_cox,"{""l1_ratio"": 0.0, ""penalizer"": 0.01}",0.5244795322122796,,nested_tuning
0,0,full,elastic_net_cox,"{""l1_ratio"": 0.5, ""penalizer"": 0.01}",0.5226012767572505,,nested_tuning
0,0,full,elastic_net_cox,"{""l1_ratio"": 0.0, ""penalizer"": 0.1}",0.538747673500032,,nested_tuning
0,0,full,elastic_net_cox,"{""l1_ratio"": 0.5, ""penalizer"": 0.1}",0.4665609518278681,,nested_tuning
0,0,full,elastic_net_cox,"{""l1_ratio"": 0.0, ""penalizer"": 1.0}",0.47345139473396824,,nested_tuning
0,0,full,elastic_net_cox,"{""l1_ratio"": 0.5, ""penalizer"": 1.0}",0.4489396724128068,,nested_tuning
0,0,full,elastic_net_cox,"{""l1_ratio"": 1.0, ""penalizer"": 0.1}",0.48635171059156346,,nested_tuning
0,0,full,elastic_net_cox,"{""l1_ratio"": 1.0, ""penalizer"": 1.0}",0.4489396724128068,,nested_tuning
0,0,full,xgb_aft,"{""colsample_bytree"": 0.8, ""eta"": 0.03, ""lambda"": 2.0, ""max_depth"": 1, ""min_child_weight"": 5, ""num_boost_round"": 150, ""subsample"": 0.8}",0.48699490040665605,,nested_tuning
0,0,full,xgb_aft,"{""colsample_bytree"": 0.8, ""eta"": 0.03, ""lambda"": 2.0, ""max_depth"": 2, ""min_child_weight"": 5, ""num_boost_round"": 150, ""subsample"": 0.8}",0.4793566413887699,,nested_tuning
0,0,full,xgb_aft,"{""colsample_bytree"": 0.8, ""eta"": 0.1, ""lambda"": 2.0, ""max_depth"": 1, ""min_child_weight"": 5, ""num_boost_round"": 150, ""subsample"": 0.8}",0.5051875249904841,,nested_tuning
0,0,full,xgb_aft,"{""colsample_bytree"": 0.8, ""eta"": 0.1, ""lambda"": 2.0, ""max_depth"": 2, ""min_child_weight"": 5, ""num_boost_round"": 150, ""subsample"": 0.8}",0.5186317634341641,,nested_tuning
0,0,full,random_survival_forest,"{""max_features"": ""sqrt"", ""min_samples_leaf"": 5, ""n_estimators"": 500}",0.4798433444454921,,nested_tuning
0,0,full,random_survival_forest,"{""max_features"": 0.5, ""min_samples_leaf"": 5, ""n_estimators"": 500}",0.48729421356838126,,nested_tuning
0,0,full,random_survival_forest,"{""max_features"": ""sqrt"", ""min_samples_leaf"": 10, ""n_estimators"": 500}",0.48643359894486243,,nested_tuning
0,0,full,random_survival_forest,"{""max_features"": 0.5, ""min_samples_leaf"": 10, ""n_estimators"": 500}",0.5155984964059809,,nested_tuning
0,1,clinical,survivalpfn,{},,,single_candidate_no_tuning
0,1,clinical,elastic_net_cox,"{""l1_ratio"": 0.0, ""penalizer"": 0.01}",0.6449919598736493,,nested_tuning
0,1,clinical,elastic_net_cox,"{""l1_ratio"": 0.5, ""penalizer"": 0.01}",0.6467574974346545,,nested_tuning
0,1,clinical,elastic_net_cox,"{""l1_ratio"": 0.0, ""penalizer"": 0.1}",0.641879490864001,,nested_tuning
0,1,clinical,elastic_net_cox,"{""l1_ratio"": 0.5, ""penalizer"": 0.1}",0.5873442699475011,,nested_tuning
0,1,clinical,elastic_net_cox,"{""l1_ratio"": 0.0, ""penalizer"": 1.0}",0.5912954740039162,,nested_tuning
0,1,clinical,elastic_net_cox,"{""l1_ratio"": 0.5, ""penalizer"": 1.0}",0.590613304134424,,nested_tuning
0,1,clinical,elastic_net_cox,"{""l1_ratio"": 1.0, ""penalizer"": 0.1}",0.5882690621011359,,nested_tuning
0,1,clinical,elastic_net_cox,"{""l1_ratio"": 1.0, ""penalizer"": 1.0}",0.591976689143699,,nested_tuning
0,1,clinical,xgb_aft,"{""colsample_bytree"": 0.8, ""eta"": 0.03, ""lambda"": 2.0, ""max_depth"": 1, ""min_child_weight"": 5, ""num_boost_round"": 150, ""subsample"": 0.8}",0.5605866376805269,,nested_tuning
0,1,clinical,xgb_aft,"{""colsample_bytree"": 0.8, ""eta"": 0.03, ""lambda"": 2.0, ""max_depth"": 2, ""min_child_weight"": 5, ""num_boost_round"": 150, ""subsample"": 0.8}",0.5739391523379961,,nested_tuning
0,1,clinical,xgb_aft,"{""colsample_bytree"": 0.8, ""eta"": 0.1, ""lambda"": 2.0, ""max_depth"": 1, ""min_child_weight"": 5, ""num_boost_round"": 150, ""subsample"": 0.8}",0.563915576337715,,nested_tuning
0,1,clinical,xgb_aft,"{""colsample_bytree"": 0.8, ""eta"": 0.1, ""lambda"": 2.0, ""max_depth"": 2, ""min_child_weight"": 5, ""num_boost_round"": 150, ""subsample"": 0.8}",0.5737375653835739,,nested_tuning
0,1,clinical,random_survival_forest,"{""max_features"": ""sqrt"", ""min_samples_leaf"": 5, ""n_estimators"": 500}",0.5974331085690225,,nested_tuning
0,1,clinical,random_survival_forest,"{""max_features"": 0.5, ""min_samples_leaf"": 5, ""n_estimators"": 500}",0.5750579465780306,,nested_tuning
0,1,clinical,random_survival_forest,"{""max_features"": ""sqrt"", ""min_samples_leaf"": 10, ""n_estimators"": 500}",0.5938810234565908,,nested_tuning
0,1,clinical,random_survival_forest,"{""max_features"": 0.5, ""min_samples_leaf"": 10, ""n_estimators"": 500}",0.5903297692734031,,nested_tuning
0,1,clinical_plus_pathway,survivalpfn,{},,,single_candidate_no_tuning
0,1,clinical_plus_pathway,elastic_net_cox,"{""l1_ratio"": 0.0, ""penalizer"": 0.01}",0.6259078219791891,,nested_tuning
0,1,clinical_plus_pathway,elastic_net_cox,"{""l1_ratio"": 0.5, ""penalizer"": 0.01}",0.630569959549236,,nested_tuning
0,1,clinical_plus_pathway,elastic_net_cox,"{""l1_ratio"": 0.0, ""penalizer"": 0.1}",0.5992631209054902,,nested_tuning
0,1,clinical_plus_pathway,elastic_net_cox,"{""l1_ratio"": 0.5, ""penalizer"": 0.1}",0.5996375775890233,,nested_tuning
0,1,clinical_plus_pathway,elastic_net_cox,"{""l1_ratio"": 0.0, ""penalizer"": 1.0}",0.6104048791347321,,nested_tuning
0,1,clinical_plus_pathway,elastic_net_cox,"{""l1_ratio"": 0.5, ""penalizer"": 1.0}",0.6044996188234962,,nested_tuning
0,1,clinical_plus_pathway,elastic_net_cox,"{""l1_ratio"": 1.0, ""penalizer"": 0.1}",0.5640126256692091,,nested_tuning
0,1,clinical_plus_pathway,elastic_net_cox,"{""l1_ratio"": 1.0, ""penalizer"": 1.0}",0.6050712187031763,,nested_tuning
0,1,clinical_plus_pathway,xgb_aft,"{""colsample_bytree"": 0.8, ""eta"": 0.03, ""lambda"": 2.0, ""max_depth"": 1, ""min_child_weight"": 5, ""num_boost_round"": 150, ""subsample"": 0.8}",0.4737089577202691,,nested_tuning
0,1,clinical_plus_pathway,xgb_aft,"{""colsample_bytree"": 0.8, ""eta"": 0.03, ""lambda"": 2.0, ""max_depth"": 2, ""min_child_weight"": 5, ""num_boost_round"": 150, ""subsample"": 0.8}",0.44949606702166744,,nested_tuning
0,1,clinical_plus_pathway,xgb_aft,"{""colsample_bytree"": 0.8, ""eta"": 0.1, ""lambda"": 2.0, ""max_depth"": 1, ""min_child_weight"": 5, ""num_boost_round"": 150, ""subsample"": 0.8}",0.5505301010847595,,nested_tuning
0,1,clinical_plus_pathway,xgb_aft,"{""colsample_bytree"": 0.8, ""eta"": 0.1, ""lambda"": 2.0, ""max_depth"": 2, ""min_child_weight"": 5, ""num_boost_round"": 150, ""subsample"": 0.8}",0.5618147055515242,,nested_tuning
0,1,clinical_plus_pathway,random_survival_forest,"{""max_features"": ""sqrt"", ""min_samples_leaf"": 5, ""n_estimators"": 500}",0.5277669703526036,,nested_tuning
0,1,clinical_plus_pathway,random_survival_forest,"{""max_features"": 0.5, ""min_samples_leaf"": 5, ""n_estimators"": 500}",0.45157326253168856,,nested_tuning
0,1,clinical_plus_pathway,random_survival_forest,"{""max_features"": ""sqrt"", ""min_samples_leaf"": 10, ""n_estimators"": 500}",0.5234078655758909,,nested_tuning
0,1,clinical_plus_pathway,random_survival_forest,"{""max_features"": 0.5, ""min_samples_leaf"": 10, ""n_estimators"": 500}",0.5419164575316768,,nested_tuning
0,1,clinical_plus_recast,survivalpfn,{},,,single_candidate_no_tuning
0,1,clinical_plus_recast,elastic_net_cox,"{""l1_ratio"": 0.0, ""penalizer"": 0.01}",0.6194453375612289,,nested_tuning
0,1,clinical_plus_recast,elastic_net_cox,"{""l1_ratio"": 0.5, ""penalizer"": 0.01}",0.5504722056380666,,nested_tuning
0,1,clinical_plus_recast,elastic_net_cox,"{""l1_ratio"": 0.0, ""penalizer"": 0.1}",0.5571935371302033,,nested_tuning
0,1,clinical_plus_recast,elastic_net_cox,"{""l1_ratio"": 0.5, ""penalizer"": 0.1}",0.49669492262058,,nested_tuning
0,1,clinical_plus_recast,elastic_net_cox,"{""l1_ratio"": 0.0, ""penalizer"": 1.0}",0.4987769910407167,,nested_tuning
0,1,clinical_plus_recast,elastic_net_cox,"{""l1_ratio"": 0.5, ""penalizer"": 1.0}",0.4910201982509385,,nested_tuning
0,1,clinical_plus_recast,elastic_net_cox,"{""l1_ratio"": 1.0, ""penalizer"": 0.1}",0.4967886049774275,,nested_tuning
0,1,clinical_plus_recast,elastic_net_cox,"{""l1_ratio"": 1.0, ""penalizer"": 1.0}",0.49072839355140535,,nested_tuning
0,1,clinical_plus_recast,xgb_aft,"{""colsample_bytree"": 0.8, ""eta"": 0.03, ""lambda"": 2.0, ""max_depth"": 1, ""min_child_weight"": 5, ""num_boost_round"": 150, ""subsample"": 0.8}",0.5315330735182725,,nested_tuning
0,1,clinical_plus_recast,xgb_aft,"{""colsample_bytree"": 0.8, ""eta"": 0.03, ""lambda"": 2.0, ""max_depth"": 2, ""min_child_weight"": 5, ""num_boost_round"": 150, ""subsample"": 0.8}",0.5503647345286211,,nested_tuning
0,1,clinical_plus_recast,xgb_aft,"{""colsample_bytree"": 0.8, ""eta"": 0.1, ""lambda"": 2.0, ""max_depth"": 1, ""min_child_weight"": 5, ""num_boost_round"": 150, ""subsample"": 0.8}",0.606607647521857,,nested_tuning
0,1,clinical_plus_recast,xgb_aft,"{""colsample_bytree"": 0.8, ""eta"": 0.1, ""lambda"": 2.0, ""max_depth"": 2, ""min_child_weight"": 5, ""num_boost_round"": 150, ""subsample"": 0.8}",0.5826551892878782,,nested_tuning
0,1,clinical_plus_recast,random_survival_forest,"{""max_features"": ""sqrt"", ""min_samples_leaf"": 5, ""n_estimators"": 500}",0.5214106226022264,,nested_tuning
0,1,clinical_plus_recast,random_survival_forest,"{""max_features"": 0.5, ""min_samples_leaf"": 5, ""n_estimators"": 500}",0.5308190792150888,,nested_tuning
0,1,clinical_plus_recast,random_survival_forest,"{""max_features"": ""sqrt"", ""min_samples_leaf"": 10, ""n_estimators"": 500}",0.5292627303976141,,nested_tuning
0,1,clinical_plus_recast,random_survival_forest,"{""max_features"": 0.5, ""min_samples_leaf"": 10, ""n_estimators"": 500}",0.5269442616614796,,nested_tuning
0,1,full,survivalpfn,{},,,single_candidate_no_tuning
0,1,full,elastic_net_cox,"{""l1_ratio"": 0.0, ""penalizer"": 0.01}",0.6255394957167877,,nested_tuning
0,1,full,elastic_net_cox,"{""l1_ratio"": 0.5, ""penalizer"": 0.01}",0.6160752490492459,,nested_tuning
0,1,full,elastic_net_cox,"{""l1_ratio"": 0.0, ""penalizer"": 0.1}",0.5953836984418805,,nested_tuning
0,1,full,elastic_net_cox,"{""l1_ratio"": 0.5, ""penalizer"": 0.1}",0.5948753725661344,,nested_tuning
0,1,full,elastic_net_cox,"{""l1_ratio"": 0.0, ""penalizer"": 1.0}",0.5953899144510006,,nested_tuning
0,1,full,elastic_net_cox,"{""l1_ratio"": 0.5, ""penalizer"": 1.0}",0.5850830131520981,,nested_tuning
0,1,full,elastic_net_cox,"{""l1_ratio"": 1.0, ""penalizer"": 0.1}",0.5635446836923126,,nested_tuning
0,1,full,elastic_net_cox,"{""l1_ratio"": 1.0, ""penalizer"": 1.0}",0.5837516229712203,,nested_tuning
0,1,full,xgb_aft,"{""colsample_bytree"": 0.8, ""eta"": 0.03, ""lambda"": 2.0, ""max_depth"": 1, ""min_child_weight"": 5, ""num_boost_round"": 150, ""subsample"": 0.8}",0.48133177785252657,,nested_tuning
0,1,full,xgb_aft,"{""colsample_bytree"": 0.8, ""eta"": 0.03, ""lambda"": 2.0, ""max_depth"": 2, ""min_child_weight"": 5, ""num_boost_round"": 150, ""subsample"": 0.8}",0.47554383336340383,,nested_tuning
0,1,full,xgb_aft,"{""colsample_bytree"": 0.8, ""eta"": 0.1, ""lambda"": 2.0, ""max_depth"": 1, ""min_child_weight"": 5, ""num_boost_round"": 150, ""subsample"": 0.8}",0.5349780933703745,,nested_tuning
0,1,full,xgb_aft,"{""colsample_bytree"": 0.8, ""eta"": 0.1, ""lambda"": 2.0, ""max_depth"": 2, ""min_child_weight"": 5, ""num_boost_round"": 150, ""subsample"": 0.8}",0.5244835683050045,,nested_tuning
0,1,full,random_survival_forest,"{""max_features"": ""sqrt"", ""min_samples_leaf"": 5, ""n_estimators"": 500}",0.5068271612544306,,nested_tuning
0,1,full,random_survival_forest,"{""max_features"": 0.5, ""min_samples_leaf"": 5, ""n_estimators"": 500}",0.43152018997071045,,nested_tuning
0,1,full,random_survival_forest,"{""max_features"": ""sqrt"", ""min_samples_leaf"": 10, ""n_estimators"": 500}",0.521575238126881,,nested_tuning
0,1,full,random_survival_forest,"{""max_features"": 0.5, ""min_samples_leaf"": 10, ""n_estimators"": 500}",0.5165302374965357,,nested_tuning
0,2,clinical,survivalpfn,{},,,single_candidate_no_tuning
0,2,clinical,elastic_net_cox,"{""l1_ratio"": 0.0, ""penalizer"": 0.01}",0.6003283872174279,,nested_tuning
0,2,clinical,elastic_net_cox,"{""l1_ratio"": 0.5, ""penalizer"": 0.01}",0.6001237518875447,,nested_tuning
0,2,clinical,elastic_net_cox,"{""l1_ratio"": 0.0, ""penalizer"": 0.1}",0.5913108880746483,,nested_tuning
0,2,clinical,elastic_net_cox,"{""l1_ratio"": 0.5, ""penalizer"": 0.1}",0.57277276487501,,nested_tuning
0,2,clinical,elastic_net_cox,"{""l1_ratio"": 0.0, ""penalizer"": 1.0}",0.5699599692702891,,nested_tuning
0,2,clinical,elastic_net_cox,"{""l1_ratio"": 0.5, ""penalizer"": 1.0}",0.5710874191914903,,nested_tuning
0,2,clinical,elastic_net_cox,"{""l1_ratio"": 1.0, ""penalizer"": 0.1}",0.563663658431741,,nested_tuning
0,2,clinical,elastic_net_cox,"{""l1_ratio"": 1.0, ""penalizer"": 1.0}",0.5717748691017064,,nested_tuning
0,2,clinical,xgb_aft,"{""colsample_bytree"": 0.8, ""eta"": 0.03, ""lambda"": 2.0, ""max_depth"": 1, ""min_child_weight"": 5, ""num_boost_round"": 150, ""subsample"": 0.8}",0.5537962427054237,,nested_tuning
0,2,clinical,xgb_aft,"{""colsample_bytree"": 0.8, ""eta"": 0.03, ""lambda"": 2.0, ""max_depth"": 2, ""min_child_weight"": 5, ""num_boost_round"": 150, ""subsample"": 0.8}",0.511644582207752,,nested_tuning
0,2,clinical,xgb_aft,"{""colsample_bytree"": 0.8, ""eta"": 0.1, ""lambda"": 2.0, ""max_depth"": 1, ""min_child_weight"": 5, ""num_boost_round"": 150, ""subsample"": 0.8}",0.5294823149208213,,nested_tuning
0,2,clinical,xgb_aft,"{""colsample_bytree"": 0.8, ""eta"": 0.1, ""lambda"": 2.0, ""max_depth"": 2, ""min_child_weight"": 5, ""num_boost_round"": 150, ""subsample"": 0.8}",0.48343739363408067,,nested_tuning
0,2,clinical,random_survival_forest,"{""max_features"": ""sqrt"", ""min_samples_leaf"": 5, ""n_estimators"": 500}",0.5721803037343056,,nested_tuning
0,2,clinical,random_survival_forest,"{""max_features"": 0.5, ""min_samples_leaf"": 5, ""n_estimators"": 500}",0.5143196210084204,,nested_tuning
0,2,clinical,random_survival_forest,"{""max_features"": ""sqrt"", ""min_samples_leaf"": 10, ""n_estimators"": 500}",0.5294646359110633,,nested_tuning
0,2,clinical,random_survival_forest,"{""max_features"": 0.5, ""min_samples_leaf"": 10, ""n_estimators"": 500}",0.5345848142515579,,nested_tuning
0,2,clinical_plus_pathway,survivalpfn,{},,,single_candidate_no_tuning
0,2,clinical_plus_pathway,elastic_net_cox,"{""l1_ratio"": 0.0, ""penalizer"": 0.01}",0.6082558416040159,,nested_tuning
0,2,clinical_plus_pathway,elastic_net_cox,"{""l1_ratio"": 0.5, ""penalizer"": 0.01}",0.6052782426823793,,nested_tuning
0,2,clinical_plus_pathway,elastic_net_cox,"{""l1_ratio"": 0.0, ""penalizer"": 0.1}",0.5909127361382631,,nested_tuning
0,2,clinical_plus_pathway,elastic_net_cox,"{""l1_ratio"": 0.5, ""penalizer"": 0.1}",0.5791375802118436,,nested_tuning
0,2,clinical_plus_pathway,elastic_net_cox,"{""l1_ratio"": 0.0, ""penalizer"": 1.0}",0.5628020859360335,,nested_tuning
0,2,clinical_plus_pathway,elastic_net_cox,"{""l1_ratio"": 0.5, ""penalizer"": 1.0}",0.4955103093320687,,nested_tuning
0,2,clinical_plus_pathway,elastic_net_cox,"{""l1_ratio"": 1.0, ""penalizer"": 0.1}",0.5302703241049197,,nested_tuning
0,2,clinical_plus_pathway,elastic_net_cox,"{""l1_ratio"": 1.0, ""penalizer"": 1.0}",0.4952451910447389,,nested_tuning
0,2,clinical_plus_pathway,xgb_aft,"{""colsample_bytree"": 0.8, ""eta"": 0.03, ""lambda"": 2.0, ""max_depth"": 1, ""min_child_weight"": 5, ""num_boost_round"": 150, ""subsample"": 0.8}",0.4667487212410741,,nested_tuning
0,2,clinical_plus_pathway,xgb_aft,"{""colsample_bytree"": 0.8, ""eta"": 0.03, ""lambda"": 2.0, ""max_depth"": 2, ""min_child_weight"": 5, ""num_boost_round"": 150, ""subsample"": 0.8}",0.48388439567067654,,nested_tuning
0,2,clinical_plus_pathway,xgb_aft,"{""colsample_bytree"": 0.8, ""eta"": 0.1, ""lambda"": 2.0, ""max_depth"": 1, ""min_child_weight"": 5, ""num_boost_round"": 150, ""subsample"": 0.8}",0.4683083008993795,,nested_tuning
0,2,clinical_plus_pathway,xgb_aft,"{""colsample_bytree"": 0.8, ""eta"": 0.1, ""lambda"": 2.0, ""max_depth"": 2, ""min_child_weight"": 5, ""num_boost_round"": 150, ""subsample"": 0.8}",0.4686509030022907,,nested_tuning
0,2,clinical_plus_pathway,random_survival_forest,"{""max_features"": ""sqrt"", ""min_samples_leaf"": 5, ""n_estimators"": 500}",0.5292175864669392,,nested_tuning
0,2,clinical_plus_pathway,random_survival_forest,"{""max_features"": 0.5, ""min_samples_leaf"": 5, ""n_estimators"": 500}",0.5347928127103838,,nested_tuning
0,2,clinical_plus_pathway,random_survival_forest,"{""max_features"": ""sqrt"", ""min_samples_leaf"": 10, ""n_estimators"": 500}",0.5091458669680174,,nested_tuning
0,2,clinical_plus_pathway,random_survival_forest,"{""max_features"": 0.5, ""min_samples_leaf"": 10, ""n_estimators"": 500}",0.5341940576692454,,nested_tuning
0,2,clinical_plus_recast,survivalpfn,{},,,single_candidate_no_tuning
0,2,clinical_plus_recast,elastic_net_cox,"{""l1_ratio"": 0.0, ""penalizer"": 0.01}",0.5516645393730497,,nested_tuning
0,2,clinical_plus_recast,elastic_net_cox,"{""l1_ratio"": 0.5, ""penalizer"": 0.01}",0.5497641780641447,,nested_tuning
0,2,clinical_plus_recast,elastic_net_cox,"{""l1_ratio"": 0.0, ""penalizer"": 0.1}",0.5536889886218296,,nested_tuning
0,2,clinical_plus_recast,elastic_net_cox,"{""l1_ratio"": 0.5, ""penalizer"": 0.1}",0.5724669399214002,,nested_tuning
0,2,clinical_plus_recast,elastic_net_cox,"{""l1_ratio"": 0.0, ""penalizer"": 1.0}",0.5528895097572042,,nested_tuning
0,2,clinical_plus_recast,elastic_net_cox,"{""l1_ratio"": 0.5, ""penalizer"": 1.0}",0.5300968970176362,,nested_tuning
0,2,clinical_plus_recast,elastic_net_cox,"{""l1_ratio"": 1.0, ""penalizer"": 0.1}",0.5646678345188513,,nested_tuning
0,2,clinical_plus_recast,elastic_net_cox,"{""l1_ratio"": 1.0, ""penalizer"": 1.0}",0.5314377646445508,,nested_tuning
0,2,clinical_plus_recast,xgb_aft,"{""colsample_bytree"": 0.8, ""eta"": 0.03, ""lambda"": 2.0, ""max_depth"": 1, ""min_child_weight"": 5, ""num_boost_round"": 150, ""subsample"": 0.8}",0.48862687776893565,,nested_tuning
0,2,clinical_plus_recast,xgb_aft,"{""colsample_bytree"": 0.8, ""eta"": 0.03, ""lambda"": 2.0, ""max_depth"": 2, ""min_child_weight"": 5, ""num_boost_round"": 150, ""subsample"": 0.8}",0.4768848077682448,,nested_tuning
0,2,clinical_plus_recast,xgb_aft,"{""colsample_bytree"": 0.8, ""eta"": 0.1, ""lambda"": 2.0, ""max_depth"": 1, ""min_child_weight"": 5, ""num_boost_round"": 150, ""subsample"": 0.8}",0.5159035595268733,,nested_tuning
0,2,clinical_plus_recast,xgb_aft,"{""colsample_bytree"": 0.8, ""eta"": 0.1, ""lambda"": 2.0, ""max_depth"": 2, ""min_child_weight"": 5, ""num_boost_round"": 150, ""subsample"": 0.8}",0.48087700254697274,,nested_tuning
0,2,clinical_plus_recast,random_survival_forest,"{""max_features"": ""sqrt"", ""min_samples_leaf"": 5, ""n_estimators"": 500}",0.4783899862353316,,nested_tuning
0,2,clinical_plus_recast,random_survival_forest,"{""max_features"": 0.5, ""min_samples_leaf"": 5, ""n_estimators"": 500}",0.5027260688629349,,nested_tuning
0,2,clinical_plus_recast,random_survival_forest,"{""max_features"": ""sqrt"", ""min_samples_leaf"": 10, ""n_estimators"": 500}",0.5057802719577906,,nested_tuning
0,2,clinical_plus_recast,random_survival_forest,"{""max_features"": 0.5, ""min_samples_leaf"": 10, ""n_estimators"": 500}",0.49405134306704107,,nested_tuning
0,2,full,survivalpfn,{},,,single_candidate_no_tuning
0,2,full,elastic_net_cox,"{""l1_ratio"": 0.0, ""penalizer"": 0.01}",0.563110835280513,,nested_tuning
0,2,full,elastic_net_cox,"{""l1_ratio"": 0.5, ""penalizer"": 0.01}",0.5605940018337251,,nested_tuning
0,2,full,elastic_net_cox,"{""l1_ratio"": 0.0, ""penalizer"": 0.1}",0.5549363008537219,,nested_tuning
0,2,full,elastic_net_cox,"{""l1_ratio"": 0.5, ""penalizer"": 0.1}",0.5388269517878805,,nested_tuning
0,2,full,elastic_net_cox,"{""l1_ratio"": 0.0, ""penalizer"": 1.0}",0.5629518643274386,,nested_tuning
0,2,full,elastic_net_cox,"{""l1_ratio"": 0.5, ""penalizer"": 1.0}",0.47800237519407884,,nested_tuning
0,2,full,elastic_net_cox,"{""l1_ratio"": 1.0, ""penalizer"": 0.1}",0.5314486259867802,,nested_tuning
0,2,full,elastic_net_cox,"{""l1_ratio"": 1.0, ""penalizer"": 1.0}",0.47873319885935417,,nested_tuning
0,2,full,xgb_aft,"{""colsample_bytree"": 0.8, ""eta"": 0.03, ""lambda"": 2.0, ""max_depth"": 1, ""min_child_weight"": 5, ""num_boost_round"": 150, ""subsample"": 0.8}",0.4490998036949487,,nested_tuning
0,2,full,xgb_aft,"{""colsample_bytree"": 0.8, ""eta"": 0.03, ""lambda"": 2.0, ""max_depth"": 2, ""min_child_weight"": 5, ""num_boost_round"": 150, ""subsample"": 0.8}",0.47929734838186966,,nested_tuning
0,2,full,xgb_aft,"{""colsample_bytree"": 0.8, ""eta"": 0.1, ""lambda"": 2.0, ""max_depth"": 1, ""min_child_weight"": 5, ""num_boost_round"": 150, ""subsample"": 0.8}",0.46579211042447644,,nested_tuning
0,2,full,xgb_aft,"{""colsample_bytree"": 0.8, ""eta"": 0.1, ""lambda"": 2.0, ""max_depth"": 2, ""min_child_weight"": 5, ""num_boost_round"": 150, ""subsample"": 0.8}",0.4654558559506753,,nested_tuning
0,2,full,random_survival_forest,"{""max_features"": ""sqrt"", ""min_samples_leaf"": 5, ""n_estimators"": 500}",0.5359843848753698,,nested_tuning
0,2,full,random_survival_forest,"{""max_features"": 0.5, ""min_samples_leaf"": 5, ""n_estimators"": 500}",0.48095822326890714,,nested_tuning
0,2,full,random_survival_forest,"{""max_features"": ""sqrt"", ""min_samples_leaf"": 10, ""n_estimators"": 500}",0.4905579868582447,,nested_tuning
0,2,full,random_survival_forest,"{""max_features"": 0.5, ""min_samples_leaf"": 10, ""n_estimators"": 500}",0.5032076639643628,,nested_tuning
0,3,clinical,survivalpfn,{},,,single_candidate_no_tuning
0,3,clinical,elastic_net_cox,"{""l1_ratio"": 0.0, ""penalizer"": 0.01}",0.6133263841220491,,nested_tuning
0,3,clinical,elastic_net_cox,"{""l1_ratio"": 0.5, ""penalizer"": 0.01}",0.6145896591387643,,nested_tuning
0,3,clinical,elastic_net_cox,"{""l1_ratio"": 0.0, ""penalizer"": 0.1}",0.6250869478133299,,nested_tuning
0,3,clinical,elastic_net_cox,"{""l1_ratio"": 0.5, ""penalizer"": 0.1}",0.6305941492613327,,nested_tuning
0,3,clinical,elastic_net_cox,"{""l1_ratio"": 0.0, ""penalizer"": 1.0}",0.621488866058215,,nested_tuning
0,3,clinical,elastic_net_cox,"{""l1_ratio"": 0.5, ""penalizer"": 1.0}",0.6235033004096736,,nested_tuning
0,3,clinical,elastic_net_cox,"{""l1_ratio"": 1.0, ""penalizer"": 0.1}",0.6313346256633924,,nested_tuning
0,3,clinical,elastic_net_cox,"{""l1_ratio"": 1.0, ""penalizer"": 1.0}",0.6235033004096736,,nested_tuning
0,3,clinical,xgb_aft,"{""colsample_bytree"": 0.8, ""eta"": 0.03, ""lambda"": 2.0, ""max_depth"": 1, ""min_child_weight"": 5, ""num_boost_round"": 150, ""subsample"": 0.8}",0.5826688065263005,,nested_tuning
0,3,clinical,xgb_aft,"{""colsample_bytree"": 0.8, ""eta"": 0.03, ""lambda"": 2.0, ""max_depth"": 2, ""min_child_weight"": 5, ""num_boost_round"": 150, ""subsample"": 0.8}",0.5738629098940746,,nested_tuning
0,3,clinical,xgb_aft,"{""colsample_bytree"": 0.8, ""eta"": 0.1, ""lambda"": 2.0, ""max_depth"": 1, ""min_child_weight"": 5, ""num_boost_round"": 150, ""subsample"": 0.8}",0.585076740665051,,nested_tuning
0,3,clinical,xgb_aft,"{""colsample_bytree"": 0.8, ""eta"": 0.1, ""lambda"": 2.0, ""max_depth"": 2, ""min_child_weight"": 5, ""num_boost_round"": 150, ""subsample"": 0.8}",0.5447477634442197,,nested_tuning
0,3,clinical,random_survival_forest,"{""max_features"": ""sqrt"", ""min_samples_leaf"": 5, ""n_estimators"": 500}",0.5928450162157899,,nested_tuning
0,3,clinical,random_survival_forest,"{""max_features"": 0.5, ""min_samples_leaf"": 5, ""n_estimators"": 500}",0.5713321751855482,,nested_tuning
0,3,clinical,random_survival_forest,"{""max_features"": ""sqrt"", ""min_samples_leaf"": 10, ""n_estimators"": 500}",0.5737534088972334,,nested_tuning
0,3,clinical,random_survival_forest,"{""max_features"": 0.5, ""min_samples_leaf"": 10, ""n_estimators"": 500}",0.5736747168546013,,nested_tuning
0,3,clinical_plus_pathway,survivalpfn,{},,,single_candidate_no_tuning
0,3,clinical_plus_pathway,elastic_net_cox,"{""l1_ratio"": 0.0, ""penalizer"": 0.01}",0.5031878035037279,,nested_tuning
0,3,clinical_plus_pathway,elastic_net_cox,"{""l1_ratio"": 0.5, ""penalizer"": 0.01}",0.4974092131890513,,nested_tuning
0,3,clinical_plus_pathway,elastic_net_cox,"{""l1_ratio"": 0.0, ""penalizer"": 0.1}",0.515791027948462,,nested_tuning
0,3,clinical_plus_pathway,elastic_net_cox,"{""l1_ratio"": 0.5, ""penalizer"": 0.1}",0.5841373888348753,,nested_tuning
0,3,clinical_plus_pathway,elastic_net_cox,"{""l1_ratio"": 0.0, ""penalizer"": 1.0}",0.5739220002259512,,nested_tuning
0,3,clinical_plus_pathway,elastic_net_cox,"{""l1_ratio"": 0.5, ""penalizer"": 1.0}",0.5701571742255239,,nested_tuning
0,3,clinical_plus_pathway,elastic_net_cox,"{""l1_ratio"": 1.0, ""penalizer"": 0.1}",0.5874113302718682,,nested_tuning
0,3,clinical_plus_pathway,elastic_net_cox,"{""l1_ratio"": 1.0, ""penalizer"": 1.0}",0.5701571742255239,,nested_tuning
0,3,clinical_plus_pathway,xgb_aft,"{""colsample_bytree"": 0.8, ""eta"": 0.03, ""lambda"": 2.0, ""max_depth"": 1, ""min_child_weight"": 5, ""num_boost_round"": 150, ""subsample"": 0.8}",0.536004062363949,,nested_tuning
0,3,clinical_plus_pathway,xgb_aft,"{""colsample_bytree"": 0.8, ""eta"": 0.03, ""lambda"": 2.0, ""max_depth"": 2, ""min_child_weight"": 5, ""num_boost_round"": 150, ""subsample"": 0.8}",0.5555717405922532,,nested_tuning
0,3,clinical_plus_pathway,xgb_aft,"{""colsample_bytree"": 0.8, ""eta"": 0.1, ""lambda"": 2.0, ""max_depth"": 1, ""min_child_weight"": 5, ""num_boost_round"": 150, ""subsample"": 0.8}",0.5222871716002533,,nested_tuning
0,3,clinical_plus_pathway,xgb_aft,"{""colsample_bytree"": 0.8, ""eta"": 0.1, ""lambda"": 2.0, ""max_depth"": 2, ""min_child_weight"": 5, ""num_boost_round"": 150, ""subsample"": 0.8}",0.5182639621169041,,nested_tuning
0,3,clinical_plus_pathway,random_survival_forest,"{""max_features"": ""sqrt"", ""min_samples_leaf"": 5, ""n_estimators"": 500}",0.5187699007812236,,nested_tuning
0,3,clinical_plus_pathway,random_survival_forest,"{""max_features"": 0.5, ""min_samples_leaf"": 5, ""n_estimators"": 500}",0.5424318146515388,,nested_tuning
0,3,clinical_plus_pathway,random_survival_forest,"{""max_features"": ""sqrt"", ""min_samples_leaf"": 10, ""n_estimators"": 500}",0.5297431126807386,,nested_tuning
0,3,clinical_plus_pathway,random_survival_forest,"{""max_features"": 0.5, ""min_samples_leaf"": 10, ""n_estimators"": 500}",0.5403934613059591,,nested_tuning
0,3,clinical_plus_recast,survivalpfn,{},,,single_candidate_no_tuning
0,3,clinical_plus_recast,elastic_net_cox,"{""l1_ratio"": 0.0, ""penalizer"": 0.01}",0.5978069144653211,,nested_tuning
0,3,clinical_plus_recast,elastic_net_cox,"{""l1_ratio"": 0.5, ""penalizer"": 0.01}",0.6065904696877753,,nested_tuning
0,3,clinical_plus_recast,elastic_net_cox,"{""l1_ratio"": 0.0, ""penalizer"": 0.1}",0.610845075117908,,nested_tuning
0,3,clinical_plus_recast,elastic_net_cox,"{""l1_ratio"": 0.5, ""penalizer"": 0.1}",0.6019933648701705,,nested_tuning
0,3,clinical_plus_recast,elastic_net_cox,"{""l1_ratio"": 0.0, ""penalizer"": 1.0}",0.5980963373196325,,nested_tuning
0,3,clinical_plus_recast,elastic_net_cox,"{""l1_ratio"": 0.5, ""penalizer"": 1.0}",0.5965587787853359,,nested_tuning
0,3,clinical_plus_recast,elastic_net_cox,"{""l1_ratio"": 1.0, ""penalizer"": 0.1}",0.6037213768562493,,nested_tuning
0,3,clinical_plus_recast,elastic_net_cox,"{""l1_ratio"": 1.0, ""penalizer"": 1.0}",0.5965587787853359,,nested_tuning
0,3,clinical_plus_recast,xgb_aft,"{""colsample_bytree"": 0.8, ""eta"": 0.03, ""lambda"": 2.0, ""max_depth"": 1, ""min_child_weight"": 5, ""num_boost_round"": 150, ""subsample"": 0.8}",0.5459895177511035,,nested_tuning
0,3,clinical_plus_recast,xgb_aft,"{""colsample_bytree"": 0.8, ""eta"": 0.03, ""lambda"": 2.0, ""max_depth"": 2, ""min_child_weight"": 5, ""num_boost_round"": 150, ""subsample"": 0.8}",0.5530050621237095,,nested_tuning
0,3,clinical_plus_recast,xgb_aft,"{""colsample_bytree"": 0.8, ""eta"": 0.1, ""lambda"": 2.0, ""max_depth"": 1, ""min_child_weight"": 5, ""num_boost_round"": 150, ""subsample"": 0.8}",0.5804872356745138,,nested_tuning
0,3,clinical_plus_recast,xgb_aft,"{""colsample_bytree"": 0.8, ""eta"": 0.1, ""lambda"": 2.0, ""max_depth"": 2, ""min_child_weight"": 5, ""num_boost_round"": 150, ""subsample"": 0.8}",0.5749888258714588,,nested_tuning
0,3,clinical_plus_recast,random_survival_forest,"{""max_features"": ""sqrt"", ""min_samples_leaf"": 5, ""n_estimators"": 500}",0.5119939535211693,,nested_tuning
0,3,clinical_plus_recast,random_survival_forest,"{""max_features"": 0.5, ""min_samples_leaf"": 5, ""n_estimators"": 500}",0.4820185980636329,,nested_tuning
0,3,clinical_plus_recast,random_survival_forest,"{""max_features"": ""sqrt"", ""min_samples_leaf"": 10, ""n_estimators"": 500}",0.5279697982853182,,nested_tuning
0,3,clinical_plus_recast,random_survival_forest,"{""max_features"": 0.5, ""min_samples_leaf"": 10, ""n_estimators"": 500}",0.5191966879890018,,nested_tuning
0,3,full,survivalpfn,{},,,single_candidate_no_tuning
0,3,full,elastic_net_cox,"{""l1_ratio"": 0.0, ""penalizer"": 0.01}",0.5141978756724092,,nested_tuning
0,3,full,elastic_net_cox,"{""l1_ratio"": 0.5, ""penalizer"": 0.01}",0.5097110201597823,,nested_tuning
0,3,full,elastic_net_cox,"{""l1_ratio"": 0.0, ""penalizer"": 0.1}",0.5328096687035726,,nested_tuning
0,3,full,elastic_net_cox,"{""l1_ratio"": 0.5, ""penalizer"": 0.1}",0.5685800949060389,,nested_tuning
0,3,full,elastic_net_cox,"{""l1_ratio"": 0.0, ""penalizer"": 1.0}",0.5586452688128163,,nested_tuning
0,3,full,elastic_net_cox,"{""l1_ratio"": 0.5, ""penalizer"": 1.0}",0.5711012205837019,,nested_tuning
0,3,full,elastic_net_cox,"{""l1_ratio"": 1.0, ""penalizer"": 0.1}",0.5403553546209565,,nested_tuning
0,3,full,elastic_net_cox,"{""l1_ratio"": 1.0, ""penalizer"": 1.0}",0.5721935254935456,,nested_tuning
0,3,full,xgb_aft,"{""colsample_bytree"": 0.8, ""eta"": 0.03, ""lambda"": 2.0, ""max_depth"": 1, ""min_child_weight"": 5, ""num_boost_round"": 150, ""subsample"": 0.8}",0.4938085447517122,,nested_tuning
0,3,full,xgb_aft,"{""colsample_bytree"": 0.8, ""eta"": 0.03, ""lambda"": 2.0, ""max_depth"": 2, ""min_child_weight"": 5, ""num_boost_round"": 150, ""subsample"": 0.8}",0.5157238621628683,,nested_tuning
0,3,full,xgb_aft,"{""colsample_bytree"": 0.8, ""eta"": 0.1, ""lambda"": 2.0, ""max_depth"": 1, ""min_child_weight"": 5, ""num_boost_round"": 150, ""subsample"": 0.8}",0.5034309015676179,,nested_tuning
0,3,full,xgb_aft,"{""colsample_bytree"": 0.8, ""eta"": 0.1, ""lambda"": 2.0, ""max_depth"": 2, ""min_child_weight"": 5, ""num_boost_round"": 150, ""subsample"": 0.8}",0.5127451340938636,,nested_tuning
0,3,full,random_survival_forest,"{""max_features"": ""sqrt"", ""min_samples_leaf"": 5, ""n_estimators"": 500}",0.5036339386242461,,nested_tuning
0,3,full,random_survival_forest,"{""max_features"": 0.5, ""min_samples_leaf"": 5, ""n_estimators"": 500}",0.5287692054403679,,nested_tuning
0,3,full,random_survival_forest,"{""max_features"": ""sqrt"", ""min_samples_leaf"": 10, ""n_estimators"": 500}",0.5222889345442838,,nested_tuning
0,3,full,random_survival_forest,"{""max_features"": 0.5, ""min_samples_leaf"": 10, ""n_estimators"": 500}",0.5446279479324062,,nested_tuning
0,4,clinical,survivalpfn,{},,,single_candidate_no_tuning
0,4,clinical,elastic_net_cox,"{""l1_ratio"": 0.0, ""penalizer"": 0.01}",,"ConvergenceWarning: Column x5 have very low variance when conditioned on death event present or not. This may harm convergence. This could be a form of 'complete separation'. For example, try the following code:

>>> events = df['event'].astype(bool)
>>> print(df.loc[events, 'x5'].var())
>>> print(df.loc[~events, 'x5'].var())

A very low variance means that the column x5 completely determines whether a subject dies or not. See https://stats.stackexchange.com/questions/11109/how-to-deal-with-perfect-separation-in-logistic-regression.
",nested_tuning
0,4,clinical,elastic_net_cox,"{""l1_ratio"": 0.5, ""penalizer"": 0.01}",,"ConvergenceWarning: Column x5 have very low variance when conditioned on death event present or not. This may harm convergence. This could be a form of 'complete separation'. For example, try the following code:

>>> events = df['event'].astype(bool)
>>> print(df.loc[events, 'x5'].var())
>>> print(df.loc[~events, 'x5'].var())

A very low variance means that the column x5 completely determines whether a subject dies or not. See https://stats.stackexchange.com/questions/11109/how-to-deal-with-perfect-separation-in-logistic-regression.
",nested_tuning
0,4,clinical,elastic_net_cox,"{""l1_ratio"": 0.0, ""penalizer"": 0.1}",0.6174345247911889,,nested_tuning
0,4,clinical,elastic_net_cox,"{""l1_ratio"": 0.5, ""penalizer"": 0.1}",0.5771956890606276,,nested_tuning
0,4,clinical,elastic_net_cox,"{""l1_ratio"": 0.0, ""penalizer"": 1.0}",0.572026957638948,,nested_tuning
0,4,clinical,elastic_net_cox,"{""l1_ratio"": 0.5, ""penalizer"": 1.0}",0.5979753652773085,,nested_tuning
0,4,clinical,elastic_net_cox,"{""l1_ratio"": 1.0, ""penalizer"": 0.1}",0.5882402922884169,,nested_tuning
0,4,clinical,elastic_net_cox,"{""l1_ratio"": 1.0, ""penalizer"": 1.0}",0.5982796209546406,,nested_tuning
0,4,clinical,xgb_aft,"{""colsample_bytree"": 0.8, ""eta"": 0.03, ""lambda"": 2.0, ""max_depth"": 1, ""min_child_weight"": 5, ""num_boost_round"": 150, ""subsample"": 0.8}",0.48350117800621234,,nested_tuning
0,4,clinical,xgb_aft,"{""colsample_bytree"": 0.8, ""eta"": 0.03, ""lambda"": 2.0, ""max_depth"": 2, ""min_child_weight"": 5, ""num_boost_round"": 150, ""subsample"": 0.8}",0.47618625979140683,,nested_tuning
0,4,clinical,xgb_aft,"{""colsample_bytree"": 0.8, ""eta"": 0.1, ""lambda"": 2.0, ""max_depth"": 1, ""min_child_weight"": 5, ""num_boost_round"": 150, ""subsample"": 0.8}",0.48256487084575433,,nested_tuning
0,4,clinical,xgb_aft,"{""colsample_bytree"": 0.8, ""eta"": 0.1, ""lambda"": 2.0, ""max_depth"": 2, ""min_child_weight"": 5, ""num_boost_round"": 150, ""subsample"": 0.8}",0.45873889369813337,,nested_tuning
0,4,clinical,random_survival_forest,"{""max_features"": ""sqrt"", ""min_samples_leaf"": 5, ""n_estimators"": 500}",0.560042842419002,,nested_tuning
0,4,clinical,random_survival_forest,"{""max_features"": 0.5, ""min_samples_leaf"": 5, ""n_estimators"": 500}",0.5290768985083497,,nested_tuning
0,4,clinical,random_survival_forest,"{""max_features"": ""sqrt"", ""min_samples_leaf"": 10, ""n_estimators"": 500}",0.5540669063175079,,nested_tuning
0,4,clinical,random_survival_forest,"{""max_features"": 0.5, ""min_samples_leaf"": 10, ""n_estimators"": 500}",0.5517690725000338,,nested_tuning
0,4,clinical_plus_pathway,survivalpfn,{},,,single_candidate_no_tuning
0,4,clinical_plus_pathway,elastic_net_cox,"{""l1_ratio"": 0.0, ""penalizer"": 0.01}",0.6131634832113257,,nested_tuning
0,4,clinical_plus_pathway,elastic_net_cox,"{""l1_ratio"": 0.5, ""penalizer"": 0.01}",,LinAlgWarning: An ill-conditioned matrix detected: slice 0 has rcond = 1.8108328023189023e-16.,nested_tuning
0,4,clinical_plus_pathway,elastic_net_cox,"{""l1_ratio"": 0.0, ""penalizer"": 0.1}",0.6033462498954689,,nested_tuning
0,4,clinical_plus_pathway,elastic_net_cox,"{""l1_ratio"": 0.5, ""penalizer"": 0.1}",0.6574610849217266,,nested_tuning
0,4,clinical_plus_pathway,elastic_net_cox,"{""l1_ratio"": 0.0, ""penalizer"": 1.0}",0.5984336665644425,,nested_tuning
0,4,clinical_plus_pathway,elastic_net_cox,"{""l1_ratio"": 0.5, ""penalizer"": 1.0}",0.5488024101154675,,nested_tuning
0,4,clinical_plus_pathway,elastic_net_cox,"{""l1_ratio"": 1.0, ""penalizer"": 0.1}",0.6073409883048763,,nested_tuning
0,4,clinical_plus_pathway,elastic_net_cox,"{""l1_ratio"": 1.0, ""penalizer"": 1.0}",0.5484657138231642,,nested_tuning
0,4,clinical_plus_pathway,xgb_aft,"{""colsample_bytree"": 0.8, ""eta"": 0.03, ""lambda"": 2.0, ""max_depth"": 1, ""min_child_weight"": 5, ""num_boost_round"": 150, ""subsample"": 0.8}",0.5486497837520794,,nested_tuning
0,4,clinical_plus_pathway,xgb_aft,"{""colsample_bytree"": 0.8, ""eta"": 0.03, ""lambda"": 2.0, ""max_depth"": 2, ""min_child_weight"": 5, ""num_boost_round"": 150, ""subsample"": 0.8}",0.5512166507624066,,nested_tuning
0,4,clinical_plus_pathway,xgb_aft,"{""colsample_bytree"": 0.8, ""eta"": 0.1, ""lambda"": 2.0, ""max_depth"": 1, ""min_child_weight"": 5, ""num_boost_round"": 150, ""subsample"": 0.8}",0.5422668324808819,,nested_tuning
0,4,clinical_plus_pathway,xgb_aft,"{""colsample_bytree"": 0.8, ""eta"": 0.1, ""lambda"": 2.0, ""max_depth"": 2, ""min_child_weight"": 5, ""num_boost_round"": 150, ""subsample"": 0.8}",0.5545685588711595,,nested_tuning
0,4,clinical_plus_pathway,random_survival_forest,"{""max_features"": ""sqrt"", ""min_samples_leaf"": 5, ""n_estimators"": 500}",0.5924070805013799,,nested_tuning
0,4,clinical_plus_pathway,random_survival_forest,"{""max_features"": 0.5, ""min_samples_leaf"": 5, ""n_estimators"": 500}",0.5937856421234533,,nested_tuning
0,4,clinical_plus_pathway,random_survival_forest,"{""max_features"": ""sqrt"", ""min_samples_leaf"": 10, ""n_estimators"": 500}",0.6139895893878531,,nested_tuning
0,4,clinical_plus_pathway,random_survival_forest,"{""max_features"": 0.5, ""min_samples_leaf"": 10, ""n_estimators"": 500}",0.6110949919588126,,nested_tuning
0,4,clinical_plus_recast,survivalpfn,{},,,single_candidate_no_tuning
0,4,clinical_plus_recast,elastic_net_cox,"{""l1_ratio"": 0.0, ""penalizer"": 0.01}",0.6270906907181271,,nested_tuning
0,4,clinical_plus_recast,elastic_net_cox,"{""l1_ratio"": 0.5, ""penalizer"": 0.01}",0.619961007580467,,nested_tuning
0,4,clinical_plus_recast,elastic_net_cox,"{""l1_ratio"": 0.0, ""penalizer"": 0.1}",0.5997404306646565,,nested_tuning
0,4,clinical_plus_recast,elastic_net_cox,"{""l1_ratio"": 0.5, ""penalizer"": 0.1}",0.6240714219218597,,nested_tuning
0,4,clinical_plus_recast,elastic_net_cox,"{""l1_ratio"": 0.0, ""penalizer"": 1.0}",0.5864159244979004,,nested_tuning
0,4,clinical_plus_recast,elastic_net_cox,"{""l1_ratio"": 0.5, ""penalizer"": 1.0}",0.577104908574596,,nested_tuning
0,4,clinical_plus_recast,elastic_net_cox,"{""l1_ratio"": 1.0, ""penalizer"": 0.1}",0.6102900185149487,,nested_tuning
0,4,clinical_plus_recast,elastic_net_cox,"{""l1_ratio"": 1.0, ""penalizer"": 1.0}",0.577104908574596,,nested_tuning
0,4,clinical_plus_recast,xgb_aft,"{""colsample_bytree"": 0.8, ""eta"": 0.03, ""lambda"": 2.0, ""max_depth"": 1, ""min_child_weight"": 5, ""num_boost_round"": 150, ""subsample"": 0.8}",0.46991211829150814,,nested_tuning
0,4,clinical_plus_recast,xgb_aft,"{""colsample_bytree"": 0.8, ""eta"": 0.03, ""lambda"": 2.0, ""max_depth"": 2, ""min_child_weight"": 5, ""num_boost_round"": 150, ""subsample"": 0.8}",0.5194700969092877,,nested_tuning
0,4,clinical_plus_recast,xgb_aft,"{""colsample_bytree"": 0.8, ""eta"": 0.1, ""lambda"": 2.0, ""max_depth"": 1, ""min_child_weight"": 5, ""num_boost_round"": 150, ""subsample"": 0.8}",0.5212985718372474,,nested_tuning
0,4,clinical_plus_recast,xgb_aft,"{""colsample_bytree"": 0.8, ""eta"": 0.1, ""lambda"": 2.0, ""max_depth"": 2, ""min_child_weight"": 5, ""num_boost_round"": 150, ""subsample"": 0.8}",0.5437436903301238,,nested_tuning
0,4,clinical_plus_recast,random_survival_forest,"{""max_features"": ""sqrt"", ""min_samples_leaf"": 5, ""n_estimators"": 500}",0.509147318842776,,nested_tuning
0,4,clinical_plus_recast,random_survival_forest,"{""max_features"": 0.5, ""min_samples_leaf"": 5, ""n_estimators"": 500}",0.5443391017501581,,nested_tuning
0,4,clinical_plus_recast,random_survival_forest,"{""max_features"": ""sqrt"", ""min_samples_leaf"": 10, ""n_estimators"": 500}",0.5439993458866867,,nested_tuning
0,4,clinical_plus_recast,random_survival_forest,"{""max_features"": 0.5, ""min_samples_leaf"": 10, ""n_estimators"": 500}",0.5681674737409887,,nested_tuning
0,4,full,survivalpfn,{},,,single_candidate_no_tuning
0,4,full,elastic_net_cox,"{""l1_ratio"": 0.0, ""penalizer"": 0.01}",0.5890333631418875,,nested_tuning
0,4,full,elastic_net_cox,"{""l1_ratio"": 0.5, ""penalizer"": 0.01}",0.596165503930395,,nested_tuning
0,4,full,elastic_net_cox,"{""l1_ratio"": 0.0, ""penalizer"": 0.1}",0.5900827758839438,,nested_tuning
0,4,full,elastic_net_cox,"{""l1_ratio"": 0.5, ""penalizer"": 0.1}",0.6334156700474098,,nested_tuning
0,4,full,elastic_net_cox,"{""l1_ratio"": 0.0, ""penalizer"": 1.0}",0.5798092513834201,,nested_tuning
0,4,full,elastic_net_cox,"{""l1_ratio"": 0.5, ""penalizer"": 1.0}",0.5057412929292724,,nested_tuning
0,4,full,elastic_net_cox,"{""l1_ratio"": 1.0, ""penalizer"": 0.1}",0.5793111718400499,,nested_tuning
0,4,full,elastic_net_cox,"{""l1_ratio"": 1.0, ""penalizer"": 1.0}",0.5061323667257754,,nested_tuning
0,4,full,xgb_aft,"{""colsample_bytree"": 0.8, ""eta"": 0.03, ""lambda"": 2.0, ""max_depth"": 1, ""min_child_weight"": 5, ""num_boost_round"": 150, ""subsample"": 0.8}",0.5264050694813432,,nested_tuning
0,4,full,xgb_aft,"{""colsample_bytree"": 0.8, ""eta"": 0.03, ""lambda"": 2.0, ""max_depth"": 2, ""min_child_weight"": 5, ""num_boost_round"": 150, ""subsample"": 0.8}",0.5966674729096952,,nested_tuning
0,4,full,xgb_aft,"{""colsample_bytree"": 0.8, ""eta"": 0.1, ""lambda"": 2.0, ""max_depth"": 1, ""min_child_weight"": 5, ""num_boost_round"": 150, ""subsample"": 0.8}",0.535100145422633,,nested_tuning
0,4,full,xgb_aft,"{""colsample_bytree"": 0.8, ""eta"": 0.1, ""lambda"": 2.0, ""max_depth"": 2, ""min_child_weight"": 5, ""num_boost_round"": 150, ""subsample"": 0.8}",0.5455642691265259,,nested_tuning
0,4,full,random_survival_forest,"{""max_features"": ""sqrt"", ""min_samples_leaf"": 5, ""n_estimators"": 500}",0.5579706682751391,,nested_tuning
0,4,full,random_survival_forest,"{""max_features"": 0.5, ""min_samples_leaf"": 5, ""n_estimators"": 500}",0.5916456945887978,,nested_tuning
0,4,full,random_survival_forest,"{""max_features"": ""sqrt"", ""min_samples_leaf"": 10, ""n_estimators"": 500}",0.5562556478827629,,nested_tuning
0,4,full,random_survival_forest,"{""max_features"": 0.5, ""min_samples_leaf"": 10, ""n_estimators"": 500}",0.5741580860930658,,nested_tuning
1,0,clinical,survivalpfn,{},,,single_candidate_no_tuning
1,0,clinical,elastic_net_cox,"{""l1_ratio"": 0.0, ""penalizer"": 0.01}",0.5816471053089205,,nested_tuning
1,0,clinical,elastic_net_cox,"{""l1_ratio"": 0.5, ""penalizer"": 0.01}",0.5875049033974338,,nested_tuning
1,0,clinical,elastic_net_cox,"{""l1_ratio"": 0.0, ""penalizer"": 0.1}",0.573200876913217,,nested_tuning
1,0,clinical,elastic_net_cox,"{""l1_ratio"": 0.5, ""penalizer"": 0.1}",0.6568226165310239,,nested_tuning
1,0,clinical,elastic_net_cox,"{""l1_ratio"": 0.0, ""penalizer"": 1.0}",0.6559630959293288,,nested_tuning
1,0,clinical,elastic_net_cox,"{""l1_ratio"": 0.5, ""penalizer"": 1.0}",0.6505038815687938,,nested_tuning
1,0,clinical,elastic_net_cox,"{""l1_ratio"": 1.0, ""penalizer"": 0.1}",0.6477647121564157,,nested_tuning
1,0,clinical,elastic_net_cox,"{""l1_ratio"": 1.0, ""penalizer"": 1.0}",0.6502494118627391,,nested_tuning
1,0,clinical,xgb_aft,"{""colsample_bytree"": 0.8, ""eta"": 0.03, ""lambda"": 2.0, ""max_depth"": 1, ""min_child_weight"": 5, ""num_boost_round"": 150, ""subsample"": 0.8}",0.5221164200048249,,nested_tuning
1,0,clinical,xgb_aft,"{""colsample_bytree"": 0.8, ""eta"": 0.03, ""lambda"": 2.0, ""max_depth"": 2, ""min_child_weight"": 5, ""num_boost_round"": 150, ""subsample"": 0.8}",0.5863491924387728,,nested_tuning
1,0,clinical,xgb_aft,"{""colsample_bytree"": 0.8, ""eta"": 0.1, ""lambda"": 2.0, ""max_depth"": 1, ""min_child_weight"": 5, ""num_boost_round"": 150, ""subsample"": 0.8}",0.6487044660608301,,nested_tuning
1,0,clinical,xgb_aft,"{""colsample_bytree"": 0.8, ""eta"": 0.1, ""lambda"": 2.0, ""max_depth"": 2, ""min_child_weight"": 5, ""num_boost_round"": 150, ""subsample"": 0.8}",0.619759234987669,,nested_tuning
1,0,clinical,random_survival_forest,"{""max_features"": ""sqrt"", ""min_samples_leaf"": 5, ""n_estimators"": 500}",0.5859831175752496,,nested_tuning
1,0,clinical,random_survival_forest,"{""max_features"": 0.5, ""min_samples_leaf"": 5, ""n_estimators"": 500}",0.6409668554934062,,nested_tuning
1,0,clinical,random_survival_forest,"{""max_features"": ""sqrt"", ""min_samples_leaf"": 10, ""n_estimators"": 500}",0.5607532114452763,,nested_tuning
1,0,clinical,random_survival_forest,"{""max_features"": 0.5, ""min_samples_leaf"": 10, ""n_estimators"": 500}",0.5737501202569889,,nested_tuning
1,0,clinical_plus_pathway,survivalpfn,{},,,single_candidate_no_tuning
1,0,clinical_plus_pathway,elastic_net_cox,"{""l1_ratio"": 0.0, ""penalizer"": 0.01}",0.6400598386719033,,nested_tuning
1,0,clinical_plus_pathway,elastic_net_cox,"{""l1_ratio"": 0.5, ""penalizer"": 0.01}",0.6364891565002049,,nested_tuning
1,0,clinical_plus_pathway,elastic_net_cox,"{""l1_ratio"": 0.0, ""penalizer"": 0.1}",0.6030964317968901,,nested_tuning
1,0,clinical_plus_pathway,elastic_net_cox,"{""l1_ratio"": 0.5, ""penalizer"": 0.1}",0.5545278384640726,,nested_tuning
1,0,clinical_plus_pathway,elastic_net_cox,"{""l1_ratio"": 0.0, ""penalizer"": 1.0}",0.5453770208016394,,nested_tuning
1,0,clinical_plus_pathway,elastic_net_cox,"{""l1_ratio"": 0.5, ""penalizer"": 1.0}",0.5281730408787705,,nested_tuning
1,0,clinical_plus_pathway,elastic_net_cox,"{""l1_ratio"": 1.0, ""penalizer"": 0.1}",0.6052186564374247,,nested_tuning
1,0,clinical_plus_pathway,elastic_net_cox,"{""l1_ratio"": 1.0, ""penalizer"": 1.0}",0.5286576518141668,,nested_tuning
1,0,clinical_plus_pathway,xgb_aft,"{""colsample_bytree"": 0.8, ""eta"": 0.03, ""lambda"": 2.0, ""max_depth"": 1, ""min_child_weight"": 5, ""num_boost_round"": 150, ""subsample"": 0.8}",0.5231218838339737,,nested_tuning
1,0,clinical_plus_pathway,xgb_aft,"{""colsample_bytree"": 0.8, ""eta"": 0.03, ""lambda"": 2.0, ""max_depth"": 2, ""min_child_weight"": 5, ""num_boost_round"": 150, ""subsample"": 0.8}",0.5218406973034242,,nested_tuning
1,0,clinical_plus_pathway,xgb_aft,"{""colsample_bytree"": 0.8, ""eta"": 0.1, ""lambda"": 2.0, ""max_depth"": 1, ""min_child_weight"": 5, ""num_boost_round"": 150, ""subsample"": 0.8}",0.562107141627433,,nested_tuning
1,0,clinical_plus_pathway,xgb_aft,"{""colsample_bytree"": 0.8, ""eta"": 0.1, ""lambda"": 2.0, ""max_depth"": 2, ""min_child_weight"": 5, ""num_boost_round"": 150, ""subsample"": 0.8}",0.5659226409794339,,nested_tuning
1,0,clinical_plus_pathway,random_survival_forest,"{""max_features"": ""sqrt"", ""min_samples_leaf"": 5, ""n_estimators"": 500}",0.5679859095662575,,nested_tuning
1,0,clinical_plus_pathway,random_survival_forest,"{""max_features"": 0.5, ""min_samples_leaf"": 5, ""n_estimators"": 500}",0.5387036759930626,,nested_tuning
1,0,clinical_plus_pathway,random_survival_forest,"{""max_features"": ""sqrt"", ""min_samples_leaf"": 10, ""n_estimators"": 500}",0.517027586943883,,nested_tuning
1,0,clinical_plus_pathway,random_survival_forest,"{""max_features"": 0.5, ""min_samples_leaf"": 10, ""n_estimators"": 500}",0.5695736669508926,,nested_tuning
1,0,clinical_plus_recast,survivalpfn,{},,,single_candidate_no_tuning
1,0,clinical_plus_recast,elastic_net_cox,"{""l1_ratio"": 0.0, ""penalizer"": 0.01}",0.6366121023827509,,nested_tuning
1,0,clinical_plus_recast,elastic_net_cox,"{""l1_ratio"": 0.5, ""penalizer"": 0.01}",0.6387263561437448,,nested_tuning
1,0,clinical_plus_recast,elastic_net_cox,"{""l1_ratio"": 0.0, ""penalizer"": 0.1}",0.6332894139359094,,nested_tuning
1,0,clinical_plus_recast,elastic_net_cox,"{""l1_ratio"": 0.5, ""penalizer"": 0.1}",0.6456551001732576,,nested_tuning
1,0,clinical_plus_recast,elastic_net_cox,"{""l1_ratio"": 0.0, ""penalizer"": 1.0}",0.5634483676301689,,nested_tuning
1,0,clinical_plus_recast,elastic_net_cox,"{""l1_ratio"": 0.5, ""penalizer"": 1.0}",0.577579986826837,,nested_tuning
1,0,clinical_plus_recast,elastic_net_cox,"{""l1_ratio"": 1.0, ""penalizer"": 0.1}",0.5513243438586164,,nested_tuning
1,0,clinical_plus_recast,elastic_net_cox,"{""l1_ratio"": 1.0, ""penalizer"": 1.0}",0.5774249271550576,,nested_tuning
1,0,clinical_plus_recast,xgb_aft,"{""colsample_bytree"": 0.8, ""eta"": 0.03, ""lambda"": 2.0, ""max_depth"": 1, ""min_child_weight"": 5, ""num_boost_round"": 150, ""subsample"": 0.8}",0.4515339520934654,,nested_tuning
1,0,clinical_plus_recast,xgb_aft,"{""colsample_bytree"": 0.8, ""eta"": 0.03, ""lambda"": 2.0, ""max_depth"": 2, ""min_child_weight"": 5, ""num_boost_round"": 150, ""subsample"": 0.8}",0.43915396738279444,,nested_tuning
1,0,clinical_plus_recast,xgb_aft,"{""colsample_bytree"": 0.8, ""eta"": 0.1, ""lambda"": 2.0, ""max_depth"": 1, ""min_child_weight"": 5, ""num_boost_round"": 150, ""subsample"": 0.8}",0.4763330844837955,,nested_tuning
1,0,clinical_plus_recast,xgb_aft,"{""colsample_bytree"": 0.8, ""eta"": 0.1, ""lambda"": 2.0, ""max_depth"": 2, ""min_child_weight"": 5, ""num_boost_round"": 150, ""subsample"": 0.8}",0.45945418969133334,,nested_tuning
1,0,clinical_plus_recast,random_survival_forest,"{""max_features"": ""sqrt"", ""min_samples_leaf"": 5, ""n_estimators"": 500}",0.495251074096511,,nested_tuning
1,0,clinical_plus_recast,random_survival_forest,"{""max_features"": 0.5, ""min_samples_leaf"": 5, ""n_estimators"": 500}",0.4607191278813852,,nested_tuning
1,0,clinical_plus_recast,random_survival_forest,"{""max_features"": ""sqrt"", ""min_samples_leaf"": 10, ""n_estimators"": 500}",0.5046786556893307,,nested_tuning
1,0,clinical_plus_recast,random_survival_forest,"{""max_features"": 0.5, ""min_samples_leaf"": 10, ""n_estimators"": 500}",0.4753851953978919,,nested_tuning
1,0,full,survivalpfn,{},,,single_candidate_no_tuning
1,0,full,elastic_net_cox,"{""l1_ratio"": 0.0, ""penalizer"": 0.01}",0.6118635105304605,,nested_tuning
1,0,full,elastic_net_cox,"{""l1_ratio"": 0.5, ""penalizer"": 0.01}",0.6048116292696751,,nested_tuning
1,0,full,elastic_net_cox,"{""l1_ratio"": 0.0, ""penalizer"": 0.1}",0.5316140312566662,,nested_tuning
1,0,full,elastic_net_cox,"{""l1_ratio"": 0.5, ""penalizer"": 0.1}",0.5449166389800323,,nested_tuning
1,0,full,elastic_net_cox,"{""l1_ratio"": 0.0, ""penalizer"": 1.0}",0.5627489842987546,,nested_tuning
1,0,full,elastic_net_cox,"{""l1_ratio"": 0.5, ""penalizer"": 1.0}",0.505654891860204,,nested_tuning
1,0,full,elastic_net_cox,"{""l1_ratio"": 1.0, ""penalizer"": 0.1}",0.5950210101768832,,nested_tuning
1,0,full,elastic_net_cox,"{""l1_ratio"": 1.0, ""penalizer"": 1.0}",0.5058526833143735,,nested_tuning
1,0,full,xgb_aft,"{""colsample_bytree"": 0.8, ""eta"": 0.03, ""lambda"": 2.0, ""max_depth"": 1, ""min_child_weight"": 5, ""num_boost_round"": 150, ""subsample"": 0.8}",0.47453490389255254,,nested_tuning
1,0,full,xgb_aft,"{""colsample_bytree"": 0.8, ""eta"": 0.03, ""lambda"": 2.0, ""max_depth"": 2, ""min_child_weight"": 5, ""num_boost_round"": 150, ""subsample"": 0.8}",0.5013115056714946,,nested_tuning
1,0,full,xgb_aft,"{""colsample_bytree"": 0.8, ""eta"": 0.1, ""lambda"": 2.0, ""max_depth"": 1, ""min_child_weight"": 5, ""num_boost_round"": 150, ""subsample"": 0.8}",0.49208335940196724,,nested_tuning
1,0,full,xgb_aft,"{""colsample_bytree"": 0.8, ""eta"": 0.1, ""lambda"": 2.0, ""max_depth"": 2, ""min_child_weight"": 5, ""num_boost_round"": 150, ""subsample"": 0.8}",0.5084162628498241,,nested_tuning
1,0,full,random_survival_forest,"{""max_features"": ""sqrt"", ""min_samples_leaf"": 5, ""n_estimators"": 500}",0.5456102252652141,,nested_tuning
1,0,full,random_survival_forest,"{""max_features"": 0.5, ""min_samples_leaf"": 5, ""n_estimators"": 500}",0.561725814105726,,nested_tuning
1,0,full,random_survival_forest,"{""max_features"": ""sqrt"", ""min_samples_leaf"": 10, ""n_estimators"": 500}",0.49965126872439775,,nested_tuning
1,0,full,random_survival_forest,"{""max_features"": 0.5, ""min_samples_leaf"": 10, ""n_estimators"": 500}",0.4113062874516171,,nested_tuning
1,1,clinical,survivalpfn,{},,,single_candidate_no_tuning
1,1,clinical,elastic_net_cox,"{""l1_ratio"": 0.0, ""penalizer"": 0.01}",0.557160383047767,,nested_tuning
1,1,clinical,elastic_net_cox,"{""l1_ratio"": 0.5, ""penalizer"": 0.01}",0.5532711908038999,,nested_tuning
1,1,clinical,elastic_net_cox,"{""l1_ratio"": 0.0, ""penalizer"": 0.1}",0.548028530114353,,nested_tuning
1,1,clinical,elastic_net_cox,"{""l1_ratio"": 0.5, ""penalizer"": 0.1}",0.5465296932032895,,nested_tuning
1,1,clinical,elastic_net_cox,"{""l1_ratio"": 0.0, ""penalizer"": 1.0}",0.5801123620016593,,nested_tuning
1,1,clinical,elastic_net_cox,"{""l1_ratio"": 0.5, ""penalizer"": 1.0}",0.5897242115698219,,nested_tuning
1,1,clinical,elastic_net_cox,"{""l1_ratio"": 1.0, ""penalizer"": 0.1}",0.588261598538938,,nested_tuning
1,1,clinical,elastic_net_cox,"{""l1_ratio"": 1.0, ""penalizer"": 1.0}",0.5897242115698219,,nested_tuning
1,1,clinical,xgb_aft,"{""colsample_bytree"": 0.8, ""eta"": 0.03, ""lambda"": 2.0, ""max_depth"": 1, ""min_child_weight"": 5, ""num_boost_round"": 150, ""subsample"": 0.8}",0.5750322944263395,,nested_tuning
1,1,clinical,xgb_aft,"{""colsample_bytree"": 0.8, ""eta"": 0.03, ""lambda"": 2.0, ""max_depth"": 2, ""min_child_weight"": 5, ""num_boost_round"": 150, ""subsample"": 0.8}",0.5951967391958587,,nested_tuning
1,1,clinical,xgb_aft,"{""colsample_bytree"": 0.8, ""eta"": 0.1, ""lambda"": 2.0, ""max_depth"": 1, ""min_child_weight"": 5, ""num_boost_round"": 150, ""subsample"": 0.8}",0.554386824966768,,nested_tuning
1,1,clinical,xgb_aft,"{""colsample_bytree"": 0.8, ""eta"": 0.1, ""lambda"": 2.0, ""max_depth"": 2, ""min_child_weight"": 5, ""num_boost_round"": 150, ""subsample"": 0.8}",0.5886687866796914,,nested_tuning
1,1,clinical,random_survival_forest,"{""max_features"": ""sqrt"", ""min_samples_leaf"": 5, ""n_estimators"": 500}",0.6077502232689314,,nested_tuning
1,1,clinical,random_survival_forest,"{""max_features"": 0.5, ""min_samples_leaf"": 5, ""n_estimators"": 500}",0.6056473834912609,,nested_tuning
1,1,clinical,random_survival_forest,"{""max_features"": ""sqrt"", ""min_samples_leaf"": 10, ""n_estimators"": 500}",0.6025107525416928,,nested_tuning
1,1,clinical,random_survival_forest,"{""max_features"": 0.5, ""min_samples_leaf"": 10, ""n_estimators"": 500}",0.6036436816817456,,nested_tuning
1,1,clinical_plus_pathway,survivalpfn,{},,,single_candidate_no_tuning
1,1,clinical_plus_pathway,elastic_net_cox,"{""l1_ratio"": 0.0, ""penalizer"": 0.01}",0.548149141386424,,nested_tuning
1,1,clinical_plus_pathway,elastic_net_cox,"{""l1_ratio"": 0.5, ""penalizer"": 0.01}",0.5543213275824347,,nested_tuning
1,1,clinical_plus_pathway,elastic_net_cox,"{""l1_ratio"": 0.0, ""penalizer"": 0.1}",0.5314381940323161,,nested_tuning
1,1,clinical_plus_pathway,elastic_net_cox,"{""l1_ratio"": 0.5, ""penalizer"": 0.1}",0.507582487471395,,nested_tuning
1,1,clinical_plus_pathway,elastic_net_cox,"{""l1_ratio"": 0.0, ""penalizer"": 1.0}",0.503394873360434,,nested_tuning
1,1,clinical_plus_pathway,elastic_net_cox,"{""l1_ratio"": 0.5, ""penalizer"": 1.0}",0.5143741929125542,,nested_tuning
1,1,clinical_plus_pathway,elastic_net_cox,"{""l1_ratio"": 1.0, ""penalizer"": 0.1}",0.4823188008777515,,nested_tuning
1,1,clinical_plus_pathway,elastic_net_cox,"{""l1_ratio"": 1.0, ""penalizer"": 1.0}",0.5138834655681227,,nested_tuning
1,1,clinical_plus_pathway,xgb_aft,"{""colsample_bytree"": 0.8, ""eta"": 0.03, ""lambda"": 2.0, ""max_depth"": 1, ""min_child_weight"": 5, ""num_boost_round"": 150, ""subsample"": 0.8}",0.4783794415619269,,nested_tuning
1,1,clinical_plus_pathway,xgb_aft,"{""colsample_bytree"": 0.8, ""eta"": 0.03, ""lambda"": 2.0, ""max_depth"": 2, ""min_child_weight"": 5, ""num_boost_round"": 150, ""subsample"": 0.8}",0.5180823731976854,,nested_tuning
1,1,clinical_plus_pathway,xgb_aft,"{""colsample_bytree"": 0.8, ""eta"": 0.1, ""lambda"": 2.0, ""max_depth"": 1, ""min_child_weight"": 5, ""num_boost_round"": 150, ""subsample"": 0.8}",0.5332089979117751,,nested_tuning
1,1,clinical_plus_pathway,xgb_aft,"{""colsample_bytree"": 0.8, ""eta"": 0.1, ""lambda"": 2.0, ""max_depth"": 2, ""min_child_weight"": 5, ""num_boost_round"": 150, ""subsample"": 0.8}",0.5148197127421837,,nested_tuning
1,1,clinical_plus_pathway,random_survival_forest,"{""max_features"": ""sqrt"", ""min_samples_leaf"": 5, ""n_estimators"": 500}",0.5258917552335848,,nested_tuning
1,1,clinical_plus_pathway,random_survival_forest,"{""max_features"": 0.5, ""min_samples_leaf"": 5, ""n_estimators"": 500}",0.5200506012977765,,nested_tuning
1,1,clinical_plus_pathway,random_survival_forest,"{""max_features"": ""sqrt"", ""min_samples_leaf"": 10, ""n_estimators"": 500}",0.5316202549481968,,nested_tuning
1,1,clinical_plus_pathway,random_survival_forest,"{""max_features"": 0.5, ""min_samples_leaf"": 10, ""n_estimators"": 500}",0.5527616045941801,,nested_tuning
1,1,clinical_plus_recast,survivalpfn,{},,,single_candidate_no_tuning
1,1,clinical_plus_recast,elastic_net_cox,"{""l1_ratio"": 0.0, ""penalizer"": 0.01}",0.544497426928336,,nested_tuning
1,1,clinical_plus_recast,elastic_net_cox,"{""l1_ratio"": 0.5, ""penalizer"": 0.01}",0.5556717583440054,,nested_tuning
1,1,clinical_plus_recast,elastic_net_cox,"{""l1_ratio"": 0.0, ""penalizer"": 0.1}",0.5437082409499366,,nested_tuning
1,1,clinical_plus_recast,elastic_net_cox,"{""l1_ratio"": 0.5, ""penalizer"": 0.1}",0.5277747549209082,,nested_tuning
1,1,clinical_plus_recast,elastic_net_cox,"{""l1_ratio"": 0.0, ""penalizer"": 1.0}",0.5598384083848559,,nested_tuning
1,1,clinical_plus_recast,elastic_net_cox,"{""l1_ratio"": 0.5, ""penalizer"": 1.0}",0.5340309660444964,,nested_tuning
1,1,clinical_plus_recast,elastic_net_cox,"{""l1_ratio"": 1.0, ""penalizer"": 0.1}",0.5372346755903292,,nested_tuning
1,1,clinical_plus_recast,elastic_net_cox,"{""l1_ratio"": 1.0, ""penalizer"": 1.0}",0.5326997478807043,,nested_tuning
1,1,clinical_plus_recast,xgb_aft,"{""colsample_bytree"": 0.8, ""eta"": 0.03, ""lambda"": 2.0, ""max_depth"": 1, ""min_child_weight"": 5, ""num_boost_round"": 150, ""subsample"": 0.8}",0.5546972743490677,,nested_tuning
1,1,clinical_plus_recast,xgb_aft,"{""colsample_bytree"": 0.8, ""eta"": 0.03, ""lambda"": 2.0, ""max_depth"": 2, ""min_child_weight"": 5, ""num_boost_round"": 150, ""subsample"": 0.8}",0.46997257660006286,,nested_tuning
1,1,clinical_plus_recast,xgb_aft,"{""colsample_bytree"": 0.8, ""eta"": 0.1, ""lambda"": 2.0, ""max_depth"": 1, ""min_child_weight"": 5, ""num_boost_round"": 150, ""subsample"": 0.8}",0.5594133155678972,,nested_tuning
1,1,clinical_plus_recast,xgb_aft,"{""colsample_bytree"": 0.8, ""eta"": 0.1, ""lambda"": 2.0, ""max_depth"": 2, ""min_child_weight"": 5, ""num_boost_round"": 150, ""subsample"": 0.8}",0.48050413288736005,,nested_tuning
1,1,clinical_plus_recast,random_survival_forest,"{""max_features"": ""sqrt"", ""min_samples_leaf"": 5, ""n_estimators"": 500}",0.4653678940796375,,nested_tuning
1,1,clinical_plus_recast,random_survival_forest,"{""max_features"": 0.5, ""min_samples_leaf"": 5, ""n_estimators"": 500}",0.478049890313219,,nested_tuning
1,1,clinical_plus_recast,random_survival_forest,"{""max_features"": ""sqrt"", ""min_samples_leaf"": 10, ""n_estimators"": 500}",0.4803589624784745,,nested_tuning
1,1,clinical_plus_recast,random_survival_forest,"{""max_features"": 0.5, ""min_samples_leaf"": 10, ""n_estimators"": 500}",0.4759788463278898,,nested_tuning
1,1,full,survivalpfn,{},,,single_candidate_no_tuning
1,1,full,elastic_net_cox,"{""l1_ratio"": 0.0, ""penalizer"": 0.01}",0.5481983733023772,,nested_tuning
1,1,full,elastic_net_cox,"{""l1_ratio"": 0.5, ""penalizer"": 0.01}",0.5506337882715314,,nested_tuning
1,1,full,elastic_net_cox,"{""l1_ratio"": 0.0, ""penalizer"": 0.1}",0.5311613553238085,,nested_tuning
1,1,full,elastic_net_cox,"{""l1_ratio"": 0.5, ""penalizer"": 0.1}",0.4971303505289829,,nested_tuning
1,1,full,elastic_net_cox,"{""l1_ratio"": 0.0, ""penalizer"": 1.0}",0.5162671790142828,,nested_tuning
1,1,full,elastic_net_cox,"{""l1_ratio"": 0.5, ""penalizer"": 1.0}",0.5065589731924816,,nested_tuning
1,1,full,elastic_net_cox,"{""l1_ratio"": 1.0, ""penalizer"": 0.1}",0.4882801852006711,,nested_tuning
1,1,full,elastic_net_cox,"{""l1_ratio"": 1.0, ""penalizer"": 1.0}",0.5065589731924816,,nested_tuning
1,1,full,xgb_aft,"{""colsample_bytree"": 0.8, ""eta"": 0.03, ""lambda"": 2.0, ""max_depth"": 1, ""min_child_weight"": 5, ""num_boost_round"": 150, ""subsample"": 0.8}",0.4610667967446133,,nested_tuning
1,1,full,xgb_aft,"{""colsample_bytree"": 0.8, ""eta"": 0.03, ""lambda"": 2.0, ""max_depth"": 2, ""min_child_weight"": 5, ""num_boost_round"": 150, ""subsample"": 0.8}",0.4818065991935597,,nested_tuning
1,1,full,xgb_aft,"{""colsample_bytree"": 0.8, ""eta"": 0.1, ""lambda"": 2.0, ""max_depth"": 1, ""min_child_weight"": 5, ""num_boost_round"": 150, ""subsample"": 0.8}",0.5142719589581887,,nested_tuning
1,1,full,xgb_aft,"{""colsample_bytree"": 0.8, ""eta"": 0.1, ""lambda"": 2.0, ""max_depth"": 2, ""min_child_weight"": 5, ""num_boost_round"": 150, ""subsample"": 0.8}",0.5145035143738871,,nested_tuning
1,1,full,random_survival_forest,"{""max_features"": ""sqrt"", ""min_samples_leaf"": 5, ""n_estimators"": 500}",0.5413862596491316,,nested_tuning
1,1,full,random_survival_forest,"{""max_features"": 0.5, ""min_samples_leaf"": 5, ""n_estimators"": 500}",0.5425754824509837,,nested_tuning
1,1,full,random_survival_forest,"{""max_features"": ""sqrt"", ""min_samples_leaf"": 10, ""n_estimators"": 500}",0.5360610585818569,,nested_tuning
1,1,full,random_survival_forest,"{""max_features"": 0.5, ""min_samples_leaf"": 10, ""n_estimators"": 500}",0.5332657568061802,,nested_tuning
1,2,clinical,survivalpfn,{},,,single_candidate_no_tuning
1,2,clinical,elastic_net_cox,"{""l1_ratio"": 0.0, ""penalizer"": 0.01}",0.5808450829567833,,nested_tuning
1,2,clinical,elastic_net_cox,"{""l1_ratio"": 0.5, ""penalizer"": 0.01}",0.6136510970072626,,nested_tuning
1,2,clinical,elastic_net_cox,"{""l1_ratio"": 0.0, ""penalizer"": 0.1}",0.6066276958267822,,nested_tuning
1,2,clinical,elastic_net_cox,"{""l1_ratio"": 0.5, ""penalizer"": 0.1}",0.5474312363375615,,nested_tuning
1,2,clinical,elastic_net_cox,"{""l1_ratio"": 0.0, ""penalizer"": 1.0}",0.5732635292087358,,nested_tuning
1,2,clinical,elastic_net_cox,"{""l1_ratio"": 0.5, ""penalizer"": 1.0}",0.5640290572055382,,nested_tuning
1,2,clinical,elastic_net_cox,"{""l1_ratio"": 1.0, ""penalizer"": 0.1}",0.536935408018546,,nested_tuning
1,2,clinical,elastic_net_cox,"{""l1_ratio"": 1.0, ""penalizer"": 1.0}",0.5694305376193187,,nested_tuning
1,2,clinical,xgb_aft,"{""colsample_bytree"": 0.8, ""eta"": 0.03, ""lambda"": 2.0, ""max_depth"": 1, ""min_child_weight"": 5, ""num_boost_round"": 150, ""subsample"": 0.8}",0.5640772435268613,,nested_tuning
1,2,clinical,xgb_aft,"{""colsample_bytree"": 0.8, ""eta"": 0.03, ""lambda"": 2.0, ""max_depth"": 2, ""min_child_weight"": 5, ""num_boost_round"": 150, ""subsample"": 0.8}",0.5070708646007196,,nested_tuning
1,2,clinical,xgb_aft,"{""colsample_bytree"": 0.8, ""eta"": 0.1, ""lambda"": 2.0, ""max_depth"": 1, ""min_child_weight"": 5, ""num_boost_round"": 150, ""subsample"": 0.8}",0.5287944116965214,,nested_tuning
1,2,clinical,xgb_aft,"{""colsample_bytree"": 0.8, ""eta"": 0.1, ""lambda"": 2.0, ""max_depth"": 2, ""min_child_weight"": 5, ""num_boost_round"": 150, ""subsample"": 0.8}",0.4506094562438198,,nested_tuning
1,2,clinical,random_survival_forest,"{""max_features"": ""sqrt"", ""min_samples_leaf"": 5, ""n_estimators"": 500}",0.49468620780784534,,nested_tuning
1,2,clinical,random_survival_forest,"{""max_features"": 0.5, ""min_samples_leaf"": 5, ""n_estimators"": 500}",0.4827951453328344,,nested_tuning
1,2,clinical,random_survival_forest,"{""max_features"": ""sqrt"", ""min_samples_leaf"": 10, ""n_estimators"": 500}",0.5044770742476481,,nested_tuning
1,2,clinical,random_survival_forest,"{""max_features"": 0.5, ""min_samples_leaf"": 10, ""n_estimators"": 500}",0.47054305715065636,,nested_tuning
1,2,clinical_plus_pathway,survivalpfn,{},,,single_candidate_no_tuning
1,2,clinical_plus_pathway,elastic_net_cox,"{""l1_ratio"": 0.0, ""penalizer"": 0.01}",0.644318164195715,,nested_tuning
1,2,clinical_plus_pathway,elastic_net_cox,"{""l1_ratio"": 0.5, ""penalizer"": 0.01}",0.643754209956787,,nested_tuning
1,2,clinical_plus_pathway,elastic_net_cox,"{""l1_ratio"": 0.0, ""penalizer"": 0.1}",0.6384297151026538,,nested_tuning
1,2,clinical_plus_pathway,elastic_net_cox,"{""l1_ratio"": 0.5, ""penalizer"": 0.1}",0.5834534858566433,,nested_tuning
1,2,clinical_plus_pathway,elastic_net_cox,"{""l1_ratio"": 0.0, ""penalizer"": 1.0}",0.6226874484943029,,nested_tuning
1,2,clinical_plus_pathway,elastic_net_cox,"{""l1_ratio"": 0.5, ""penalizer"": 1.0}",0.5859280804131336,,nested_tuning
1,2,clinical_plus_pathway,elastic_net_cox,"{""l1_ratio"": 1.0, ""penalizer"": 0.1}",0.535431585555175,,nested_tuning
1,2,clinical_plus_pathway,elastic_net_cox,"{""l1_ratio"": 1.0, ""penalizer"": 1.0}",0.585365109125071,,nested_tuning
1,2,clinical_plus_pathway,xgb_aft,"{""colsample_bytree"": 0.8, ""eta"": 0.03, ""lambda"": 2.0, ""max_depth"": 1, ""min_child_weight"": 5, ""num_boost_round"": 150, ""subsample"": 0.8}",0.5469348355110473,,nested_tuning
1,2,clinical_plus_pathway,xgb_aft,"{""colsample_bytree"": 0.8, ""eta"": 0.03, ""lambda"": 2.0, ""max_depth"": 2, ""min_child_weight"": 5, ""num_boost_round"": 150, ""subsample"": 0.8}",0.5579919142480066,,nested_tuning
1,2,clinical_plus_pathway,xgb_aft,"{""colsample_bytree"": 0.8, ""eta"": 0.1, ""lambda"": 2.0, ""max_depth"": 1, ""min_child_weight"": 5, ""num_boost_round"": 150, ""subsample"": 0.8}",0.5795148246292454,,nested_tuning
1,2,clinical_plus_pathway,xgb_aft,"{""colsample_bytree"": 0.8, ""eta"": 0.1, ""lambda"": 2.0, ""max_depth"": 2, ""min_child_weight"": 5, ""num_boost_round"": 150, ""subsample"": 0.8}",0.5696524296753682,,nested_tuning
1,2,clinical_plus_pathway,random_survival_forest,"{""max_features"": ""sqrt"", ""min_samples_leaf"": 5, ""n_estimators"": 500}",0.5916478338158154,,nested_tuning
1,2,clinical_plus_pathway,random_survival_forest,"{""max_features"": 0.5, ""min_samples_leaf"": 5, ""n_estimators"": 500}",0.597862712539275,,nested_tuning
1,2,clinical_plus_pathway,random_survival_forest,"{""max_features"": ""sqrt"", ""min_samples_leaf"": 10, ""n_estimators"": 500}",0.5685097510489407,,nested_tuning
1,2,clinical_plus_pathway,random_survival_forest,"{""max_features"": 0.5, ""min_samples_leaf"": 10, ""n_estimators"": 500}",0.5910275384837294,,nested_tuning
1,2,clinical_plus_recast,survivalpfn,{},,,single_candidate_no_tuning
1,2,clinical_plus_recast,elastic_net_cox,"{""l1_ratio"": 0.0, ""penalizer"": 0.01}",0.5154509175285658,,nested_tuning
1,2,clinical_plus_recast,elastic_net_cox,"{""l1_ratio"": 0.5, ""penalizer"": 0.01}",0.5344410576123733,,nested_tuning
1,2,clinical_plus_recast,elastic_net_cox,"{""l1_ratio"": 0.0, ""penalizer"": 0.1}",0.5349058662575634,,nested_tuning
1,2,clinical_plus_recast,elastic_net_cox,"{""l1_ratio"": 0.5, ""penalizer"": 0.1}",0.5683296129010376,,nested_tuning
1,2,clinical_plus_recast,elastic_net_cox,"{""l1_ratio"": 0.0, ""penalizer"": 1.0}",0.5078124245399561,,nested_tuning
1,2,clinical_plus_recast,elastic_net_cox,"{""l1_ratio"": 0.5, ""penalizer"": 1.0}",0.5038934653330643,,nested_tuning
1,2,clinical_plus_recast,elastic_net_cox,"{""l1_ratio"": 1.0, ""penalizer"": 0.1}",0.51582485818084,,nested_tuning
1,2,clinical_plus_recast,elastic_net_cox,"{""l1_ratio"": 1.0, ""penalizer"": 1.0}",0.5038934653330643,,nested_tuning
1,2,clinical_plus_recast,xgb_aft,"{""colsample_bytree"": 0.8, ""eta"": 0.03, ""lambda"": 2.0, ""max_depth"": 1, ""min_child_weight"": 5, ""num_boost_round"": 150, ""subsample"": 0.8}",0.4424775843519435,,nested_tuning
1,2,clinical_plus_recast,xgb_aft,"{""colsample_bytree"": 0.8, ""eta"": 0.03, ""lambda"": 2.0, ""max_depth"": 2, ""min_child_weight"": 5, ""num_boost_round"": 150, ""subsample"": 0.8}",0.47230747209425333,,nested_tuning
1,2,clinical_plus_recast,xgb_aft,"{""colsample_bytree"": 0.8, ""eta"": 0.1, ""lambda"": 2.0, ""max_depth"": 1, ""min_child_weight"": 5, ""num_boost_round"": 150, ""subsample"": 0.8}",0.47943236304861225,,nested_tuning
1,2,clinical_plus_recast,xgb_aft,"{""colsample_bytree"": 0.8, ""eta"": 0.1, ""lambda"": 2.0, ""max_depth"": 2, ""min_child_weight"": 5, ""num_boost_round"": 150, ""subsample"": 0.8}",0.4560602773725099,,nested_tuning
1,2,clinical_plus_recast,random_survival_forest,"{""max_features"": ""sqrt"", ""min_samples_leaf"": 5, ""n_estimators"": 500}",0.48544392985872625,,nested_tuning
1,2,clinical_plus_recast,random_survival_forest,"{""max_features"": 0.5, ""min_samples_leaf"": 5, ""n_estimators"": 500}",0.49125573865825994,,nested_tuning
1,2,clinical_plus_recast,random_survival_forest,"{""max_features"": ""sqrt"", ""min_samples_leaf"": 10, ""n_estimators"": 500}",0.4730833243297578,,nested_tuning
1,2,clinical_plus_recast,random_survival_forest,"{""max_features"": 0.5, ""min_samples_leaf"": 10, ""n_estimators"": 500}",0.4627137888345474,,nested_tuning
1,2,full,survivalpfn,{},,,single_candidate_no_tuning
1,2,full,elastic_net_cox,"{""l1_ratio"": 0.0, ""penalizer"": 0.01}",0.6105517431161952,,nested_tuning
1,2,full,elastic_net_cox,"{""l1_ratio"": 0.5, ""penalizer"": 0.01}",0.6146364368674498,,nested_tuning
1,2,full,elastic_net_cox,"{""l1_ratio"": 0.0, ""penalizer"": 0.1}",0.5861165890549175,,nested_tuning
1,2,full,elastic_net_cox,"{""l1_ratio"": 0.5, ""penalizer"": 0.1}",0.5822402552493577,,nested_tuning
1,2,full,elastic_net_cox,"{""l1_ratio"": 0.0, ""penalizer"": 1.0}",0.5876212579865332,,nested_tuning
1,2,full,elastic_net_cox,"{""l1_ratio"": 0.5, ""penalizer"": 1.0}",0.5495480945572359,,nested_tuning
1,2,full,elastic_net_cox,"{""l1_ratio"": 1.0, ""penalizer"": 0.1}",0.541737798680227,,nested_tuning
1,2,full,elastic_net_cox,"{""l1_ratio"": 1.0, ""penalizer"": 1.0}",0.5495480945572359,,nested_tuning
1,2,full,xgb_aft,"{""colsample_bytree"": 0.8, ""eta"": 0.03, ""lambda"": 2.0, ""max_depth"": 1, ""min_child_weight"": 5, ""num_boost_round"": 150, ""subsample"": 0.8}",0.49015319936494395,,nested_tuning
1,2,full,xgb_aft,"{""colsample_bytree"": 0.8, ""eta"": 0.03, ""lambda"": 2.0, ""max_depth"": 2, ""min_child_weight"": 5, ""num_boost_round"": 150, ""subsample"": 0.8}",0.5488086611612077,,nested_tuning
1,2,full,xgb_aft,"{""colsample_bytree"": 0.8, ""eta"": 0.1, ""lambda"": 2.0, ""max_depth"": 1, ""min_child_weight"": 5, ""num_boost_round"": 150, ""subsample"": 0.8}",0.5190014164063432,,nested_tuning
1,2,full,xgb_aft,"{""colsample_bytree"": 0.8, ""eta"": 0.1, ""lambda"": 2.0, ""max_depth"": 2, ""min_child_weight"": 5, ""num_boost_round"": 150, ""subsample"": 0.8}",0.5594565679547496,,nested_tuning
1,2,full,random_survival_forest,"{""max_features"": ""sqrt"", ""min_samples_leaf"": 5, ""n_estimators"": 500}",0.5738367779482292,,nested_tuning
1,2,full,random_survival_forest,"{""max_features"": 0.5, ""min_samples_leaf"": 5, ""n_estimators"": 500}",0.5990916058364203,,nested_tuning
1,2,full,random_survival_forest,"{""max_features"": ""sqrt"", ""min_samples_leaf"": 10, ""n_estimators"": 500}",0.560636599344864,,nested_tuning
1,2,full,random_survival_forest,"{""max_features"": 0.5, ""min_samples_leaf"": 10, ""n_estimators"": 500}",0.5833241930412101,,nested_tuning
1,3,clinical,survivalpfn,{},,,single_candidate_no_tuning
1,3,clinical,elastic_net_cox,"{""l1_ratio"": 0.0, ""penalizer"": 0.01}",0.625131414815484,,nested_tuning
1,3,clinical,elastic_net_cox,"{""l1_ratio"": 0.5, ""penalizer"": 0.01}",0.6222843030385866,,nested_tuning
1,3,clinical,elastic_net_cox,"{""l1_ratio"": 0.0, ""penalizer"": 0.1}",0.5960997395254306,,nested_tuning
1,3,clinical,elastic_net_cox,"{""l1_ratio"": 0.5, ""penalizer"": 0.1}",0.5885852702232952,,nested_tuning
1,3,clinical,elastic_net_cox,"{""l1_ratio"": 0.0, ""penalizer"": 1.0}",0.5982911822483136,,nested_tuning
1,3,clinical,elastic_net_cox,"{""l1_ratio"": 0.5, ""penalizer"": 1.0}",0.604367618552679,,nested_tuning
1,3,clinical,elastic_net_cox,"{""l1_ratio"": 1.0, ""penalizer"": 0.1}",0.637138969341093,,nested_tuning
1,3,clinical,elastic_net_cox,"{""l1_ratio"": 1.0, ""penalizer"": 1.0}",0.604367618552679,,nested_tuning
1,3,clinical,xgb_aft,"{""colsample_bytree"": 0.8, ""eta"": 0.03, ""lambda"": 2.0, ""max_depth"": 1, ""min_child_weight"": 5, ""num_boost_round"": 150, ""subsample"": 0.8}",0.5044743807275192,,nested_tuning
1,3,clinical,xgb_aft,"{""colsample_bytree"": 0.8, ""eta"": 0.03, ""lambda"": 2.0, ""max_depth"": 2, ""min_child_weight"": 5, ""num_boost_round"": 150, ""subsample"": 0.8}",0.5496088868922231,,nested_tuning
1,3,clinical,xgb_aft,"{""colsample_bytree"": 0.8, ""eta"": 0.1, ""lambda"": 2.0, ""max_depth"": 1, ""min_child_weight"": 5, ""num_boost_round"": 150, ""subsample"": 0.8}",0.5184703373327488,,nested_tuning
1,3,clinical,xgb_aft,"{""colsample_bytree"": 0.8, ""eta"": 0.1, ""lambda"": 2.0, ""max_depth"": 2, ""min_child_weight"": 5, ""num_boost_round"": 150, ""subsample"": 0.8}",0.5117703962646903,,nested_tuning
1,3,clinical,random_survival_forest,"{""max_features"": ""sqrt"", ""min_samples_leaf"": 5, ""n_estimators"": 500}",0.5045274565853682,,nested_tuning
1,3,clinical,random_survival_forest,"{""max_features"": 0.5, ""min_samples_leaf"": 5, ""n_estimators"": 500}",0.5103954242651876,,nested_tuning
1,3,clinical,random_survival_forest,"{""max_features"": ""sqrt"", ""min_samples_leaf"": 10, ""n_estimators"": 500}",0.4861035077437045,,nested_tuning
1,3,clinical,random_survival_forest,"{""max_features"": 0.5, ""min_samples_leaf"": 10, ""n_estimators"": 500}",0.49264573810294165,,nested_tuning
1,3,clinical_plus_pathway,survivalpfn,{},,,single_candidate_no_tuning
1,3,clinical_plus_pathway,elastic_net_cox,"{""l1_ratio"": 0.0, ""penalizer"": 0.01}",0.6165292043216976,,nested_tuning
1,3,clinical_plus_pathway,elastic_net_cox,"{""l1_ratio"": 0.5, ""penalizer"": 0.01}",0.6095803954950345,,nested_tuning
1,3,clinical_plus_pathway,elastic_net_cox,"{""l1_ratio"": 0.0, ""penalizer"": 0.1}",0.6147386757846157,,nested_tuning
1,3,clinical_plus_pathway,elastic_net_cox,"{""l1_ratio"": 0.5, ""penalizer"": 0.1}",0.6065147345322248,,nested_tuning
1,3,clinical_plus_pathway,elastic_net_cox,"{""l1_ratio"": 0.0, ""penalizer"": 1.0}",0.5668224602927742,,nested_tuning
1,3,clinical_plus_pathway,elastic_net_cox,"{""l1_ratio"": 0.5, ""penalizer"": 1.0}",0.5387609006547434,,nested_tuning
1,3,clinical_plus_pathway,elastic_net_cox,"{""l1_ratio"": 1.0, ""penalizer"": 0.1}",0.5571431367848501,,nested_tuning
1,3,clinical_plus_pathway,elastic_net_cox,"{""l1_ratio"": 1.0, ""penalizer"": 1.0}",0.537238061106204,,nested_tuning
1,3,clinical_plus_pathway,xgb_aft,"{""colsample_bytree"": 0.8, ""eta"": 0.03, ""lambda"": 2.0, ""max_depth"": 1, ""min_child_weight"": 5, ""num_boost_round"": 150, ""subsample"": 0.8}",0.522517333933298,,nested_tuning
1,3,clinical_plus_pathway,xgb_aft,"{""colsample_bytree"": 0.8, ""eta"": 0.03, ""lambda"": 2.0, ""max_depth"": 2, ""min_child_weight"": 5, ""num_boost_round"": 150, ""subsample"": 0.8}",0.5622624565406844,,nested_tuning
1,3,clinical_plus_pathway,xgb_aft,"{""colsample_bytree"": 0.8, ""eta"": 0.1, ""lambda"": 2.0, ""max_depth"": 1, ""min_child_weight"": 5, ""num_boost_round"": 150, ""subsample"": 0.8}",0.5390678530999464,,nested_tuning
1,3,clinical_plus_pathway,xgb_aft,"{""colsample_bytree"": 0.8, ""eta"": 0.1, ""lambda"": 2.0, ""max_depth"": 2, ""min_child_weight"": 5, ""num_boost_round"": 150, ""subsample"": 0.8}",0.5357706306600304,,nested_tuning
1,3,clinical_plus_pathway,random_survival_forest,"{""max_features"": ""sqrt"", ""min_samples_leaf"": 5, ""n_estimators"": 500}",0.5175266243583349,,nested_tuning
1,3,clinical_plus_pathway,random_survival_forest,"{""max_features"": 0.5, ""min_samples_leaf"": 5, ""n_estimators"": 500}",0.5180353524349591,,nested_tuning
1,3,clinical_plus_pathway,random_survival_forest,"{""max_features"": ""sqrt"", ""min_samples_leaf"": 10, ""n_estimators"": 500}",0.5078001536627633,,nested_tuning
1,3,clinical_plus_pathway,random_survival_forest,"{""max_features"": 0.5, ""min_samples_leaf"": 10, ""n_estimators"": 500}",0.5239384248480297,,nested_tuning
1,3,clinical_plus_recast,survivalpfn,{},,,single_candidate_no_tuning
1,3,clinical_plus_recast,elastic_net_cox,"{""l1_ratio"": 0.0, ""penalizer"": 0.01}",0.6022066064408431,,nested_tuning
1,3,clinical_plus_recast,elastic_net_cox,"{""l1_ratio"": 0.5, ""penalizer"": 0.01}",0.5959810592049215,,nested_tuning
1,3,clinical_plus_recast,elastic_net_cox,"{""l1_ratio"": 0.0, ""penalizer"": 0.1}",0.5948435029277157,,nested_tuning
1,3,clinical_plus_recast,elastic_net_cox,"{""l1_ratio"": 0.5, ""penalizer"": 0.1}",0.6684889398043821,,nested_tuning
1,3,clinical_plus_recast,elastic_net_cox,"{""l1_ratio"": 0.0, ""penalizer"": 1.0}",0.6244160765263271,,nested_tuning
1,3,clinical_plus_recast,elastic_net_cox,"{""l1_ratio"": 0.5, ""penalizer"": 1.0}",0.6277382463677872,,nested_tuning
1,3,clinical_plus_recast,elastic_net_cox,"{""l1_ratio"": 1.0, ""penalizer"": 0.1}",0.6117952412325712,,nested_tuning
1,3,clinical_plus_recast,elastic_net_cox,"{""l1_ratio"": 1.0, ""penalizer"": 1.0}",0.6277382463677872,,nested_tuning
1,3,clinical_plus_recast,xgb_aft,"{""colsample_bytree"": 0.8, ""eta"": 0.03, ""lambda"": 2.0, ""max_depth"": 1, ""min_child_weight"": 5, ""num_boost_round"": 150, ""subsample"": 0.8}",0.4656921529330442,,nested_tuning
1,3,clinical_plus_recast,xgb_aft,"{""colsample_bytree"": 0.8, ""eta"": 0.03, ""lambda"": 2.0, ""max_depth"": 2, ""min_child_weight"": 5, ""num_boost_round"": 150, ""subsample"": 0.8}",0.5197591314287828,,nested_tuning
1,3,clinical_plus_recast,xgb_aft,"{""colsample_bytree"": 0.8, ""eta"": 0.1, ""lambda"": 2.0, ""max_depth"": 1, ""min_child_weight"": 5, ""num_boost_round"": 150, ""subsample"": 0.8}",0.5480271663537561,,nested_tuning
1,3,clinical_plus_recast,xgb_aft,"{""colsample_bytree"": 0.8, ""eta"": 0.1, ""lambda"": 2.0, ""max_depth"": 2, ""min_child_weight"": 5, ""num_boost_round"": 150, ""subsample"": 0.8}",0.5360322824265805,,nested_tuning
1,3,clinical_plus_recast,random_survival_forest,"{""max_features"": ""sqrt"", ""min_samples_leaf"": 5, ""n_estimators"": 500}",0.5388432569220425,,nested_tuning
1,3,clinical_plus_recast,random_survival_forest,"{""max_features"": 0.5, ""min_samples_leaf"": 5, ""n_estimators"": 500}",0.5327009249815593,,nested_tuning
1,3,clinical_plus_recast,random_survival_forest,"{""max_features"": ""sqrt"", ""min_samples_leaf"": 10, ""n_estimators"": 500}",0.5653001807012392,,nested_tuning
1,3,clinical_plus_recast,random_survival_forest,"{""max_features"": 0.5, ""min_samples_leaf"": 10, ""n_estimators"": 500}",0.5482865217949724,,nested_tuning
1,3,full,survivalpfn,{},,,single_candidate_no_tuning
1,3,full,elastic_net_cox,"{""l1_ratio"": 0.0, ""penalizer"": 0.01}",0.6088372280755436,,nested_tuning
1,3,full,elastic_net_cox,"{""l1_ratio"": 0.5, ""penalizer"": 0.01}",0.584233718209026,,nested_tuning
1,3,full,elastic_net_cox,"{""l1_ratio"": 0.0, ""penalizer"": 0.1}",0.5777986540984705,,nested_tuning
1,3,full,elastic_net_cox,"{""l1_ratio"": 0.5, ""penalizer"": 0.1}",0.6062574519521048,,nested_tuning
1,3,full,elastic_net_cox,"{""l1_ratio"": 0.0, ""penalizer"": 1.0}",0.5723614775233904,,nested_tuning
1,3,full,elastic_net_cox,"{""l1_ratio"": 0.5, ""penalizer"": 1.0}",0.564305913896502,,nested_tuning
1,3,full,elastic_net_cox,"{""l1_ratio"": 1.0, ""penalizer"": 0.1}",0.5608200266452846,,nested_tuning
1,3,full,elastic_net_cox,"{""l1_ratio"": 1.0, ""penalizer"": 1.0}",0.564305913896502,,nested_tuning
1,3,full,xgb_aft,"{""colsample_bytree"": 0.8, ""eta"": 0.03, ""lambda"": 2.0, ""max_depth"": 1, ""min_child_weight"": 5, ""num_boost_round"": 150, ""subsample"": 0.8}",0.5426736142301273,,nested_tuning
1,3,full,xgb_aft,"{""colsample_bytree"": 0.8, ""eta"": 0.03, ""lambda"": 2.0, ""max_depth"": 2, ""min_child_weight"": 5, ""num_boost_round"": 150, ""subsample"": 0.8}",0.5205317887848163,,nested_tuning
1,3,full,xgb_aft,"{""colsample_bytree"": 0.8, ""eta"": 0.1, ""lambda"": 2.0, ""max_depth"": 1, ""min_child_weight"": 5, ""num_boost_round"": 150, ""subsample"": 0.8}",0.5257546053064263,,nested_tuning
1,3,full,xgb_aft,"{""colsample_bytree"": 0.8, ""eta"": 0.1, ""lambda"": 2.0, ""max_depth"": 2, ""min_child_weight"": 5, ""num_boost_round"": 150, ""subsample"": 0.8}",0.5169168000725248,,nested_tuning
1,3,full,random_survival_forest,"{""max_features"": ""sqrt"", ""min_samples_leaf"": 5, ""n_estimators"": 500}",0.5056357128509001,,nested_tuning
1,3,full,random_survival_forest,"{""max_features"": 0.5, ""min_samples_leaf"": 5, ""n_estimators"": 500}",0.5217997151637732,,nested_tuning
1,3,full,random_survival_forest,"{""max_features"": ""sqrt"", ""min_samples_leaf"": 10, ""n_estimators"": 500}",0.5182122344149884,,nested_tuning
1,3,full,random_survival_forest,"{""max_features"": 0.5, ""min_samples_leaf"": 10, ""n_estimators"": 500}",0.5308543617890139,,nested_tuning
1,4,clinical,survivalpfn,{},,,single_candidate_no_tuning
1,4,clinical,elastic_net_cox,"{""l1_ratio"": 0.0, ""penalizer"": 0.01}",0.5838572189493652,,nested_tuning
1,4,clinical,elastic_net_cox,"{""l1_ratio"": 0.5, ""penalizer"": 0.01}",0.58615086106111,,nested_tuning
1,4,clinical,elastic_net_cox,"{""l1_ratio"": 0.0, ""penalizer"": 0.1}",0.5880912441516482,,nested_tuning
1,4,clinical,elastic_net_cox,"{""l1_ratio"": 0.5, ""penalizer"": 0.1}",0.5477965427524676,,nested_tuning
1,4,clinical,elastic_net_cox,"{""l1_ratio"": 0.0, ""penalizer"": 1.0}",0.5607223932658061,,nested_tuning
1,4,clinical,elastic_net_cox,"{""l1_ratio"": 0.5, ""penalizer"": 1.0}",0.5708909559924231,,nested_tuning
1,4,clinical,elastic_net_cox,"{""l1_ratio"": 1.0, ""penalizer"": 0.1}",0.554203597610988,,nested_tuning
1,4,clinical,elastic_net_cox,"{""l1_ratio"": 1.0, ""penalizer"": 1.0}",0.5708909559924231,,nested_tuning
1,4,clinical,xgb_aft,"{""colsample_bytree"": 0.8, ""eta"": 0.03, ""lambda"": 2.0, ""max_depth"": 1, ""min_child_weight"": 5, ""num_boost_round"": 150, ""subsample"": 0.8}",0.5184602148608959,,nested_tuning
1,4,clinical,xgb_aft,"{""colsample_bytree"": 0.8, ""eta"": 0.03, ""lambda"": 2.0, ""max_depth"": 2, ""min_child_weight"": 5, ""num_boost_round"": 150, ""subsample"": 0.8}",0.5238835033658059,,nested_tuning
1,4,clinical,xgb_aft,"{""colsample_bytree"": 0.8, ""eta"": 0.1, ""lambda"": 2.0, ""max_depth"": 1, ""min_child_weight"": 5, ""num_boost_round"": 150, ""subsample"": 0.8}",0.5300576652000749,,nested_tuning
1,4,clinical,xgb_aft,"{""colsample_bytree"": 0.8, ""eta"": 0.1, ""lambda"": 2.0, ""max_depth"": 2, ""min_child_weight"": 5, ""num_boost_round"": 150, ""subsample"": 0.8}",0.5417474167183642,,nested_tuning
1,4,clinical,random_survival_forest,"{""max_features"": ""sqrt"", ""min_samples_leaf"": 5, ""n_estimators"": 500}",0.5210014536967156,,nested_tuning
1,4,clinical,random_survival_forest,"{""max_features"": 0.5, ""min_samples_leaf"": 5, ""n_estimators"": 500}",0.5171628662421134,,nested_tuning
1,4,clinical,random_survival_forest,"{""max_features"": ""sqrt"", ""min_samples_leaf"": 10, ""n_estimators"": 500}",0.5541563458511805,,nested_tuning
1,4,clinical,random_survival_forest,"{""max_features"": 0.5, ""min_samples_leaf"": 10, ""n_estimators"": 500}",0.5431371888013992,,nested_tuning
1,4,clinical_plus_pathway,survivalpfn,{},,,single_candidate_no_tuning
1,4,clinical_plus_pathway,elastic_net_cox,"{""l1_ratio"": 0.0, ""penalizer"": 0.01}",0.4655957721763121,,nested_tuning
1,4,clinical_plus_pathway,elastic_net_cox,"{""l1_ratio"": 0.5, ""penalizer"": 0.01}",0.4566465969737652,,nested_tuning
1,4,clinical_plus_pathway,elastic_net_cox,"{""l1_ratio"": 0.0, ""penalizer"": 0.1}",0.44854290088576393,,nested_tuning
1,4,clinical_plus_pathway,elastic_net_cox,"{""l1_ratio"": 0.5, ""penalizer"": 0.1}",0.5222443770946352,,nested_tuning
1,4,clinical_plus_pathway,elastic_net_cox,"{""l1_ratio"": 0.0, ""penalizer"": 1.0}",0.4573493618701976,,nested_tuning
1,4,clinical_plus_pathway,elastic_net_cox,"{""l1_ratio"": 0.5, ""penalizer"": 1.0}",0.46247289627004307,,nested_tuning
1,4,clinical_plus_pathway,elastic_net_cox,"{""l1_ratio"": 1.0, ""penalizer"": 0.1}",0.5462129112157597,,nested_tuning
1,4,clinical_plus_pathway,elastic_net_cox,"{""l1_ratio"": 1.0, ""penalizer"": 1.0}",0.462355082921738,,nested_tuning
1,4,clinical_plus_pathway,xgb_aft,"{""colsample_bytree"": 0.8, ""eta"": 0.03, ""lambda"": 2.0, ""max_depth"": 1, ""min_child_weight"": 5, ""num_boost_round"": 150, ""subsample"": 0.8}",0.4314648846627528,,nested_tuning
1,4,clinical_plus_pathway,xgb_aft,"{""colsample_bytree"": 0.8, ""eta"": 0.03, ""lambda"": 2.0, ""max_depth"": 2, ""min_child_weight"": 5, ""num_boost_round"": 150, ""subsample"": 0.8}",0.4933093637919798,,nested_tuning
1,4,clinical_plus_pathway,xgb_aft,"{""colsample_bytree"": 0.8, ""eta"": 0.1, ""lambda"": 2.0, ""max_depth"": 1, ""min_child_weight"": 5, ""num_boost_round"": 150, ""subsample"": 0.8}",0.4563709584618594,,nested_tuning
1,4,clinical_plus_pathway,xgb_aft,"{""colsample_bytree"": 0.8, ""eta"": 0.1, ""lambda"": 2.0, ""max_depth"": 2, ""min_child_weight"": 5, ""num_boost_round"": 150, ""subsample"": 0.8}",0.5278070504403933,,nested_tuning
1,4,clinical_plus_pathway,random_survival_forest,"{""max_features"": ""sqrt"", ""min_samples_leaf"": 5, ""n_estimators"": 500}",0.5350484926156313,,nested_tuning
1,4,clinical_plus_pathway,random_survival_forest,"{""max_features"": 0.5, ""min_samples_leaf"": 5, ""n_estimators"": 500}",0.5338987334650827,,nested_tuning
1,4,clinical_plus_pathway,random_survival_forest,"{""max_features"": ""sqrt"", ""min_samples_leaf"": 10, ""n_estimators"": 500}",0.5063532243189794,,nested_tuning
1,4,clinical_plus_pathway,random_survival_forest,"{""max_features"": 0.5, ""min_samples_leaf"": 10, ""n_estimators"": 500}",0.49832490650860406,,nested_tuning
1,4,clinical_plus_recast,survivalpfn,{},,,single_candidate_no_tuning
1,4,clinical_plus_recast,elastic_net_cox,"{""l1_ratio"": 0.0, ""penalizer"": 0.01}",0.5330818068262821,,nested_tuning
1,4,clinical_plus_recast,elastic_net_cox,"{""l1_ratio"": 0.5, ""penalizer"": 0.01}",0.5391413006363223,,nested_tuning
1,4,clinical_plus_recast,elastic_net_cox,"{""l1_ratio"": 0.0, ""penalizer"": 0.1}",0.5482073791447708,,nested_tuning
1,4,clinical_plus_recast,elastic_net_cox,"{""l1_ratio"": 0.5, ""penalizer"": 0.1}",0.5412527020934141,,nested_tuning
1,4,clinical_plus_recast,elastic_net_cox,"{""l1_ratio"": 0.0, ""penalizer"": 1.0}",0.5225741788608608,,nested_tuning
1,4,clinical_plus_recast,elastic_net_cox,"{""l1_ratio"": 0.5, ""penalizer"": 1.0}",0.534721715618742,,nested_tuning
1,4,clinical_plus_recast,elastic_net_cox,"{""l1_ratio"": 1.0, ""penalizer"": 0.1}",0.5355510264927292,,nested_tuning
1,4,clinical_plus_recast,elastic_net_cox,"{""l1_ratio"": 1.0, ""penalizer"": 1.0}",0.5349348584728447,,nested_tuning
1,4,clinical_plus_recast,xgb_aft,"{""colsample_bytree"": 0.8, ""eta"": 0.03, ""lambda"": 2.0, ""max_depth"": 1, ""min_child_weight"": 5, ""num_boost_round"": 150, ""subsample"": 0.8}",0.3900007518201405,,nested_tuning
1,4,clinical_plus_recast,xgb_aft,"{""colsample_bytree"": 0.8, ""eta"": 0.03, ""lambda"": 2.0, ""max_depth"": 2, ""min_child_weight"": 5, ""num_boost_round"": 150, ""subsample"": 0.8}",0.39616983886708534,,nested_tuning
1,4,clinical_plus_recast,xgb_aft,"{""colsample_bytree"": 0.8, ""eta"": 0.1, ""lambda"": 2.0, ""max_depth"": 1, ""min_child_weight"": 5, ""num_boost_round"": 150, ""subsample"": 0.8}",0.37619766005383404,,nested_tuning
1,4,clinical_plus_recast,xgb_aft,"{""colsample_bytree"": 0.8, ""eta"": 0.1, ""lambda"": 2.0, ""max_depth"": 2, ""min_child_weight"": 5, ""num_boost_round"": 150, ""subsample"": 0.8}",0.39821100225475425,,nested_tuning
1,4,clinical_plus_recast,random_survival_forest,"{""max_features"": ""sqrt"", ""min_samples_leaf"": 5, ""n_estimators"": 500}",0.409876438359117,,nested_tuning
1,4,clinical_plus_recast,random_survival_forest,"{""max_features"": 0.5, ""min_samples_leaf"": 5, ""n_estimators"": 500}",0.4166941806077737,,nested_tuning
1,4,clinical_plus_recast,random_survival_forest,"{""max_features"": ""sqrt"", ""min_samples_leaf"": 10, ""n_estimators"": 500}",0.366605244829757,,nested_tuning
1,4,clinical_plus_recast,random_survival_forest,"{""max_features"": 0.5, ""min_samples_leaf"": 10, ""n_estimators"": 500}",0.3890013116983948,,nested_tuning
1,4,full,survivalpfn,{},,,single_candidate_no_tuning
1,4,full,elastic_net_cox,"{""l1_ratio"": 0.0, ""penalizer"": 0.01}",0.4516896476117971,,nested_tuning
1,4,full,elastic_net_cox,"{""l1_ratio"": 0.5, ""penalizer"": 0.01}",0.46082520753019873,,nested_tuning
1,4,full,elastic_net_cox,"{""l1_ratio"": 0.0, ""penalizer"": 0.1}",0.42642762348603447,,nested_tuning
1,4,full,elastic_net_cox,"{""l1_ratio"": 0.5, ""penalizer"": 0.1}",0.5190519585813392,,nested_tuning
1,4,full,elastic_net_cox,"{""l1_ratio"": 0.0, ""penalizer"": 1.0}",0.47993807211745254,,nested_tuning
1,4,full,elastic_net_cox,"{""l1_ratio"": 0.5, ""penalizer"": 1.0}",0.4335907703309466,,nested_tuning
1,4,full,elastic_net_cox,"{""l1_ratio"": 1.0, ""penalizer"": 0.1}",0.5385134583314515,,nested_tuning
1,4,full,elastic_net_cox,"{""l1_ratio"": 1.0, ""penalizer"": 1.0}",0.4335907703309466,,nested_tuning
1,4,full,xgb_aft,"{""colsample_bytree"": 0.8, ""eta"": 0.03, ""lambda"": 2.0, ""max_depth"": 1, ""min_child_weight"": 5, ""num_boost_round"": 150, ""subsample"": 0.8}",0.3999609117543996,,nested_tuning
1,4,full,xgb_aft,"{""colsample_bytree"": 0.8, ""eta"": 0.03, ""lambda"": 2.0, ""max_depth"": 2, ""min_child_weight"": 5, ""num_boost_round"": 150, ""subsample"": 0.8}",0.45778255093705683,,nested_tuning
1,4,full,xgb_aft,"{""colsample_bytree"": 0.8, ""eta"": 0.1, ""lambda"": 2.0, ""max_depth"": 1, ""min_child_weight"": 5, ""num_boost_round"": 150, ""subsample"": 0.8}",0.41068606132358865,,nested_tuning
1,4,full,xgb_aft,"{""colsample_bytree"": 0.8, ""eta"": 0.1, ""lambda"": 2.0, ""max_depth"": 2, ""min_child_weight"": 5, ""num_boost_round"": 150, ""subsample"": 0.8}",0.4725737522631749,,nested_tuning
1,4,full,random_survival_forest,"{""max_features"": ""sqrt"", ""min_samples_leaf"": 5, ""n_estimators"": 500}",0.5000687123988634,,nested_tuning
1,4,full,random_survival_forest,"{""max_features"": 0.5, ""min_samples_leaf"": 5, ""n_estimators"": 500}",0.4963526564100553,,nested_tuning
1,4,full,random_survival_forest,"{""max_features"": ""sqrt"", ""min_samples_leaf"": 10, ""n_estimators"": 500}",0.4681884991318186,,nested_tuning
1,4,full,random_survival_forest,"{""max_features"": 0.5, ""min_samples_leaf"": 10, ""n_estimators"": 500}",0.4784009842192759,,nested_tuning
2,0,clinical,survivalpfn,{},,,single_candidate_no_tuning
2,0,clinical,elastic_net_cox,"{""l1_ratio"": 0.0, ""penalizer"": 0.01}",0.5481315352226296,,nested_tuning
2,0,clinical,elastic_net_cox,"{""l1_ratio"": 0.5, ""penalizer"": 0.01}",0.5420289520490699,,nested_tuning
2,0,clinical,elastic_net_cox,"{""l1_ratio"": 0.0, ""penalizer"": 0.1}",0.549144808637867,,nested_tuning
2,0,clinical,elastic_net_cox,"{""l1_ratio"": 0.5, ""penalizer"": 0.1}",0.5785339294589233,,nested_tuning
2,0,clinical,elastic_net_cox,"{""l1_ratio"": 0.0, ""penalizer"": 1.0}",0.5797723363593463,,nested_tuning
2,0,clinical,elastic_net_cox,"{""l1_ratio"": 0.5, ""penalizer"": 1.0}",0.5862382080133524,,nested_tuning
2,0,clinical,elastic_net_cox,"{""l1_ratio"": 1.0, ""penalizer"": 0.1}",0.5968452562302747,,nested_tuning
2,0,clinical,elastic_net_cox,"{""l1_ratio"": 1.0, ""penalizer"": 1.0}",0.5862382080133524,,nested_tuning
2,0,clinical,xgb_aft,"{""colsample_bytree"": 0.8, ""eta"": 0.03, ""lambda"": 2.0, ""max_depth"": 1, ""min_child_weight"": 5, ""num_boost_round"": 150, ""subsample"": 0.8}",0.5083066960228533,,nested_tuning
2,0,clinical,xgb_aft,"{""colsample_bytree"": 0.8, ""eta"": 0.03, ""lambda"": 2.0, ""max_depth"": 2, ""min_child_weight"": 5, ""num_boost_round"": 150, ""subsample"": 0.8}",0.5316101682757726,,nested_tuning
2,0,clinical,xgb_aft,"{""colsample_bytree"": 0.8, ""eta"": 0.1, ""lambda"": 2.0, ""max_depth"": 1, ""min_child_weight"": 5, ""num_boost_round"": 150, ""subsample"": 0.8}",0.5527152179844536,,nested_tuning
2,0,clinical,xgb_aft,"{""colsample_bytree"": 0.8, ""eta"": 0.1, ""lambda"": 2.0, ""max_depth"": 2, ""min_child_weight"": 5, ""num_boost_round"": 150, ""subsample"": 0.8}",0.5460576744943118,,nested_tuning
2,0,clinical,random_survival_forest,"{""max_features"": ""sqrt"", ""min_samples_leaf"": 5, ""n_estimators"": 500}",0.5384869449854993,,nested_tuning
2,0,clinical,random_survival_forest,"{""max_features"": 0.5, ""min_samples_leaf"": 5, ""n_estimators"": 500}",0.5418733910143582,,nested_tuning
2,0,clinical,random_survival_forest,"{""max_features"": ""sqrt"", ""min_samples_leaf"": 10, ""n_estimators"": 500}",0.5669935038789999,,nested_tuning
2,0,clinical,random_survival_forest,"{""max_features"": 0.5, ""min_samples_leaf"": 10, ""n_estimators"": 500}",0.5589910581198007,,nested_tuning
2,0,clinical_plus_pathway,survivalpfn,{},,,single_candidate_no_tuning
2,0,clinical_plus_pathway,elastic_net_cox,"{""l1_ratio"": 0.0, ""penalizer"": 0.01}",0.5049315569896766,,nested_tuning
2,0,clinical_plus_pathway,elastic_net_cox,"{""l1_ratio"": 0.5, ""penalizer"": 0.01}",0.5160800636785957,,nested_tuning
2,0,clinical_plus_pathway,elastic_net_cox,"{""l1_ratio"": 0.0, ""penalizer"": 0.1}",0.5165343962782293,,nested_tuning
2,0,clinical_plus_pathway,elastic_net_cox,"{""l1_ratio"": 0.5, ""penalizer"": 0.1}",0.5676459487926939,,nested_tuning
2,0,clinical_plus_pathway,elastic_net_cox,"{""l1_ratio"": 0.0, ""penalizer"": 1.0}",0.5376084751404882,,nested_tuning
2,0,clinical_plus_pathway,elastic_net_cox,"{""l1_ratio"": 0.5, ""penalizer"": 1.0}",0.5391755448638577,,nested_tuning
2,0,clinical_plus_pathway,elastic_net_cox,"{""l1_ratio"": 1.0, ""penalizer"": 0.1}",0.6081146905972621,,nested_tuning
2,0,clinical_plus_pathway,elastic_net_cox,"{""l1_ratio"": 1.0, ""penalizer"": 1.0}",0.5375408840645095,,nested_tuning
2,0,clinical_plus_pathway,xgb_aft,"{""colsample_bytree"": 0.8, ""eta"": 0.03, ""lambda"": 2.0, ""max_depth"": 1, ""min_child_weight"": 5, ""num_boost_round"": 150, ""subsample"": 0.8}",0.456586637869026,,nested_tuning
2,0,clinical_plus_pathway,xgb_aft,"{""colsample_bytree"": 0.8, ""eta"": 0.03, ""lambda"": 2.0, ""max_depth"": 2, ""min_child_weight"": 5, ""num_boost_round"": 150, ""subsample"": 0.8}",0.47140593787488383,,nested_tuning
2,0,clinical_plus_pathway,xgb_aft,"{""colsample_bytree"": 0.8, ""eta"": 0.1, ""lambda"": 2.0, ""max_depth"": 1, ""min_child_weight"": 5, ""num_boost_round"": 150, ""subsample"": 0.8}",0.49513456579183696,,nested_tuning
2,0,clinical_plus_pathway,xgb_aft,"{""colsample_bytree"": 0.8, ""eta"": 0.1, ""lambda"": 2.0, ""max_depth"": 2, ""min_child_weight"": 5, ""num_boost_round"": 150, ""subsample"": 0.8}",0.5151706079623739,,nested_tuning
2,0,clinical_plus_pathway,random_survival_forest,"{""max_features"": ""sqrt"", ""min_samples_leaf"": 5, ""n_estimators"": 500}",0.5273348157856195,,nested_tuning
2,0,clinical_plus_pathway,random_survival_forest,"{""max_features"": 0.5, ""min_samples_leaf"": 5, ""n_estimators"": 500}",0.4896802457666867,,nested_tuning
2,0,clinical_plus_pathway,random_survival_forest,"{""max_features"": ""sqrt"", ""min_samples_leaf"": 10, ""n_estimators"": 500}",0.5091545980418004,,nested_tuning
2,0,clinical_plus_pathway,random_survival_forest,"{""max_features"": 0.5, ""min_samples_leaf"": 10, ""n_estimators"": 500}",0.5194026169043667,,nested_tuning
2,0,clinical_plus_recast,survivalpfn,{},,,single_candidate_no_tuning
2,0,clinical_plus_recast,elastic_net_cox,"{""l1_ratio"": 0.0, ""penalizer"": 0.01}",0.5970388172355624,,nested_tuning
2,0,clinical_plus_recast,elastic_net_cox,"{""l1_ratio"": 0.5, ""penalizer"": 0.01}",0.592148147638332,,nested_tuning
2,0,clinical_plus_recast,elastic_net_cox,"{""l1_ratio"": 0.0, ""penalizer"": 0.1}",0.5839652826658647,,nested_tuning
2,0,clinical_plus_recast,elastic_net_cox,"{""l1_ratio"": 0.5, ""penalizer"": 0.1}",0.6183776051816874,,nested_tuning
2,0,clinical_plus_recast,elastic_net_cox,"{""l1_ratio"": 0.0, ""penalizer"": 1.0}",0.5734641954213204,,nested_tuning
2,0,clinical_plus_recast,elastic_net_cox,"{""l1_ratio"": 0.5, ""penalizer"": 1.0}",0.5899498276324175,,nested_tuning
2,0,clinical_plus_recast,elastic_net_cox,"{""l1_ratio"": 1.0, ""penalizer"": 0.1}",0.5594364186800374,,nested_tuning
2,0,clinical_plus_recast,elastic_net_cox,"{""l1_ratio"": 1.0, ""penalizer"": 1.0}",0.5899498276324175,,nested_tuning
2,0,clinical_plus_recast,xgb_aft,"{""colsample_bytree"": 0.8, ""eta"": 0.03, ""lambda"": 2.0, ""max_depth"": 1, ""min_child_weight"": 5, ""num_boost_round"": 150, ""subsample"": 0.8}",0.4528531069562903,,nested_tuning
2,0,clinical_plus_recast,xgb_aft,"{""colsample_bytree"": 0.8, ""eta"": 0.03, ""lambda"": 2.0, ""max_depth"": 2, ""min_child_weight"": 5, ""num_boost_round"": 150, ""subsample"": 0.8}",0.511720870531403,,nested_tuning
2,0,clinical_plus_recast,xgb_aft,"{""colsample_bytree"": 0.8, ""eta"": 0.1, ""lambda"": 2.0, ""max_depth"": 1, ""min_child_weight"": 5, ""num_boost_round"": 150, ""subsample"": 0.8}",0.42123152412866216,,nested_tuning
2,0,clinical_plus_recast,xgb_aft,"{""colsample_bytree"": 0.8, ""eta"": 0.1, ""lambda"": 2.0, ""max_depth"": 2, ""min_child_weight"": 5, ""num_boost_round"": 150, ""subsample"": 0.8}",0.522674399550101,,nested_tuning
2,0,clinical_plus_recast,random_survival_forest,"{""max_features"": ""sqrt"", ""min_samples_leaf"": 5, ""n_estimators"": 500}",0.4983800331953845,,nested_tuning
2,0,clinical_plus_recast,random_survival_forest,"{""max_features"": 0.5, ""min_samples_leaf"": 5, ""n_estimators"": 500}",0.4963744829916339,,nested_tuning
2,0,clinical_plus_recast,random_survival_forest,"{""max_features"": ""sqrt"", ""min_samples_leaf"": 10, ""n_estimators"": 500}",0.5013178632436893,,nested_tuning
2,0,clinical_plus_recast,random_survival_forest,"{""max_features"": 0.5, ""min_samples_leaf"": 10, ""n_estimators"": 500}",0.5194998678907387,,nested_tuning
2,0,full,survivalpfn,{},,,single_candidate_no_tuning
2,0,full,elastic_net_cox,"{""l1_ratio"": 0.0, ""penalizer"": 0.01}",0.5776370497772609,,nested_tuning
2,0,full,elastic_net_cox,"{""l1_ratio"": 0.5, ""penalizer"": 0.01}",0.5696282598572913,,nested_tuning
2,0,full,elastic_net_cox,"{""l1_ratio"": 0.0, ""penalizer"": 0.1}",0.5612516747613324,,nested_tuning
2,0,full,elastic_net_cox,"{""l1_ratio"": 0.5, ""penalizer"": 0.1}",0.6271787689225006,,nested_tuning
2,0,full,elastic_net_cox,"{""l1_ratio"": 0.0, ""penalizer"": 1.0}",0.5961221260659824,,nested_tuning
2,0,full,elastic_net_cox,"{""l1_ratio"": 0.5, ""penalizer"": 1.0}",0.5510721950796084,,nested_tuning
2,0,full,elastic_net_cox,"{""l1_ratio"": 1.0, ""penalizer"": 0.1}",0.6063405905100581,,nested_tuning
2,0,full,elastic_net_cox,"{""l1_ratio"": 1.0, ""penalizer"": 1.0}",0.5523916259670425,,nested_tuning
2,0,full,xgb_aft,"{""colsample_bytree"": 0.8, ""eta"": 0.03, ""lambda"": 2.0, ""max_depth"": 1, ""min_child_weight"": 5, ""num_boost_round"": 150, ""subsample"": 0.8}",0.43268358446089583,,nested_tuning
2,0,full,xgb_aft,"{""colsample_bytree"": 0.8, ""eta"": 0.03, ""lambda"": 2.0, ""max_depth"": 2, ""min_child_weight"": 5, ""num_boost_round"": 150, ""subsample"": 0.8}",0.4386210963665045,,nested_tuning
2,0,full,xgb_aft,"{""colsample_bytree"": 0.8, ""eta"": 0.1, ""lambda"": 2.0, ""max_depth"": 1, ""min_child_weight"": 5, ""num_boost_round"": 150, ""subsample"": 0.8}",0.474523834126273,,nested_tuning
2,0,full,xgb_aft,"{""colsample_bytree"": 0.8, ""eta"": 0.1, ""lambda"": 2.0, ""max_depth"": 2, ""min_child_weight"": 5, ""num_boost_round"": 150, ""subsample"": 0.8}",0.45683339439914084,,nested_tuning
2,0,full,random_survival_forest,"{""max_features"": ""sqrt"", ""min_samples_leaf"": 5, ""n_estimators"": 500}",0.4897136040744543,,nested_tuning
2,0,full,random_survival_forest,"{""max_features"": 0.5, ""min_samples_leaf"": 5, ""n_estimators"": 500}",0.4958681861435583,,nested_tuning
2,0,full,random_survival_forest,"{""max_features"": ""sqrt"", ""min_samples_leaf"": 10, ""n_estimators"": 500}",0.4823464666143549,,nested_tuning
2,0,full,random_survival_forest,"{""max_features"": 0.5, ""min_samples_leaf"": 10, ""n_estimators"": 500}",0.4996496267434682,,nested_tuning
2,1,clinical,survivalpfn,{},,,single_candidate_no_tuning
2,1,clinical,elastic_net_cox,"{""l1_ratio"": 0.0, ""penalizer"": 0.01}",0.6082832402250387,,nested_tuning
2,1,clinical,elastic_net_cox,"{""l1_ratio"": 0.5, ""penalizer"": 0.01}",0.6114928605044234,,nested_tuning
2,1,clinical,elastic_net_cox,"{""l1_ratio"": 0.0, ""penalizer"": 0.1}",0.5784434569925528,,nested_tuning
2,1,clinical,elastic_net_cox,"{""l1_ratio"": 0.5, ""penalizer"": 0.1}",0.5782498974478231,,nested_tuning
2,1,clinical,elastic_net_cox,"{""l1_ratio"": 0.0, ""penalizer"": 1.0}",0.5638889826642175,,nested_tuning
2,1,clinical,elastic_net_cox,"{""l1_ratio"": 0.5, ""penalizer"": 1.0}",0.5792436810023045,,nested_tuning
2,1,clinical,elastic_net_cox,"{""l1_ratio"": 1.0, ""penalizer"": 0.1}",0.5673182911392471,,nested_tuning
2,1,clinical,elastic_net_cox,"{""l1_ratio"": 1.0, ""penalizer"": 1.0}",0.5782333989086004,,nested_tuning
2,1,clinical,xgb_aft,"{""colsample_bytree"": 0.8, ""eta"": 0.03, ""lambda"": 2.0, ""max_depth"": 1, ""min_child_weight"": 5, ""num_boost_round"": 150, ""subsample"": 0.8}",0.47893931537480916,,nested_tuning
2,1,clinical,xgb_aft,"{""colsample_bytree"": 0.8, ""eta"": 0.03, ""lambda"": 2.0, ""max_depth"": 2, ""min_child_weight"": 5, ""num_boost_round"": 150, ""subsample"": 0.8}",0.47420898695736113,,nested_tuning
2,1,clinical,xgb_aft,"{""colsample_bytree"": 0.8, ""eta"": 0.1, ""lambda"": 2.0, ""max_depth"": 1, ""min_child_weight"": 5, ""num_boost_round"": 150, ""subsample"": 0.8}",0.5014256706426223,,nested_tuning
2,1,clinical,xgb_aft,"{""colsample_bytree"": 0.8, ""eta"": 0.1, ""lambda"": 2.0, ""max_depth"": 2, ""min_child_weight"": 5, ""num_boost_round"": 150, ""subsample"": 0.8}",0.4970435686419673,,nested_tuning
2,1,clinical,random_survival_forest,"{""max_features"": ""sqrt"", ""min_samples_leaf"": 5, ""n_estimators"": 500}",0.5241436421586156,,nested_tuning
2,1,clinical,random_survival_forest,"{""max_features"": 0.5, ""min_samples_leaf"": 5, ""n_estimators"": 500}",0.5219949535177928,,nested_tuning
2,1,clinical,random_survival_forest,"{""max_features"": ""sqrt"", ""min_samples_leaf"": 10, ""n_estimators"": 500}",0.5306332711252473,,nested_tuning
2,1,clinical,random_survival_forest,"{""max_features"": 0.5, ""min_samples_leaf"": 10, ""n_estimators"": 500}",0.5202776963410354,,nested_tuning
2,1,clinical_plus_pathway,survivalpfn,{},,,single_candidate_no_tuning
2,1,clinical_plus_pathway,elastic_net_cox,"{""l1_ratio"": 0.0, ""penalizer"": 0.01}",0.5823535898193452,,nested_tuning
2,1,clinical_plus_pathway,elastic_net_cox,"{""l1_ratio"": 0.5, ""penalizer"": 0.01}",0.5774845624610965,,nested_tuning
2,1,clinical_plus_pathway,elastic_net_cox,"{""l1_ratio"": 0.0, ""penalizer"": 0.1}",0.5891258427046395,,nested_tuning
2,1,clinical_plus_pathway,elastic_net_cox,"{""l1_ratio"": 0.5, ""penalizer"": 0.1}",0.5883670268966015,,nested_tuning
2,1,clinical_plus_pathway,elastic_net_cox,"{""l1_ratio"": 0.0, ""penalizer"": 1.0}",0.5775618657675974,,nested_tuning
2,1,clinical_plus_pathway,elastic_net_cox,"{""l1_ratio"": 0.5, ""penalizer"": 1.0}",0.49031874462832215,,nested_tuning
2,1,clinical_plus_pathway,elastic_net_cox,"{""l1_ratio"": 1.0, ""penalizer"": 0.1}",0.5905000064702612,,nested_tuning
2,1,clinical_plus_pathway,elastic_net_cox,"{""l1_ratio"": 1.0, ""penalizer"": 1.0}",0.4882811316790205,,nested_tuning
2,1,clinical_plus_pathway,xgb_aft,"{""colsample_bytree"": 0.8, ""eta"": 0.03, ""lambda"": 2.0, ""max_depth"": 1, ""min_child_weight"": 5, ""num_boost_round"": 150, ""subsample"": 0.8}",0.48147468479494987,,nested_tuning
2,1,clinical_plus_pathway,xgb_aft,"{""colsample_bytree"": 0.8, ""eta"": 0.03, ""lambda"": 2.0, ""max_depth"": 2, ""min_child_weight"": 5, ""num_boost_round"": 150, ""subsample"": 0.8}",0.5148480361349757,,nested_tuning
2,1,clinical_plus_pathway,xgb_aft,"{""colsample_bytree"": 0.8, ""eta"": 0.1, ""lambda"": 2.0, ""max_depth"": 1, ""min_child_weight"": 5, ""num_boost_round"": 150, ""subsample"": 0.8}",0.5103223652026523,,nested_tuning
2,1,clinical_plus_pathway,xgb_aft,"{""colsample_bytree"": 0.8, ""eta"": 0.1, ""lambda"": 2.0, ""max_depth"": 2, ""min_child_weight"": 5, ""num_boost_round"": 150, ""subsample"": 0.8}",0.5203053109891589,,nested_tuning
2,1,clinical_plus_pathway,random_survival_forest,"{""max_features"": ""sqrt"", ""min_samples_leaf"": 5, ""n_estimators"": 500}",0.5172104259667499,,nested_tuning
2,1,clinical_plus_pathway,random_survival_forest,"{""max_features"": 0.5, ""min_samples_leaf"": 5, ""n_estimators"": 500}",0.5299995311130338,,nested_tuning
2,1,clinical_plus_pathway,random_survival_forest,"{""max_features"": ""sqrt"", ""min_samples_leaf"": 10, ""n_estimators"": 500}",0.48664029905939454,,nested_tuning
2,1,clinical_plus_pathway,random_survival_forest,"{""max_features"": 0.5, ""min_samples_leaf"": 10, ""n_estimators"": 500}",0.4914079907736676,,nested_tuning
2,1,clinical_plus_recast,survivalpfn,{},,,single_candidate_no_tuning
2,1,clinical_plus_recast,elastic_net_cox,"{""l1_ratio"": 0.0, ""penalizer"": 0.01}",0.6133294777858035,,nested_tuning
2,1,clinical_plus_recast,elastic_net_cox,"{""l1_ratio"": 0.5, ""penalizer"": 0.01}",0.6353936517062645,,nested_tuning
2,1,clinical_plus_recast,elastic_net_cox,"{""l1_ratio"": 0.0, ""penalizer"": 0.1}",0.6318376285492032,,nested_tuning
2,1,clinical_plus_recast,elastic_net_cox,"{""l1_ratio"": 0.5, ""penalizer"": 0.1}",0.6602507381182089,,nested_tuning
2,1,clinical_plus_recast,elastic_net_cox,"{""l1_ratio"": 0.0, ""penalizer"": 1.0}",0.6044923622006466,,nested_tuning
2,1,clinical_plus_recast,elastic_net_cox,"{""l1_ratio"": 0.5, ""penalizer"": 1.0}",0.5491315830081973,,nested_tuning
2,1,clinical_plus_recast,elastic_net_cox,"{""l1_ratio"": 1.0, ""penalizer"": 0.1}",0.6384767393930525,,nested_tuning
2,1,clinical_plus_recast,elastic_net_cox,"{""l1_ratio"": 1.0, ""penalizer"": 1.0}",0.5491315830081973,,nested_tuning
2,1,clinical_plus_recast,xgb_aft,"{""colsample_bytree"": 0.8, ""eta"": 0.03, ""lambda"": 2.0, ""max_depth"": 1, ""min_child_weight"": 5, ""num_boost_round"": 150, ""subsample"": 0.8}",0.48610740116329676,,nested_tuning
2,1,clinical_plus_recast,xgb_aft,"{""colsample_bytree"": 0.8, ""eta"": 0.03, ""lambda"": 2.0, ""max_depth"": 2, ""min_child_weight"": 5, ""num_boost_round"": 150, ""subsample"": 0.8}",0.49272292850715405,,nested_tuning
2,1,clinical_plus_recast,xgb_aft,"{""colsample_bytree"": 0.8, ""eta"": 0.1, ""lambda"": 2.0, ""max_depth"": 1, ""min_child_weight"": 5, ""num_boost_round"": 150, ""subsample"": 0.8}",0.4852421785387021,,nested_tuning
2,1,clinical_plus_recast,xgb_aft,"{""colsample_bytree"": 0.8, ""eta"": 0.1, ""lambda"": 2.0, ""max_depth"": 2, ""min_child_weight"": 5, ""num_boost_round"": 150, ""subsample"": 0.8}",0.4768708763726329,,nested_tuning
2,1,clinical_plus_recast,random_survival_forest,"{""max_features"": ""sqrt"", ""min_samples_leaf"": 5, ""n_estimators"": 500}",0.5017184108324684,,nested_tuning
2,1,clinical_plus_recast,random_survival_forest,"{""max_features"": 0.5, ""min_samples_leaf"": 5, ""n_estimators"": 500}",0.4700390997827387,,nested_tuning
2,1,clinical_plus_recast,random_survival_forest,"{""max_features"": ""sqrt"", ""min_samples_leaf"": 10, ""n_estimators"": 500}",0.48754414563649406,,nested_tuning
2,1,clinical_plus_recast,random_survival_forest,"{""max_features"": 0.5, ""min_samples_leaf"": 10, ""n_estimators"": 500}",0.47799840807718863,,nested_tuning
2,1,full,survivalpfn,{},,,single_candidate_no_tuning
2,1,full,elastic_net_cox,"{""l1_ratio"": 0.0, ""penalizer"": 0.01}",0.6205250705783464,,nested_tuning
2,1,full,elastic_net_cox,"{""l1_ratio"": 0.5, ""penalizer"": 0.01}",0.6195559941075491,,nested_tuning
2,1,full,elastic_net_cox,"{""l1_ratio"": 0.0, ""penalizer"": 0.1}",0.6120504006706813,,nested_tuning
2,1,full,elastic_net_cox,"{""l1_ratio"": 0.5, ""penalizer"": 0.1}",0.619954015407544,,nested_tuning
2,1,full,elastic_net_cox,"{""l1_ratio"": 0.0, ""penalizer"": 1.0}",0.5403397321388383,,nested_tuning
2,1,full,elastic_net_cox,"{""l1_ratio"": 0.5, ""penalizer"": 1.0}",0.4597568806538638,,nested_tuning
2,1,full,elastic_net_cox,"{""l1_ratio"": 1.0, ""penalizer"": 0.1}",0.6291911128162987,,nested_tuning
2,1,full,elastic_net_cox,"{""l1_ratio"": 1.0, ""penalizer"": 1.0}",0.4584141205076765,,nested_tuning
2,1,full,xgb_aft,"{""colsample_bytree"": 0.8, ""eta"": 0.03, ""lambda"": 2.0, ""max_depth"": 1, ""min_child_weight"": 5, ""num_boost_round"": 150, ""subsample"": 0.8}",0.4847537224184164,,nested_tuning
2,1,full,xgb_aft,"{""colsample_bytree"": 0.8, ""eta"": 0.03, ""lambda"": 2.0, ""max_depth"": 2, ""min_child_weight"": 5, ""num_boost_round"": 150, ""subsample"": 0.8}",0.5043421402194778,,nested_tuning
2,1,full,xgb_aft,"{""colsample_bytree"": 0.8, ""eta"": 0.1, ""lambda"": 2.0, ""max_depth"": 1, ""min_child_weight"": 5, ""num_boost_round"": 150, ""subsample"": 0.8}",0.4956376256088366,,nested_tuning
2,1,full,xgb_aft,"{""colsample_bytree"": 0.8, ""eta"": 0.1, ""lambda"": 2.0, ""max_depth"": 2, ""min_child_weight"": 5, ""num_boost_round"": 150, ""subsample"": 0.8}",0.518803671468965,,nested_tuning
2,1,full,random_survival_forest,"{""max_features"": ""sqrt"", ""min_samples_leaf"": 5, ""n_estimators"": 500}",0.502492158529583,,nested_tuning
2,1,full,random_survival_forest,"{""max_features"": 0.5, ""min_samples_leaf"": 5, ""n_estimators"": 500}",0.48792377084791383,,nested_tuning
2,1,full,random_survival_forest,"{""max_features"": ""sqrt"", ""min_samples_leaf"": 10, ""n_estimators"": 500}",0.49631900627467246,,nested_tuning
2,1,full,random_survival_forest,"{""max_features"": 0.5, ""min_samples_leaf"": 10, ""n_estimators"": 500}",0.48702274534416956,,nested_tuning
2,2,clinical,survivalpfn,{},,,single_candidate_no_tuning
2,2,clinical,elastic_net_cox,"{""l1_ratio"": 0.0, ""penalizer"": 0.01}",0.5695992999416325,,nested_tuning
2,2,clinical,elastic_net_cox,"{""l1_ratio"": 0.5, ""penalizer"": 0.01}",0.5678302192419356,,nested_tuning
2,2,clinical,elastic_net_cox,"{""l1_ratio"": 0.0, ""penalizer"": 0.1}",0.5572312573418653,,nested_tuning
2,2,clinical,elastic_net_cox,"{""l1_ratio"": 0.5, ""penalizer"": 0.1}",0.5388971622604165,,nested_tuning
2,2,clinical,elastic_net_cox,"{""l1_ratio"": 0.0, ""penalizer"": 1.0}",0.5600502092261732,,nested_tuning
2,2,clinical,elastic_net_cox,"{""l1_ratio"": 0.5, ""penalizer"": 1.0}",0.5494737798395297,,nested_tuning
2,2,clinical,elastic_net_cox,"{""l1_ratio"": 1.0, ""penalizer"": 0.1}",0.5317651203463588,,nested_tuning
2,2,clinical,elastic_net_cox,"{""l1_ratio"": 1.0, ""penalizer"": 1.0}",0.5494737798395297,,nested_tuning
2,2,clinical,xgb_aft,"{""colsample_bytree"": 0.8, ""eta"": 0.03, ""lambda"": 2.0, ""max_depth"": 1, ""min_child_weight"": 5, ""num_boost_round"": 150, ""subsample"": 0.8}",0.4721883474425421,,nested_tuning
2,2,clinical,xgb_aft,"{""colsample_bytree"": 0.8, ""eta"": 0.03, ""lambda"": 2.0, ""max_depth"": 2, ""min_child_weight"": 5, ""num_boost_round"": 150, ""subsample"": 0.8}",0.4987153646590353,,nested_tuning
2,2,clinical,xgb_aft,"{""colsample_bytree"": 0.8, ""eta"": 0.1, ""lambda"": 2.0, ""max_depth"": 1, ""min_child_weight"": 5, ""num_boost_round"": 150, ""subsample"": 0.8}",0.5199982319212014,,nested_tuning
2,2,clinical,xgb_aft,"{""colsample_bytree"": 0.8, ""eta"": 0.1, ""lambda"": 2.0, ""max_depth"": 2, ""min_child_weight"": 5, ""num_boost_round"": 150, ""subsample"": 0.8}",0.5074321708987677,,nested_tuning
2,2,clinical,random_survival_forest,"{""max_features"": ""sqrt"", ""min_samples_leaf"": 5, ""n_estimators"": 500}",0.5115590284957534,,nested_tuning
2,2,clinical,random_survival_forest,"{""max_features"": 0.5, ""min_samples_leaf"": 5, ""n_estimators"": 500}",0.5117916363421973,,nested_tuning
2,2,clinical,random_survival_forest,"{""max_features"": ""sqrt"", ""min_samples_leaf"": 10, ""n_estimators"": 500}",0.5285159010152384,,nested_tuning
2,2,clinical,random_survival_forest,"{""max_features"": 0.5, ""min_samples_leaf"": 10, ""n_estimators"": 500}",0.5112690469983674,,nested_tuning
2,2,clinical_plus_pathway,survivalpfn,{},,,single_candidate_no_tuning
2,2,clinical_plus_pathway,elastic_net_cox,"{""l1_ratio"": 0.0, ""penalizer"": 0.01}",0.5410647699100896,,nested_tuning
2,2,clinical_plus_pathway,elastic_net_cox,"{""l1_ratio"": 0.5, ""penalizer"": 0.01}",0.5328327809159057,,nested_tuning
2,2,clinical_plus_pathway,elastic_net_cox,"{""l1_ratio"": 0.0, ""penalizer"": 0.1}",0.5128369755916962,,nested_tuning
2,2,clinical_plus_pathway,elastic_net_cox,"{""l1_ratio"": 0.5, ""penalizer"": 0.1}",0.5047955147570564,,nested_tuning
2,2,clinical_plus_pathway,elastic_net_cox,"{""l1_ratio"": 0.0, ""penalizer"": 1.0}",0.5210268274971632,,nested_tuning
2,2,clinical_plus_pathway,elastic_net_cox,"{""l1_ratio"": 0.5, ""penalizer"": 1.0}",0.4854820217092371,,nested_tuning
2,2,clinical_plus_pathway,elastic_net_cox,"{""l1_ratio"": 1.0, ""penalizer"": 0.1}",0.4922245075205667,,nested_tuning
2,2,clinical_plus_pathway,elastic_net_cox,"{""l1_ratio"": 1.0, ""penalizer"": 1.0}",0.4854820217092371,,nested_tuning
2,2,clinical_plus_pathway,xgb_aft,"{""colsample_bytree"": 0.8, ""eta"": 0.03, ""lambda"": 2.0, ""max_depth"": 1, ""min_child_weight"": 5, ""num_boost_round"": 150, ""subsample"": 0.8}",0.46645182123117457,,nested_tuning
2,2,clinical_plus_pathway,xgb_aft,"{""colsample_bytree"": 0.8, ""eta"": 0.03, ""lambda"": 2.0, ""max_depth"": 2, ""min_child_weight"": 5, ""num_boost_round"": 150, ""subsample"": 0.8}",0.49430791265556956,,nested_tuning
2,2,clinical_plus_pathway,xgb_aft,"{""colsample_bytree"": 0.8, ""eta"": 0.1, ""lambda"": 2.0, ""max_depth"": 1, ""min_child_weight"": 5, ""num_boost_round"": 150, ""subsample"": 0.8}",0.4780169029722995,,nested_tuning
2,2,clinical_plus_pathway,xgb_aft,"{""colsample_bytree"": 0.8, ""eta"": 0.1, ""lambda"": 2.0, ""max_depth"": 2, ""min_child_weight"": 5, ""num_boost_round"": 150, ""subsample"": 0.8}",0.5301998833196342,,nested_tuning
2,2,clinical_plus_pathway,random_survival_forest,"{""max_features"": ""sqrt"", ""min_samples_leaf"": 5, ""n_estimators"": 500}",0.5184783511544363,,nested_tuning
2,2,clinical_plus_pathway,random_survival_forest,"{""max_features"": 0.5, ""min_samples_leaf"": 5, ""n_estimators"": 500}",0.5309600160466653,,nested_tuning
2,2,clinical_plus_pathway,random_survival_forest,"{""max_features"": ""sqrt"", ""min_samples_leaf"": 10, ""n_estimators"": 500}",0.51666953737651,,nested_tuning
2,2,clinical_plus_pathway,random_survival_forest,"{""max_features"": 0.5, ""min_samples_leaf"": 10, ""n_estimators"": 500}",0.5416350216585379,,nested_tuning
2,2,clinical_plus_recast,survivalpfn,{},,,single_candidate_no_tuning
2,2,clinical_plus_recast,elastic_net_cox,"{""l1_ratio"": 0.0, ""penalizer"": 0.01}",0.4886581544179446,,nested_tuning
2,2,clinical_plus_recast,elastic_net_cox,"{""l1_ratio"": 0.5, ""penalizer"": 0.01}",0.4883398225335769,,nested_tuning
2,2,clinical_plus_recast,elastic_net_cox,"{""l1_ratio"": 0.0, ""penalizer"": 0.1}",0.48776604826580067,,nested_tuning
2,2,clinical_plus_recast,elastic_net_cox,"{""l1_ratio"": 0.5, ""penalizer"": 0.1}",0.491590712038547,,nested_tuning
2,2,clinical_plus_recast,elastic_net_cox,"{""l1_ratio"": 0.0, ""penalizer"": 1.0}",0.5030742011519272,,nested_tuning
2,2,clinical_plus_recast,elastic_net_cox,"{""l1_ratio"": 0.5, ""penalizer"": 1.0}",0.4813789010253191,,nested_tuning
2,2,clinical_plus_recast,elastic_net_cox,"{""l1_ratio"": 1.0, ""penalizer"": 0.1}",0.4986596265878693,,nested_tuning
2,2,clinical_plus_recast,elastic_net_cox,"{""l1_ratio"": 1.0, ""penalizer"": 1.0}",0.4813789010253191,,nested_tuning
2,2,clinical_plus_recast,xgb_aft,"{""colsample_bytree"": 0.8, ""eta"": 0.03, ""lambda"": 2.0, ""max_depth"": 1, ""min_child_weight"": 5, ""num_boost_round"": 150, ""subsample"": 0.8}",0.43977983293162104,,nested_tuning
2,2,clinical_plus_recast,xgb_aft,"{""colsample_bytree"": 0.8, ""eta"": 0.03, ""lambda"": 2.0, ""max_depth"": 2, ""min_child_weight"": 5, ""num_boost_round"": 150, ""subsample"": 0.8}",0.43804335894633384,,nested_tuning
2,2,clinical_plus_recast,xgb_aft,"{""colsample_bytree"": 0.8, ""eta"": 0.1, ""lambda"": 2.0, ""max_depth"": 1, ""min_child_weight"": 5, ""num_boost_round"": 150, ""subsample"": 0.8}",0.4398428814293745,,nested_tuning
2,2,clinical_plus_recast,xgb_aft,"{""colsample_bytree"": 0.8, ""eta"": 0.1, ""lambda"": 2.0, ""max_depth"": 2, ""min_child_weight"": 5, ""num_boost_round"": 150, ""subsample"": 0.8}",0.47299398291138994,,nested_tuning
2,2,clinical_plus_recast,random_survival_forest,"{""max_features"": ""sqrt"", ""min_samples_leaf"": 5, ""n_estimators"": 500}",0.45170535094763803,,nested_tuning
2,2,clinical_plus_recast,random_survival_forest,"{""max_features"": 0.5, ""min_samples_leaf"": 5, ""n_estimators"": 500}",0.4625135267857061,,nested_tuning
2,2,clinical_plus_recast,random_survival_forest,"{""max_features"": ""sqrt"", ""min_samples_leaf"": 10, ""n_estimators"": 500}",0.4824630252545897,,nested_tuning
2,2,clinical_plus_recast,random_survival_forest,"{""max_features"": 0.5, ""min_samples_leaf"": 10, ""n_estimators"": 500}",0.4756782862016625,,nested_tuning
2,2,full,survivalpfn,{},,,single_candidate_no_tuning
2,2,full,elastic_net_cox,"{""l1_ratio"": 0.0, ""penalizer"": 0.01}",0.4997282047871091,,nested_tuning
2,2,full,elastic_net_cox,"{""l1_ratio"": 0.5, ""penalizer"": 0.01}",0.485945823315205,,nested_tuning
2,2,full,elastic_net_cox,"{""l1_ratio"": 0.0, ""penalizer"": 0.1}",0.48272109548600195,,nested_tuning
2,2,full,elastic_net_cox,"{""l1_ratio"": 0.5, ""penalizer"": 0.1}",0.4946583666314376,,nested_tuning
2,2,full,elastic_net_cox,"{""l1_ratio"": 0.0, ""penalizer"": 1.0}",0.4946745443236047,,nested_tuning
2,2,full,elastic_net_cox,"{""l1_ratio"": 0.5, ""penalizer"": 1.0}",0.44956887411986235,,nested_tuning
2,2,full,elastic_net_cox,"{""l1_ratio"": 1.0, ""penalizer"": 0.1}",0.4785866061619054,,nested_tuning
2,2,full,elastic_net_cox,"{""l1_ratio"": 1.0, ""penalizer"": 1.0}",0.44956887411986235,,nested_tuning
2,2,full,xgb_aft,"{""colsample_bytree"": 0.8, ""eta"": 0.03, ""lambda"": 2.0, ""max_depth"": 1, ""min_child_weight"": 5, ""num_boost_round"": 150, ""subsample"": 0.8}",0.4549537712737195,,nested_tuning
2,2,full,xgb_aft,"{""colsample_bytree"": 0.8, ""eta"": 0.03, ""lambda"": 2.0, ""max_depth"": 2, ""min_child_weight"": 5, ""num_boost_round"": 150, ""subsample"": 0.8}",0.4854209903775726,,nested_tuning
2,2,full,xgb_aft,"{""colsample_bytree"": 0.8, ""eta"": 0.1, ""lambda"": 2.0, ""max_depth"": 1, ""min_child_weight"": 5, ""num_boost_round"": 150, ""subsample"": 0.8}",0.42663806818376726,,nested_tuning
2,2,full,xgb_aft,"{""colsample_bytree"": 0.8, ""eta"": 0.1, ""lambda"": 2.0, ""max_depth"": 2, ""min_child_weight"": 5, ""num_boost_round"": 150, ""subsample"": 0.8}",0.48347537375059946,,nested_tuning
2,2,full,random_survival_forest,"{""max_features"": ""sqrt"", ""min_samples_leaf"": 5, ""n_estimators"": 500}",0.49213027040142865,,nested_tuning
2,2,full,random_survival_forest,"{""max_features"": 0.5, ""min_samples_leaf"": 5, ""n_estimators"": 500}",0.5085243200843595,,nested_tuning
2,2,full,random_survival_forest,"{""max_features"": ""sqrt"", ""min_samples_leaf"": 10, ""n_estimators"": 500}",0.5141738738975814,,nested_tuning
2,2,full,random_survival_forest,"{""max_features"": 0.5, ""min_samples_leaf"": 10, ""n_estimators"": 500}",0.5177202567941596,,nested_tuning
2,3,clinical,survivalpfn,{},,,single_candidate_no_tuning
2,3,clinical,elastic_net_cox,"{""l1_ratio"": 0.0, ""penalizer"": 0.01}",0.636899274418141,,nested_tuning
2,3,clinical,elastic_net_cox,"{""l1_ratio"": 0.5, ""penalizer"": 0.01}",0.6252160852722651,,nested_tuning
2,3,clinical,elastic_net_cox,"{""l1_ratio"": 0.0, ""penalizer"": 0.1}",0.6134474916893619,,nested_tuning
2,3,clinical,elastic_net_cox,"{""l1_ratio"": 0.5, ""penalizer"": 0.1}",0.6022601197807474,,nested_tuning
2,3,clinical,elastic_net_cox,"{""l1_ratio"": 0.0, ""penalizer"": 1.0}",0.5999053664072034,,nested_tuning
2,3,clinical,elastic_net_cox,"{""l1_ratio"": 0.5, ""penalizer"": 1.0}",0.6205127795246997,,nested_tuning
2,3,clinical,elastic_net_cox,"{""l1_ratio"": 1.0, ""penalizer"": 0.1}",0.5831862832649305,,nested_tuning
2,3,clinical,elastic_net_cox,"{""l1_ratio"": 1.0, ""penalizer"": 1.0}",0.621023281039246,,nested_tuning
2,3,clinical,xgb_aft,"{""colsample_bytree"": 0.8, ""eta"": 0.03, ""lambda"": 2.0, ""max_depth"": 1, ""min_child_weight"": 5, ""num_boost_round"": 150, ""subsample"": 0.8}",0.4967221076581359,,nested_tuning
2,3,clinical,xgb_aft,"{""colsample_bytree"": 0.8, ""eta"": 0.03, ""lambda"": 2.0, ""max_depth"": 2, ""min_child_weight"": 5, ""num_boost_round"": 150, ""subsample"": 0.8}",0.5031109192434919,,nested_tuning
2,3,clinical,xgb_aft,"{""colsample_bytree"": 0.8, ""eta"": 0.1, ""lambda"": 2.0, ""max_depth"": 1, ""min_child_weight"": 5, ""num_boost_round"": 150, ""subsample"": 0.8}",0.5161117753900324,,nested_tuning
2,3,clinical,xgb_aft,"{""colsample_bytree"": 0.8, ""eta"": 0.1, ""lambda"": 2.0, ""max_depth"": 2, ""min_child_weight"": 5, ""num_boost_round"": 150, ""subsample"": 0.8}",0.4672323897675666,,nested_tuning
2,3,clinical,random_survival_forest,"{""max_features"": ""sqrt"", ""min_samples_leaf"": 5, ""n_estimators"": 500}",0.5535397012631851,,nested_tuning
2,3,clinical,random_survival_forest,"{""max_features"": 0.5, ""min_samples_leaf"": 5, ""n_estimators"": 500}",0.534339580745474,,nested_tuning
2,3,clinical,random_survival_forest,"{""max_features"": ""sqrt"", ""min_samples_leaf"": 10, ""n_estimators"": 500}",0.5708610476432794,,nested_tuning
2,3,clinical,random_survival_forest,"{""max_features"": 0.5, ""min_samples_leaf"": 10, ""n_estimators"": 500}",0.5489511450366351,,nested_tuning
2,3,clinical_plus_pathway,survivalpfn,{},,,single_candidate_no_tuning
2,3,clinical_plus_pathway,elastic_net_cox,"{""l1_ratio"": 0.0, ""penalizer"": 0.01}",0.5586536477063737,,nested_tuning
2,3,clinical_plus_pathway,elastic_net_cox,"{""l1_ratio"": 0.5, ""penalizer"": 0.01}",0.5361349266241435,,nested_tuning
2,3,clinical_plus_pathway,elastic_net_cox,"{""l1_ratio"": 0.0, ""penalizer"": 0.1}",0.5384541697849063,,nested_tuning
2,3,clinical_plus_pathway,elastic_net_cox,"{""l1_ratio"": 0.5, ""penalizer"": 0.1}",0.5591921911923127,,nested_tuning
2,3,clinical_plus_pathway,elastic_net_cox,"{""l1_ratio"": 0.0, ""penalizer"": 1.0}",0.5460540236278129,,nested_tuning
2,3,clinical_plus_pathway,elastic_net_cox,"{""l1_ratio"": 0.5, ""penalizer"": 1.0}",0.4635978620768323,,nested_tuning
2,3,clinical_plus_pathway,elastic_net_cox,"{""l1_ratio"": 1.0, ""penalizer"": 0.1}",0.5546043847072103,,nested_tuning
2,3,clinical_plus_pathway,elastic_net_cox,"{""l1_ratio"": 1.0, ""penalizer"": 1.0}",0.4635978620768323,,nested_tuning
2,3,clinical_plus_pathway,xgb_aft,"{""colsample_bytree"": 0.8, ""eta"": 0.03, ""lambda"": 2.0, ""max_depth"": 1, ""min_child_weight"": 5, ""num_boost_round"": 150, ""subsample"": 0.8}",0.3664281245075616,,nested_tuning
2,3,clinical_plus_pathway,xgb_aft,"{""colsample_bytree"": 0.8, ""eta"": 0.03, ""lambda"": 2.0, ""max_depth"": 2, ""min_child_weight"": 5, ""num_boost_round"": 150, ""subsample"": 0.8}",0.41124314894338776,,nested_tuning
2,3,clinical_plus_pathway,xgb_aft,"{""colsample_bytree"": 0.8, ""eta"": 0.1, ""lambda"": 2.0, ""max_depth"": 1, ""min_child_weight"": 5, ""num_boost_round"": 150, ""subsample"": 0.8}",0.39654978116123885,,nested_tuning
2,3,clinical_plus_pathway,xgb_aft,"{""colsample_bytree"": 0.8, ""eta"": 0.1, ""lambda"": 2.0, ""max_depth"": 2, ""min_child_weight"": 5, ""num_boost_round"": 150, ""subsample"": 0.8}",0.42038518204783604,,nested_tuning
2,3,clinical_plus_pathway,random_survival_forest,"{""max_features"": ""sqrt"", ""min_samples_leaf"": 5, ""n_estimators"": 500}",0.4154147714444581,,nested_tuning
2,3,clinical_plus_pathway,random_survival_forest,"{""max_features"": 0.5, ""min_samples_leaf"": 5, ""n_estimators"": 500}",0.42500755858222317,,nested_tuning
2,3,clinical_plus_pathway,random_survival_forest,"{""max_features"": ""sqrt"", ""min_samples_leaf"": 10, ""n_estimators"": 500}",0.43419438141614125,,nested_tuning
2,3,clinical_plus_pathway,random_survival_forest,"{""max_features"": 0.5, ""min_samples_leaf"": 10, ""n_estimators"": 500}",0.4315981343318272,,nested_tuning
2,3,clinical_plus_recast,survivalpfn,{},,,single_candidate_no_tuning
2,3,clinical_plus_recast,elastic_net_cox,"{""l1_ratio"": 0.0, ""penalizer"": 0.01}",0.5738865578173148,,nested_tuning
2,3,clinical_plus_recast,elastic_net_cox,"{""l1_ratio"": 0.5, ""penalizer"": 0.01}",0.5736449495790067,,nested_tuning
2,3,clinical_plus_recast,elastic_net_cox,"{""l1_ratio"": 0.0, ""penalizer"": 0.1}",0.5754248267464085,,nested_tuning
2,3,clinical_plus_recast,elastic_net_cox,"{""l1_ratio"": 0.5, ""penalizer"": 0.1}",0.5926628786662618,,nested_tuning
2,3,clinical_plus_recast,elastic_net_cox,"{""l1_ratio"": 0.0, ""penalizer"": 1.0}",0.5666661931707736,,nested_tuning
2,3,clinical_plus_recast,elastic_net_cox,"{""l1_ratio"": 0.5, ""penalizer"": 1.0}",0.5669750070748664,,nested_tuning
2,3,clinical_plus_recast,elastic_net_cox,"{""l1_ratio"": 1.0, ""penalizer"": 0.1}",0.5746602293825354,,nested_tuning
2,3,clinical_plus_recast,elastic_net_cox,"{""l1_ratio"": 1.0, ""penalizer"": 1.0}",0.5679183502818009,,nested_tuning
2,3,clinical_plus_recast,xgb_aft,"{""colsample_bytree"": 0.8, ""eta"": 0.03, ""lambda"": 2.0, ""max_depth"": 1, ""min_child_weight"": 5, ""num_boost_round"": 150, ""subsample"": 0.8}",0.4200849867789743,,nested_tuning
2,3,clinical_plus_recast,xgb_aft,"{""colsample_bytree"": 0.8, ""eta"": 0.03, ""lambda"": 2.0, ""max_depth"": 2, ""min_child_weight"": 5, ""num_boost_round"": 150, ""subsample"": 0.8}",0.4151968004434865,,nested_tuning
2,3,clinical_plus_recast,xgb_aft,"{""colsample_bytree"": 0.8, ""eta"": 0.1, ""lambda"": 2.0, ""max_depth"": 1, ""min_child_weight"": 5, ""num_boost_round"": 150, ""subsample"": 0.8}",0.4428831054860835,,nested_tuning
2,3,clinical_plus_recast,xgb_aft,"{""colsample_bytree"": 0.8, ""eta"": 0.1, ""lambda"": 2.0, ""max_depth"": 2, ""min_child_weight"": 5, ""num_boost_round"": 150, ""subsample"": 0.8}",0.4548844013367953,,nested_tuning
2,3,clinical_plus_recast,random_survival_forest,"{""max_features"": ""sqrt"", ""min_samples_leaf"": 5, ""n_estimators"": 500}",0.4088320474486401,,nested_tuning
2,3,clinical_plus_recast,random_survival_forest,"{""max_features"": 0.5, ""min_samples_leaf"": 5, ""n_estimators"": 500}",0.400204871943465,,nested_tuning
2,3,clinical_plus_recast,random_survival_forest,"{""max_features"": ""sqrt"", ""min_samples_leaf"": 10, ""n_estimators"": 500}",0.4136283422935067,,nested_tuning
2,3,clinical_plus_recast,random_survival_forest,"{""max_features"": 0.5, ""min_samples_leaf"": 10, ""n_estimators"": 500}",0.41392489503739543,,nested_tuning
2,3,full,survivalpfn,{},,,single_candidate_no_tuning
2,3,full,elastic_net_cox,"{""l1_ratio"": 0.0, ""penalizer"": 0.01}",0.5264094891412927,,nested_tuning
2,3,full,elastic_net_cox,"{""l1_ratio"": 0.5, ""penalizer"": 0.01}",0.521631128377393,,nested_tuning
2,3,full,elastic_net_cox,"{""l1_ratio"": 0.0, ""penalizer"": 0.1}",0.5530489093996503,,nested_tuning
2,3,full,elastic_net_cox,"{""l1_ratio"": 0.5, ""penalizer"": 0.1}",0.5850980264480647,,nested_tuning
2,3,full,elastic_net_cox,"{""l1_ratio"": 0.0, ""penalizer"": 1.0}",0.5040037324365693,,nested_tuning
2,3,full,elastic_net_cox,"{""l1_ratio"": 0.5, ""penalizer"": 1.0}",0.46931283880094943,,nested_tuning
2,3,full,elastic_net_cox,"{""l1_ratio"": 1.0, ""penalizer"": 0.1}",0.5518273070877666,,nested_tuning
2,3,full,elastic_net_cox,"{""l1_ratio"": 1.0, ""penalizer"": 1.0}",0.46941660578101496,,nested_tuning
2,3,full,xgb_aft,"{""colsample_bytree"": 0.8, ""eta"": 0.03, ""lambda"": 2.0, ""max_depth"": 1, ""min_child_weight"": 5, ""num_boost_round"": 150, ""subsample"": 0.8}",0.35139070899097724,,nested_tuning
2,3,full,xgb_aft,"{""colsample_bytree"": 0.8, ""eta"": 0.03, ""lambda"": 2.0, ""max_depth"": 2, ""min_child_weight"": 5, ""num_boost_round"": 150, ""subsample"": 0.8}",0.38303059433353187,,nested_tuning
2,3,full,xgb_aft,"{""colsample_bytree"": 0.8, ""eta"": 0.1, ""lambda"": 2.0, ""max_depth"": 1, ""min_child_weight"": 5, ""num_boost_round"": 150, ""subsample"": 0.8}",0.3579962935855979,,nested_tuning
2,3,full,xgb_aft,"{""colsample_bytree"": 0.8, ""eta"": 0.1, ""lambda"": 2.0, ""max_depth"": 2, ""min_child_weight"": 5, ""num_boost_round"": 150, ""subsample"": 0.8}",0.3856540159394278,,nested_tuning
2,3,full,random_survival_forest,"{""max_features"": ""sqrt"", ""min_samples_leaf"": 5, ""n_estimators"": 500}",0.4290919281439825,,nested_tuning
2,3,full,random_survival_forest,"{""max_features"": 0.5, ""min_samples_leaf"": 5, ""n_estimators"": 500}",0.4064514584138472,,nested_tuning
2,3,full,random_survival_forest,"{""max_features"": ""sqrt"", ""min_samples_leaf"": 10, ""n_estimators"": 500}",0.39932118786736276,,nested_tuning
2,3,full,random_survival_forest,"{""max_features"": 0.5, ""min_samples_leaf"": 10, ""n_estimators"": 500}",0.41216478737910567,,nested_tuning
2,4,clinical,survivalpfn,{},,,single_candidate_no_tuning
2,4,clinical,elastic_net_cox,"{""l1_ratio"": 0.0, ""penalizer"": 0.01}",0.6213592930769147,,nested_tuning
2,4,clinical,elastic_net_cox,"{""l1_ratio"": 0.5, ""penalizer"": 0.01}",0.6204012720317704,,nested_tuning
2,4,clinical,elastic_net_cox,"{""l1_ratio"": 0.0, ""penalizer"": 0.1}",0.6150417130248998,,nested_tuning
2,4,clinical,elastic_net_cox,"{""l1_ratio"": 0.5, ""penalizer"": 0.1}",0.5373217289215763,,nested_tuning
2,4,clinical,elastic_net_cox,"{""l1_ratio"": 0.0, ""penalizer"": 1.0}",0.5329770475724115,,nested_tuning
2,4,clinical,elastic_net_cox,"{""l1_ratio"": 0.5, ""penalizer"": 1.0}",0.5059361010551087,,nested_tuning
2,4,clinical,elastic_net_cox,"{""l1_ratio"": 1.0, ""penalizer"": 0.1}",0.5028259947725029,,nested_tuning
2,4,clinical,elastic_net_cox,"{""l1_ratio"": 1.0, ""penalizer"": 1.0}",0.5068221650921962,,nested_tuning
2,4,clinical,xgb_aft,"{""colsample_bytree"": 0.8, ""eta"": 0.03, ""lambda"": 2.0, ""max_depth"": 1, ""min_child_weight"": 5, ""num_boost_round"": 150, ""subsample"": 0.8}",0.5241445876347072,,nested_tuning
2,4,clinical,xgb_aft,"{""colsample_bytree"": 0.8, ""eta"": 0.03, ""lambda"": 2.0, ""max_depth"": 2, ""min_child_weight"": 5, ""num_boost_round"": 150, ""subsample"": 0.8}",0.4955467331094787,,nested_tuning
2,4,clinical,xgb_aft,"{""colsample_bytree"": 0.8, ""eta"": 0.1, ""lambda"": 2.0, ""max_depth"": 1, ""min_child_weight"": 5, ""num_boost_round"": 150, ""subsample"": 0.8}",0.5355312131529968,,nested_tuning
2,4,clinical,xgb_aft,"{""colsample_bytree"": 0.8, ""eta"": 0.1, ""lambda"": 2.0, ""max_depth"": 2, ""min_child_weight"": 5, ""num_boost_round"": 150, ""subsample"": 0.8}",0.494707331039723,,nested_tuning
2,4,clinical,random_survival_forest,"{""max_features"": ""sqrt"", ""min_samples_leaf"": 5, ""n_estimators"": 500}",0.4949611100302939,,nested_tuning
2,4,clinical,random_survival_forest,"{""max_features"": 0.5, ""min_samples_leaf"": 5, ""n_estimators"": 500}",0.47633535018342893,,nested_tuning
2,4,clinical,random_survival_forest,"{""max_features"": ""sqrt"", ""min_samples_leaf"": 10, ""n_estimators"": 500}",0.5094148963032245,,nested_tuning
2,4,clinical,random_survival_forest,"{""max_features"": 0.5, ""min_samples_leaf"": 10, ""n_estimators"": 500}",0.5013872222891432,,nested_tuning
2,4,clinical_plus_pathway,survivalpfn,{},,,single_candidate_no_tuning
2,4,clinical_plus_pathway,elastic_net_cox,"{""l1_ratio"": 0.0, ""penalizer"": 0.01}",0.4988458490394865,,nested_tuning
2,4,clinical_plus_pathway,elastic_net_cox,"{""l1_ratio"": 0.5, ""penalizer"": 0.01}",0.4989449948491849,,nested_tuning
2,4,clinical_plus_pathway,elastic_net_cox,"{""l1_ratio"": 0.0, ""penalizer"": 0.1}",0.48595271503504767,,nested_tuning
2,4,clinical_plus_pathway,elastic_net_cox,"{""l1_ratio"": 0.5, ""penalizer"": 0.1}",0.4848283543113021,,nested_tuning
2,4,clinical_plus_pathway,elastic_net_cox,"{""l1_ratio"": 0.0, ""penalizer"": 1.0}",0.4977718095891542,,nested_tuning
2,4,clinical_plus_pathway,elastic_net_cox,"{""l1_ratio"": 0.5, ""penalizer"": 1.0}",0.45488990039046356,,nested_tuning
2,4,clinical_plus_pathway,elastic_net_cox,"{""l1_ratio"": 1.0, ""penalizer"": 0.1}",0.4502745317488612,,nested_tuning
2,4,clinical_plus_pathway,elastic_net_cox,"{""l1_ratio"": 1.0, ""penalizer"": 1.0}",0.45488990039046356,,nested_tuning
2,4,clinical_plus_pathway,xgb_aft,"{""colsample_bytree"": 0.8, ""eta"": 0.03, ""lambda"": 2.0, ""max_depth"": 1, ""min_child_weight"": 5, ""num_boost_round"": 150, ""subsample"": 0.8}",0.49905859412648246,,nested_tuning
2,4,clinical_plus_pathway,xgb_aft,"{""colsample_bytree"": 0.8, ""eta"": 0.03, ""lambda"": 2.0, ""max_depth"": 2, ""min_child_weight"": 5, ""num_boost_round"": 150, ""subsample"": 0.8}",0.43664191428617904,,nested_tuning
2,4,clinical_plus_pathway,xgb_aft,"{""colsample_bytree"": 0.8, ""eta"": 0.1, ""lambda"": 2.0, ""max_depth"": 1, ""min_child_weight"": 5, ""num_boost_round"": 150, ""subsample"": 0.8}",0.45515225516552604,,nested_tuning
2,4,clinical_plus_pathway,xgb_aft,"{""colsample_bytree"": 0.8, ""eta"": 0.1, ""lambda"": 2.0, ""max_depth"": 2, ""min_child_weight"": 5, ""num_boost_round"": 150, ""subsample"": 0.8}",0.44760195724334584,,nested_tuning
2,4,clinical_plus_pathway,random_survival_forest,"{""max_features"": ""sqrt"", ""min_samples_leaf"": 5, ""n_estimators"": 500}",0.4758349982147927,,nested_tuning
2,4,clinical_plus_pathway,random_survival_forest,"{""max_features"": 0.5, ""min_samples_leaf"": 5, ""n_estimators"": 500}",0.47013551892037264,,nested_tuning
2,4,clinical_plus_pathway,random_survival_forest,"{""max_features"": ""sqrt"", ""min_samples_leaf"": 10, ""n_estimators"": 500}",0.457326707691692,,nested_tuning
2,4,clinical_plus_pathway,random_survival_forest,"{""max_features"": 0.5, ""min_samples_leaf"": 10, ""n_estimators"": 500}",0.44820854686460465,,nested_tuning
2,4,clinical_plus_recast,survivalpfn,{},,,single_candidate_no_tuning
2,4,clinical_plus_recast,elastic_net_cox,"{""l1_ratio"": 0.0, ""penalizer"": 0.01}",0.6053567039961564,,nested_tuning
2,4,clinical_plus_recast,elastic_net_cox,"{""l1_ratio"": 0.5, ""penalizer"": 0.01}",0.5905747437458481,,nested_tuning
2,4,clinical_plus_recast,elastic_net_cox,"{""l1_ratio"": 0.0, ""penalizer"": 0.1}",0.601633052133514,,nested_tuning
2,4,clinical_plus_recast,elastic_net_cox,"{""l1_ratio"": 0.5, ""penalizer"": 0.1}",0.5143021209460839,,nested_tuning
2,4,clinical_plus_recast,elastic_net_cox,"{""l1_ratio"": 0.0, ""penalizer"": 1.0}",0.5607411055561927,,nested_tuning
2,4,clinical_plus_recast,elastic_net_cox,"{""l1_ratio"": 0.5, ""penalizer"": 1.0}",0.5153789073158153,,nested_tuning
2,4,clinical_plus_recast,elastic_net_cox,"{""l1_ratio"": 1.0, ""penalizer"": 0.1}",0.4985784668740046,,nested_tuning
2,4,clinical_plus_recast,elastic_net_cox,"{""l1_ratio"": 1.0, ""penalizer"": 1.0}",0.5154377826784037,,nested_tuning
2,4,clinical_plus_recast,xgb_aft,"{""colsample_bytree"": 0.8, ""eta"": 0.03, ""lambda"": 2.0, ""max_depth"": 1, ""min_child_weight"": 5, ""num_boost_round"": 150, ""subsample"": 0.8}",0.4854787981919546,,nested_tuning
2,4,clinical_plus_recast,xgb_aft,"{""colsample_bytree"": 0.8, ""eta"": 0.03, ""lambda"": 2.0, ""max_depth"": 2, ""min_child_weight"": 5, ""num_boost_round"": 150, ""subsample"": 0.8}",0.5143363800469206,,nested_tuning
2,4,clinical_plus_recast,xgb_aft,"{""colsample_bytree"": 0.8, ""eta"": 0.1, ""lambda"": 2.0, ""max_depth"": 1, ""min_child_weight"": 5, ""num_boost_round"": 150, ""subsample"": 0.8}",0.49802390922512346,,nested_tuning
2,4,clinical_plus_recast,xgb_aft,"{""colsample_bytree"": 0.8, ""eta"": 0.1, ""lambda"": 2.0, ""max_depth"": 2, ""min_child_weight"": 5, ""num_boost_round"": 150, ""subsample"": 0.8}",0.45791678636742994,,nested_tuning
2,4,clinical_plus_recast,random_survival_forest,"{""max_features"": ""sqrt"", ""min_samples_leaf"": 5, ""n_estimators"": 500}",0.4278791114456132,,nested_tuning
2,4,clinical_plus_recast,random_survival_forest,"{""max_features"": 0.5, ""min_samples_leaf"": 5, ""n_estimators"": 500}",0.44365582264510395,,nested_tuning
2,4,clinical_plus_recast,random_survival_forest,"{""max_features"": ""sqrt"", ""min_samples_leaf"": 10, ""n_estimators"": 500}",0.42642614241593535,,nested_tuning
2,4,clinical_plus_recast,random_survival_forest,"{""max_features"": 0.5, ""min_samples_leaf"": 10, ""n_estimators"": 500}",0.43184563713762547,,nested_tuning
2,4,full,survivalpfn,{},,,single_candidate_no_tuning
2,4,full,elastic_net_cox,"{""l1_ratio"": 0.0, ""penalizer"": 0.01}",0.4849490048317622,,nested_tuning
2,4,full,elastic_net_cox,"{""l1_ratio"": 0.5, ""penalizer"": 0.01}",0.48583968766984365,,nested_tuning
2,4,full,elastic_net_cox,"{""l1_ratio"": 0.0, ""penalizer"": 0.1}",0.4925538243513401,,nested_tuning
2,4,full,elastic_net_cox,"{""l1_ratio"": 0.5, ""penalizer"": 0.1}",0.4663650418229779,,nested_tuning
2,4,full,elastic_net_cox,"{""l1_ratio"": 0.0, ""penalizer"": 1.0}",0.48835078119498654,,nested_tuning
2,4,full,elastic_net_cox,"{""l1_ratio"": 0.5, ""penalizer"": 1.0}",0.4424730190666115,,nested_tuning
2,4,full,elastic_net_cox,"{""l1_ratio"": 1.0, ""penalizer"": 0.1}",0.4509450219154759,,nested_tuning
2,4,full,elastic_net_cox,"{""l1_ratio"": 1.0, ""penalizer"": 1.0}",0.44183623688056395,,nested_tuning
2,4,full,xgb_aft,"{""colsample_bytree"": 0.8, ""eta"": 0.03, ""lambda"": 2.0, ""max_depth"": 1, ""min_child_weight"": 5, ""num_boost_round"": 150, ""subsample"": 0.8}",0.40934044584818585,,nested_tuning
2,4,full,xgb_aft,"{""colsample_bytree"": 0.8, ""eta"": 0.03, ""lambda"": 2.0, ""max_depth"": 2, ""min_child_weight"": 5, ""num_boost_round"": 150, ""subsample"": 0.8}",0.44481046913965683,,nested_tuning
2,4,full,xgb_aft,"{""colsample_bytree"": 0.8, ""eta"": 0.1, ""lambda"": 2.0, ""max_depth"": 1, ""min_child_weight"": 5, ""num_boost_round"": 150, ""subsample"": 0.8}",0.3995203301482487,,nested_tuning
2,4,full,xgb_aft,"{""colsample_bytree"": 0.8, ""eta"": 0.1, ""lambda"": 2.0, ""max_depth"": 2, ""min_child_weight"": 5, ""num_boost_round"": 150, ""subsample"": 0.8}",0.48297037671165666,,nested_tuning
2,4,full,random_survival_forest,"{""max_features"": ""sqrt"", ""min_samples_leaf"": 5, ""n_estimators"": 500}",0.4602173970627644,,nested_tuning
2,4,full,random_survival_forest,"{""max_features"": 0.5, ""min_samples_leaf"": 5, ""n_estimators"": 500}",0.45193154137500235,,nested_tuning
2,4,full,random_survival_forest,"{""max_features"": ""sqrt"", ""min_samples_leaf"": 10, ""n_estimators"": 500}",0.4342784147933418,,nested_tuning
2,4,full,random_survival_forest,"{""max_features"": 0.5, ""min_samples_leaf"": 10, ""n_estimators"": 500}",0.4264648736190243,,nested_tuning
3,0,clinical,survivalpfn,{},,,single_candidate_no_tuning
3,0,clinical,elastic_net_cox,"{""l1_ratio"": 0.0, ""penalizer"": 0.01}",0.6130468297122669,,nested_tuning
3,0,clinical,elastic_net_cox,"{""l1_ratio"": 0.5, ""penalizer"": 0.01}",0.6124239511679506,,nested_tuning
3,0,clinical,elastic_net_cox,"{""l1_ratio"": 0.0, ""penalizer"": 0.1}",0.6054518682325185,,nested_tuning
3,0,clinical,elastic_net_cox,"{""l1_ratio"": 0.5, ""penalizer"": 0.1}",0.6264597465610415,,nested_tuning
3,0,clinical,elastic_net_cox,"{""l1_ratio"": 0.0, ""penalizer"": 1.0}",0.625123580724379,,nested_tuning
3,0,clinical,elastic_net_cox,"{""l1_ratio"": 0.5, ""penalizer"": 1.0}",0.6348987687546239,,nested_tuning
3,0,clinical,elastic_net_cox,"{""l1_ratio"": 1.0, ""penalizer"": 0.1}",0.6191883560834829,,nested_tuning
3,0,clinical,elastic_net_cox,"{""l1_ratio"": 1.0, ""penalizer"": 1.0}",0.6344478434287162,,nested_tuning
3,0,clinical,xgb_aft,"{""colsample_bytree"": 0.8, ""eta"": 0.03, ""lambda"": 2.0, ""max_depth"": 1, ""min_child_weight"": 5, ""num_boost_round"": 150, ""subsample"": 0.8}",0.47690922438930006,,nested_tuning
3,0,clinical,xgb_aft,"{""colsample_bytree"": 0.8, ""eta"": 0.03, ""lambda"": 2.0, ""max_depth"": 2, ""min_child_weight"": 5, ""num_boost_round"": 150, ""subsample"": 0.8}",0.48495384134984376,,nested_tuning
3,0,clinical,xgb_aft,"{""colsample_bytree"": 0.8, ""eta"": 0.1, ""lambda"": 2.0, ""max_depth"": 1, ""min_child_weight"": 5, ""num_boost_round"": 150, ""subsample"": 0.8}",0.4996266713721378,,nested_tuning
3,0,clinical,xgb_aft,"{""colsample_bytree"": 0.8, ""eta"": 0.1, ""lambda"": 2.0, ""max_depth"": 2, ""min_child_weight"": 5, ""num_boost_round"": 150, ""subsample"": 0.8}",0.5056552962657798,,nested_tuning
3,0,clinical,random_survival_forest,"{""max_features"": ""sqrt"", ""min_samples_leaf"": 5, ""n_estimators"": 500}",0.5710765079695228,,nested_tuning
3,0,clinical,random_survival_forest,"{""max_features"": 0.5, ""min_samples_leaf"": 5, ""n_estimators"": 500}",0.5498487662603857,,nested_tuning
3,0,clinical,random_survival_forest,"{""max_features"": ""sqrt"", ""min_samples_leaf"": 10, ""n_estimators"": 500}",0.5422030493056778,,nested_tuning
3,0,clinical,random_survival_forest,"{""max_features"": 0.5, ""min_samples_leaf"": 10, ""n_estimators"": 500}",0.5373728904455118,,nested_tuning
3,0,clinical_plus_pathway,survivalpfn,{},,,single_candidate_no_tuning
3,0,clinical_plus_pathway,elastic_net_cox,"{""l1_ratio"": 0.0, ""penalizer"": 0.01}",0.5941429908933032,,nested_tuning
3,0,clinical_plus_pathway,elastic_net_cox,"{""l1_ratio"": 0.5, ""penalizer"": 0.01}",0.5924432069011775,,nested_tuning
3,0,clinical_plus_pathway,elastic_net_cox,"{""l1_ratio"": 0.0, ""penalizer"": 0.1}",0.5472366934500781,,nested_tuning
3,0,clinical_plus_pathway,elastic_net_cox,"{""l1_ratio"": 0.5, ""penalizer"": 0.1}",0.5413836857517969,,nested_tuning
3,0,clinical_plus_pathway,elastic_net_cox,"{""l1_ratio"": 0.0, ""penalizer"": 1.0}",0.5091842588915148,,nested_tuning
3,0,clinical_plus_pathway,elastic_net_cox,"{""l1_ratio"": 0.5, ""penalizer"": 1.0}",0.42877334728623895,,nested_tuning
3,0,clinical_plus_pathway,elastic_net_cox,"{""l1_ratio"": 1.0, ""penalizer"": 0.1}",0.48904387947146244,,nested_tuning
3,0,clinical_plus_pathway,elastic_net_cox,"{""l1_ratio"": 1.0, ""penalizer"": 1.0}",0.42877334728623895,,nested_tuning
3,0,clinical_plus_pathway,xgb_aft,"{""colsample_bytree"": 0.8, ""eta"": 0.03, ""lambda"": 2.0, ""max_depth"": 1, ""min_child_weight"": 5, ""num_boost_round"": 150, ""subsample"": 0.8}",0.40676387825282495,,nested_tuning
3,0,clinical_plus_pathway,xgb_aft,"{""colsample_bytree"": 0.8, ""eta"": 0.03, ""lambda"": 2.0, ""max_depth"": 2, ""min_child_weight"": 5, ""num_boost_round"": 150, ""subsample"": 0.8}",0.4163263239089098,,nested_tuning
3,0,clinical_plus_pathway,xgb_aft,"{""colsample_bytree"": 0.8, ""eta"": 0.1, ""lambda"": 2.0, ""max_depth"": 1, ""min_child_weight"": 5, ""num_boost_round"": 150, ""subsample"": 0.8}",0.49673651338507335,,nested_tuning
3,0,clinical_plus_pathway,xgb_aft,"{""colsample_bytree"": 0.8, ""eta"": 0.1, ""lambda"": 2.0, ""max_depth"": 2, ""min_child_weight"": 5, ""num_boost_round"": 150, ""subsample"": 0.8}",0.38975430562530056,,nested_tuning
3,0,clinical_plus_pathway,random_survival_forest,"{""max_features"": ""sqrt"", ""min_samples_leaf"": 5, ""n_estimators"": 500}",0.5284686904784277,,nested_tuning
3,0,clinical_plus_pathway,random_survival_forest,"{""max_features"": 0.5, ""min_samples_leaf"": 5, ""n_estimators"": 500}",0.46450294932818786,,nested_tuning
3,0,clinical_plus_pathway,random_survival_forest,"{""max_features"": ""sqrt"", ""min_samples_leaf"": 10, ""n_estimators"": 500}",0.5212666489647757,,nested_tuning
3,0,clinical_plus_pathway,random_survival_forest,"{""max_features"": 0.5, ""min_samples_leaf"": 10, ""n_estimators"": 500}",0.47799313886419137,,nested_tuning
3,0,clinical_plus_recast,survivalpfn,{},,,single_candidate_no_tuning
3,0,clinical_plus_recast,elastic_net_cox,"{""l1_ratio"": 0.0, ""penalizer"": 0.01}",0.49640725119293966,,nested_tuning
3,0,clinical_plus_recast,elastic_net_cox,"{""l1_ratio"": 0.5, ""penalizer"": 0.01}",0.497601401119164,,nested_tuning
3,0,clinical_plus_recast,elastic_net_cox,"{""l1_ratio"": 0.0, ""penalizer"": 0.1}",0.5482777722767888,,nested_tuning
3,0,clinical_plus_recast,elastic_net_cox,"{""l1_ratio"": 0.5, ""penalizer"": 0.1}",0.578009692486176,,nested_tuning
3,0,clinical_plus_recast,elastic_net_cox,"{""l1_ratio"": 0.0, ""penalizer"": 1.0}",0.581178552697735,,nested_tuning
3,0,clinical_plus_recast,elastic_net_cox,"{""l1_ratio"": 0.5, ""penalizer"": 1.0}",0.5776754105931958,,nested_tuning
3,0,clinical_plus_recast,elastic_net_cox,"{""l1_ratio"": 1.0, ""penalizer"": 0.1}",0.5906779780303781,,nested_tuning
3,0,clinical_plus_recast,elastic_net_cox,"{""l1_ratio"": 1.0, ""penalizer"": 1.0}",0.5776754105931958,,nested_tuning
3,0,clinical_plus_recast,xgb_aft,"{""colsample_bytree"": 0.8, ""eta"": 0.03, ""lambda"": 2.0, ""max_depth"": 1, ""min_child_weight"": 5, ""num_boost_round"": 150, ""subsample"": 0.8}",0.4213057433759124,,nested_tuning
3,0,clinical_plus_recast,xgb_aft,"{""colsample_bytree"": 0.8, ""eta"": 0.03, ""lambda"": 2.0, ""max_depth"": 2, ""min_child_weight"": 5, ""num_boost_round"": 150, ""subsample"": 0.8}",0.4571616366898284,,nested_tuning
3,0,clinical_plus_recast,xgb_aft,"{""colsample_bytree"": 0.8, ""eta"": 0.1, ""lambda"": 2.0, ""max_depth"": 1, ""min_child_weight"": 5, ""num_boost_round"": 150, ""subsample"": 0.8}",0.45740894994211434,,nested_tuning
3,0,clinical_plus_recast,xgb_aft,"{""colsample_bytree"": 0.8, ""eta"": 0.1, ""lambda"": 2.0, ""max_depth"": 2, ""min_child_weight"": 5, ""num_boost_round"": 150, ""subsample"": 0.8}",0.46933198549228927,,nested_tuning
3,0,clinical_plus_recast,random_survival_forest,"{""max_features"": ""sqrt"", ""min_samples_leaf"": 5, ""n_estimators"": 500}",0.4741378892855035,,nested_tuning
3,0,clinical_plus_recast,random_survival_forest,"{""max_features"": 0.5, ""min_samples_leaf"": 5, ""n_estimators"": 500}",0.4600182931628445,,nested_tuning
3,0,clinical_plus_recast,random_survival_forest,"{""max_features"": ""sqrt"", ""min_samples_leaf"": 10, ""n_estimators"": 500}",0.4597686774967493,,nested_tuning
3,0,clinical_plus_recast,random_survival_forest,"{""max_features"": 0.5, ""min_samples_leaf"": 10, ""n_estimators"": 500}",0.4442668068019867,,nested_tuning
3,0,full,survivalpfn,{},,,single_candidate_no_tuning
3,0,full,elastic_net_cox,"{""l1_ratio"": 0.0, ""penalizer"": 0.01}",0.5864501062165188,,nested_tuning
3,0,full,elastic_net_cox,"{""l1_ratio"": 0.5, ""penalizer"": 0.01}",0.5821416406634823,,nested_tuning
3,0,full,elastic_net_cox,"{""l1_ratio"": 0.0, ""penalizer"": 0.1}",0.5484280708765753,,nested_tuning
3,0,full,elastic_net_cox,"{""l1_ratio"": 0.5, ""penalizer"": 0.1}",0.5063841430070175,,nested_tuning
3,0,full,elastic_net_cox,"{""l1_ratio"": 0.0, ""penalizer"": 1.0}",0.484255331415638,,nested_tuning
3,0,full,elastic_net_cox,"{""l1_ratio"": 0.5, ""penalizer"": 1.0}",0.4181740334867586,,nested_tuning
3,0,full,elastic_net_cox,"{""l1_ratio"": 1.0, ""penalizer"": 0.1}",0.4848046018626735,,nested_tuning
3,0,full,elastic_net_cox,"{""l1_ratio"": 1.0, ""penalizer"": 1.0}",0.41858368321093103,,nested_tuning
3,0,full,xgb_aft,"{""colsample_bytree"": 0.8, ""eta"": 0.03, ""lambda"": 2.0, ""max_depth"": 1, ""min_child_weight"": 5, ""num_boost_round"": 150, ""subsample"": 0.8}",0.40913428970034893,,nested_tuning
3,0,full,xgb_aft,"{""colsample_bytree"": 0.8, ""eta"": 0.03, ""lambda"": 2.0, ""max_depth"": 2, ""min_child_weight"": 5, ""num_boost_round"": 150, ""subsample"": 0.8}",0.4004520474644242,,nested_tuning
3,0,full,xgb_aft,"{""colsample_bytree"": 0.8, ""eta"": 0.1, ""lambda"": 2.0, ""max_depth"": 1, ""min_child_weight"": 5, ""num_boost_round"": 150, ""subsample"": 0.8}",0.42748590119276975,,nested_tuning
3,0,full,xgb_aft,"{""colsample_bytree"": 0.8, ""eta"": 0.1, ""lambda"": 2.0, ""max_depth"": 2, ""min_child_weight"": 5, ""num_boost_round"": 150, ""subsample"": 0.8}",0.4062614193218208,,nested_tuning
3,0,full,random_survival_forest,"{""max_features"": ""sqrt"", ""min_samples_leaf"": 5, ""n_estimators"": 500}",0.46992273029835163,,nested_tuning
3,0,full,random_survival_forest,"{""max_features"": 0.5, ""min_samples_leaf"": 5, ""n_estimators"": 500}",0.45218720262414025,,nested_tuning
3,0,full,random_survival_forest,"{""max_features"": ""sqrt"", ""min_samples_leaf"": 10, ""n_estimators"": 500}",0.4649574619813719,,nested_tuning
3,0,full,random_survival_forest,"{""max_features"": 0.5, ""min_samples_leaf"": 10, ""n_estimators"": 500}",0.4747971212023128,,nested_tuning
3,1,clinical,survivalpfn,{},,,single_candidate_no_tuning
3,1,clinical,elastic_net_cox,"{""l1_ratio"": 0.0, ""penalizer"": 0.01}",0.5910123044232525,,nested_tuning
3,1,clinical,elastic_net_cox,"{""l1_ratio"": 0.5, ""penalizer"": 0.01}",0.5794942583744964,,nested_tuning
3,1,clinical,elastic_net_cox,"{""l1_ratio"": 0.0, ""penalizer"": 0.1}",0.5728846470371336,,nested_tuning
3,1,clinical,elastic_net_cox,"{""l1_ratio"": 0.5, ""penalizer"": 0.1}",0.5672883891328223,,nested_tuning
3,1,clinical,elastic_net_cox,"{""l1_ratio"": 0.0, ""penalizer"": 1.0}",0.5842084630436748,,nested_tuning
3,1,clinical,elastic_net_cox,"{""l1_ratio"": 0.5, ""penalizer"": 1.0}",0.5978146567538012,,nested_tuning
3,1,clinical,elastic_net_cox,"{""l1_ratio"": 1.0, ""penalizer"": 0.1}",0.5928422058030154,,nested_tuning
3,1,clinical,elastic_net_cox,"{""l1_ratio"": 1.0, ""penalizer"": 1.0}",0.5978146567538012,,nested_tuning
3,1,clinical,xgb_aft,"{""colsample_bytree"": 0.8, ""eta"": 0.03, ""lambda"": 2.0, ""max_depth"": 1, ""min_child_weight"": 5, ""num_boost_round"": 150, ""subsample"": 0.8}",0.5460339534573173,,nested_tuning
3,1,clinical,xgb_aft,"{""colsample_bytree"": 0.8, ""eta"": 0.03, ""lambda"": 2.0, ""max_depth"": 2, ""min_child_weight"": 5, ""num_boost_round"": 150, ""subsample"": 0.8}",0.5672827073594142,,nested_tuning
3,1,clinical,xgb_aft,"{""colsample_bytree"": 0.8, ""eta"": 0.1, ""lambda"": 2.0, ""max_depth"": 1, ""min_child_weight"": 5, ""num_boost_round"": 150, ""subsample"": 0.8}",0.5749848631665111,,nested_tuning
3,1,clinical,xgb_aft,"{""colsample_bytree"": 0.8, ""eta"": 0.1, ""lambda"": 2.0, ""max_depth"": 2, ""min_child_weight"": 5, ""num_boost_round"": 150, ""subsample"": 0.8}",0.5941466562259776,,nested_tuning
3,1,clinical,random_survival_forest,"{""max_features"": ""sqrt"", ""min_samples_leaf"": 5, ""n_estimators"": 500}",0.6091344817069845,,nested_tuning
3,1,clinical,random_survival_forest,"{""max_features"": 0.5, ""min_samples_leaf"": 5, ""n_estimators"": 500}",0.5722475724854718,,nested_tuning
3,1,clinical,random_survival_forest,"{""max_features"": ""sqrt"", ""min_samples_leaf"": 10, ""n_estimators"": 500}",0.5929479033247234,,nested_tuning
3,1,clinical,random_survival_forest,"{""max_features"": 0.5, ""min_samples_leaf"": 10, ""n_estimators"": 500}",0.5930678142016893,,nested_tuning
3,1,clinical_plus_pathway,survivalpfn,{},,,single_candidate_no_tuning
3,1,clinical_plus_pathway,elastic_net_cox,"{""l1_ratio"": 0.0, ""penalizer"": 0.01}",0.5655296207732788,,nested_tuning
3,1,clinical_plus_pathway,elastic_net_cox,"{""l1_ratio"": 0.5, ""penalizer"": 0.01}",0.5505827364767203,,nested_tuning
3,1,clinical_plus_pathway,elastic_net_cox,"{""l1_ratio"": 0.0, ""penalizer"": 0.1}",0.5647279004607634,,nested_tuning
3,1,clinical_plus_pathway,elastic_net_cox,"{""l1_ratio"": 0.5, ""penalizer"": 0.1}",0.5639564161185661,,nested_tuning
3,1,clinical_plus_pathway,elastic_net_cox,"{""l1_ratio"": 0.0, ""penalizer"": 1.0}",0.5514671230693357,,nested_tuning
3,1,clinical_plus_pathway,elastic_net_cox,"{""l1_ratio"": 0.5, ""penalizer"": 1.0}",0.5492304832265922,,nested_tuning
3,1,clinical_plus_pathway,elastic_net_cox,"{""l1_ratio"": 1.0, ""penalizer"": 0.1}",0.5774244080633744,,nested_tuning
3,1,clinical_plus_pathway,elastic_net_cox,"{""l1_ratio"": 1.0, ""penalizer"": 1.0}",0.5489881700156565,,nested_tuning
3,1,clinical_plus_pathway,xgb_aft,"{""colsample_bytree"": 0.8, ""eta"": 0.03, ""lambda"": 2.0, ""max_depth"": 1, ""min_child_weight"": 5, ""num_boost_round"": 150, ""subsample"": 0.8}",0.5040677251078327,,nested_tuning
3,1,clinical_plus_pathway,xgb_aft,"{""colsample_bytree"": 0.8, ""eta"": 0.03, ""lambda"": 2.0, ""max_depth"": 2, ""min_child_weight"": 5, ""num_boost_round"": 150, ""subsample"": 0.8}",0.5135763162712105,,nested_tuning
3,1,clinical_plus_pathway,xgb_aft,"{""colsample_bytree"": 0.8, ""eta"": 0.1, ""lambda"": 2.0, ""max_depth"": 1, ""min_child_weight"": 5, ""num_boost_round"": 150, ""subsample"": 0.8}",0.5537137335515339,,nested_tuning
3,1,clinical_plus_pathway,xgb_aft,"{""colsample_bytree"": 0.8, ""eta"": 0.1, ""lambda"": 2.0, ""max_depth"": 2, ""min_child_weight"": 5, ""num_boost_round"": 150, ""subsample"": 0.8}",0.5426585817365888,,nested_tuning
3,1,clinical_plus_pathway,random_survival_forest,"{""max_features"": ""sqrt"", ""min_samples_leaf"": 5, ""n_estimators"": 500}",0.5134242179307842,,nested_tuning
3,1,clinical_plus_pathway,random_survival_forest,"{""max_features"": 0.5, ""min_samples_leaf"": 5, ""n_estimators"": 500}",0.5303586463858487,,nested_tuning
3,1,clinical_plus_pathway,random_survival_forest,"{""max_features"": ""sqrt"", ""min_samples_leaf"": 10, ""n_estimators"": 500}",0.5386852399892436,,nested_tuning
3,1,clinical_plus_pathway,random_survival_forest,"{""max_features"": 0.5, ""min_samples_leaf"": 10, ""n_estimators"": 500}",0.5334931350667499,,nested_tuning
3,1,clinical_plus_recast,survivalpfn,{},,,single_candidate_no_tuning
3,1,clinical_plus_recast,elastic_net_cox,"{""l1_ratio"": 0.0, ""penalizer"": 0.01}",0.5690371857898029,,nested_tuning
3,1,clinical_plus_recast,elastic_net_cox,"{""l1_ratio"": 0.5, ""penalizer"": 0.01}",0.5727039795131839,,nested_tuning
3,1,clinical_plus_recast,elastic_net_cox,"{""l1_ratio"": 0.0, ""penalizer"": 0.1}",0.5737824539015325,,nested_tuning
3,1,clinical_plus_recast,elastic_net_cox,"{""l1_ratio"": 0.5, ""penalizer"": 0.1}",0.5355821732965141,,nested_tuning
3,1,clinical_plus_recast,elastic_net_cox,"{""l1_ratio"": 0.0, ""penalizer"": 1.0}",0.5510089011676934,,nested_tuning
3,1,clinical_plus_recast,elastic_net_cox,"{""l1_ratio"": 0.5, ""penalizer"": 1.0}",0.5514396725712721,,nested_tuning
3,1,clinical_plus_recast,elastic_net_cox,"{""l1_ratio"": 1.0, ""penalizer"": 0.1}",0.5334904957329691,,nested_tuning
3,1,clinical_plus_recast,elastic_net_cox,"{""l1_ratio"": 1.0, ""penalizer"": 1.0}",0.5511728589606111,,nested_tuning
3,1,clinical_plus_recast,xgb_aft,"{""colsample_bytree"": 0.8, ""eta"": 0.03, ""lambda"": 2.0, ""max_depth"": 1, ""min_child_weight"": 5, ""num_boost_round"": 150, ""subsample"": 0.8}",0.48824588851494033,,nested_tuning
3,1,clinical_plus_recast,xgb_aft,"{""colsample_bytree"": 0.8, ""eta"": 0.03, ""lambda"": 2.0, ""max_depth"": 2, ""min_child_weight"": 5, ""num_boost_round"": 150, ""subsample"": 0.8}",0.49104440966794205,,nested_tuning
3,1,clinical_plus_recast,xgb_aft,"{""colsample_bytree"": 0.8, ""eta"": 0.1, ""lambda"": 2.0, ""max_depth"": 1, ""min_child_weight"": 5, ""num_boost_round"": 150, ""subsample"": 0.8}",0.49192875230723004,,nested_tuning
3,1,clinical_plus_recast,xgb_aft,"{""colsample_bytree"": 0.8, ""eta"": 0.1, ""lambda"": 2.0, ""max_depth"": 2, ""min_child_weight"": 5, ""num_boost_round"": 150, ""subsample"": 0.8}",0.5165844057082534,,nested_tuning
3,1,clinical_plus_recast,random_survival_forest,"{""max_features"": ""sqrt"", ""min_samples_leaf"": 5, ""n_estimators"": 500}",0.4943812883679479,,nested_tuning
3,1,clinical_plus_recast,random_survival_forest,"{""max_features"": 0.5, ""min_samples_leaf"": 5, ""n_estimators"": 500}",0.49498119084834047,,nested_tuning
3,1,clinical_plus_recast,random_survival_forest,"{""max_features"": ""sqrt"", ""min_samples_leaf"": 10, ""n_estimators"": 500}",0.5200727574902645,,nested_tuning
3,1,clinical_plus_recast,random_survival_forest,"{""max_features"": 0.5, ""min_samples_leaf"": 10, ""n_estimators"": 500}",0.5314036575725496,,nested_tuning
3,1,full,survivalpfn,{},,,single_candidate_no_tuning
3,1,full,elastic_net_cox,"{""l1_ratio"": 0.0, ""penalizer"": 0.01}",0.5668023555900761,,nested_tuning
3,1,full,elastic_net_cox,"{""l1_ratio"": 0.5, ""penalizer"": 0.01}",0.5601904395480828,,nested_tuning
3,1,full,elastic_net_cox,"{""l1_ratio"": 0.0, ""penalizer"": 0.1}",0.5705074413262236,,nested_tuning
3,1,full,elastic_net_cox,"{""l1_ratio"": 0.5, ""penalizer"": 0.1}",0.5460040963379262,,nested_tuning
3,1,full,elastic_net_cox,"{""l1_ratio"": 0.0, ""penalizer"": 1.0}",0.5563200838852703,,nested_tuning
3,1,full,elastic_net_cox,"{""l1_ratio"": 0.5, ""penalizer"": 1.0}",0.5452199537316349,,nested_tuning
3,1,full,elastic_net_cox,"{""l1_ratio"": 1.0, ""penalizer"": 0.1}",0.5466409710349913,,nested_tuning
3,1,full,elastic_net_cox,"{""l1_ratio"": 1.0, ""penalizer"": 1.0}",0.5452199537316349,,nested_tuning
3,1,full,xgb_aft,"{""colsample_bytree"": 0.8, ""eta"": 0.03, ""lambda"": 2.0, ""max_depth"": 1, ""min_child_weight"": 5, ""num_boost_round"": 150, ""subsample"": 0.8}",0.4764550028464637,,nested_tuning
3,1,full,xgb_aft,"{""colsample_bytree"": 0.8, ""eta"": 0.03, ""lambda"": 2.0, ""max_depth"": 2, ""min_child_weight"": 5, ""num_boost_round"": 150, ""subsample"": 0.8}",0.488679787202397,,nested_tuning
3,1,full,xgb_aft,"{""colsample_bytree"": 0.8, ""eta"": 0.1, ""lambda"": 2.0, ""max_depth"": 1, ""min_child_weight"": 5, ""num_boost_round"": 150, ""subsample"": 0.8}",0.49942968465412785,,nested_tuning
3,1,full,xgb_aft,"{""colsample_bytree"": 0.8, ""eta"": 0.1, ""lambda"": 2.0, ""max_depth"": 2, ""min_child_weight"": 5, ""num_boost_round"": 150, ""subsample"": 0.8}",0.5218565689033976,,nested_tuning
3,1,full,random_survival_forest,"{""max_features"": ""sqrt"", ""min_samples_leaf"": 5, ""n_estimators"": 500}",0.5109075397290697,,nested_tuning
3,1,full,random_survival_forest,"{""max_features"": 0.5, ""min_samples_leaf"": 5, ""n_estimators"": 500}",0.517593091656006,,nested_tuning
3,1,full,random_survival_forest,"{""max_features"": ""sqrt"", ""min_samples_leaf"": 10, ""n_estimators"": 500}",0.5177587985819113,,nested_tuning
3,1,full,random_survival_forest,"{""max_features"": 0.5, ""min_samples_leaf"": 10, ""n_estimators"": 500}",0.5286441956512413,,nested_tuning
3,2,clinical,survivalpfn,{},,,single_candidate_no_tuning
3,2,clinical,elastic_net_cox,"{""l1_ratio"": 0.0, ""penalizer"": 0.01}",0.6072599654561438,,nested_tuning
3,2,clinical,elastic_net_cox,"{""l1_ratio"": 0.5, ""penalizer"": 0.01}",0.6023617838006874,,nested_tuning
3,2,clinical,elastic_net_cox,"{""l1_ratio"": 0.0, ""penalizer"": 0.1}",0.5928043790205288,,nested_tuning
3,2,clinical,elastic_net_cox,"{""l1_ratio"": 0.5, ""penalizer"": 0.1}",0.5743151337356882,,nested_tuning
3,2,clinical,elastic_net_cox,"{""l1_ratio"": 0.0, ""penalizer"": 1.0}",0.5852204279918495,,nested_tuning
3,2,clinical,elastic_net_cox,"{""l1_ratio"": 0.5, ""penalizer"": 1.0}",0.5950263182197635,,nested_tuning
3,2,clinical,elastic_net_cox,"{""l1_ratio"": 1.0, ""penalizer"": 0.1}",0.5737322114321919,,nested_tuning
3,2,clinical,elastic_net_cox,"{""l1_ratio"": 1.0, ""penalizer"": 1.0}",0.5981915308587924,,nested_tuning
3,2,clinical,xgb_aft,"{""colsample_bytree"": 0.8, ""eta"": 0.03, ""lambda"": 2.0, ""max_depth"": 1, ""min_child_weight"": 5, ""num_boost_round"": 150, ""subsample"": 0.8}",0.539982090765393,,nested_tuning
3,2,clinical,xgb_aft,"{""colsample_bytree"": 0.8, ""eta"": 0.03, ""lambda"": 2.0, ""max_depth"": 2, ""min_child_weight"": 5, ""num_boost_round"": 150, ""subsample"": 0.8}",0.5277577240970677,,nested_tuning
3,2,clinical,xgb_aft,"{""colsample_bytree"": 0.8, ""eta"": 0.1, ""lambda"": 2.0, ""max_depth"": 1, ""min_child_weight"": 5, ""num_boost_round"": 150, ""subsample"": 0.8}",0.571851490740837,,nested_tuning
3,2,clinical,xgb_aft,"{""colsample_bytree"": 0.8, ""eta"": 0.1, ""lambda"": 2.0, ""max_depth"": 2, ""min_child_weight"": 5, ""num_boost_round"": 150, ""subsample"": 0.8}",0.5562829134833961,,nested_tuning
3,2,clinical,random_survival_forest,"{""max_features"": ""sqrt"", ""min_samples_leaf"": 5, ""n_estimators"": 500}",0.5712830368677615,,nested_tuning
3,2,clinical,random_survival_forest,"{""max_features"": 0.5, ""min_samples_leaf"": 5, ""n_estimators"": 500}",0.5360216062468453,,nested_tuning
3,2,clinical,random_survival_forest,"{""max_features"": ""sqrt"", ""min_samples_leaf"": 10, ""n_estimators"": 500}",0.5795056494382788,,nested_tuning
3,2,clinical,random_survival_forest,"{""max_features"": 0.5, ""min_samples_leaf"": 10, ""n_estimators"": 500}",0.5735706124893679,,nested_tuning
3,2,clinical_plus_pathway,survivalpfn,{},,,single_candidate_no_tuning
3,2,clinical_plus_pathway,elastic_net_cox,"{""l1_ratio"": 0.0, ""penalizer"": 0.01}",0.6168441428358482,,nested_tuning
3,2,clinical_plus_pathway,elastic_net_cox,"{""l1_ratio"": 0.5, ""penalizer"": 0.01}",0.6163420546229981,,nested_tuning
3,2,clinical_plus_pathway,elastic_net_cox,"{""l1_ratio"": 0.0, ""penalizer"": 0.1}",0.5803437183488815,,nested_tuning
3,2,clinical_plus_pathway,elastic_net_cox,"{""l1_ratio"": 0.5, ""penalizer"": 0.1}",0.5739955632851523,,nested_tuning
3,2,clinical_plus_pathway,elastic_net_cox,"{""l1_ratio"": 0.0, ""penalizer"": 1.0}",0.5751236559541398,,nested_tuning
3,2,clinical_plus_pathway,elastic_net_cox,"{""l1_ratio"": 0.5, ""penalizer"": 1.0}",0.5691739800541111,,nested_tuning
3,2,clinical_plus_pathway,elastic_net_cox,"{""l1_ratio"": 1.0, ""penalizer"": 0.1}",0.576972478022769,,nested_tuning
3,2,clinical_plus_pathway,elastic_net_cox,"{""l1_ratio"": 1.0, ""penalizer"": 1.0}",0.5692441653294302,,nested_tuning
3,2,clinical_plus_pathway,xgb_aft,"{""colsample_bytree"": 0.8, ""eta"": 0.03, ""lambda"": 2.0, ""max_depth"": 1, ""min_child_weight"": 5, ""num_boost_round"": 150, ""subsample"": 0.8}",0.5129759845143435,,nested_tuning
3,2,clinical_plus_pathway,xgb_aft,"{""colsample_bytree"": 0.8, ""eta"": 0.03, ""lambda"": 2.0, ""max_depth"": 2, ""min_child_weight"": 5, ""num_boost_round"": 150, ""subsample"": 0.8}",0.5370818405937019,,nested_tuning
3,2,clinical_plus_pathway,xgb_aft,"{""colsample_bytree"": 0.8, ""eta"": 0.1, ""lambda"": 2.0, ""max_depth"": 1, ""min_child_weight"": 5, ""num_boost_round"": 150, ""subsample"": 0.8}",0.5456392991777171,,nested_tuning
3,2,clinical_plus_pathway,xgb_aft,"{""colsample_bytree"": 0.8, ""eta"": 0.1, ""lambda"": 2.0, ""max_depth"": 2, ""min_child_weight"": 5, ""num_boost_round"": 150, ""subsample"": 0.8}",0.5642561682365277,,nested_tuning
3,2,clinical_plus_pathway,random_survival_forest,"{""max_features"": ""sqrt"", ""min_samples_leaf"": 5, ""n_estimators"": 500}",0.5488186852778663,,nested_tuning
3,2,clinical_plus_pathway,random_survival_forest,"{""max_features"": 0.5, ""min_samples_leaf"": 5, ""n_estimators"": 500}",0.5397229048850257,,nested_tuning
3,2,clinical_plus_pathway,random_survival_forest,"{""max_features"": ""sqrt"", ""min_samples_leaf"": 10, ""n_estimators"": 500}",0.5464469618439384,,nested_tuning
3,2,clinical_plus_pathway,random_survival_forest,"{""max_features"": 0.5, ""min_samples_leaf"": 10, ""n_estimators"": 500}",0.5375429005972323,,nested_tuning
3,2,clinical_plus_recast,survivalpfn,{},,,single_candidate_no_tuning
3,2,clinical_plus_recast,elastic_net_cox,"{""l1_ratio"": 0.0, ""penalizer"": 0.01}",0.6242640922502487,,nested_tuning
3,2,clinical_plus_recast,elastic_net_cox,"{""l1_ratio"": 0.5, ""penalizer"": 0.01}",0.6231175052779353,,nested_tuning
3,2,clinical_plus_recast,elastic_net_cox,"{""l1_ratio"": 0.0, ""penalizer"": 0.1}",0.6096675324821417,,nested_tuning
3,2,clinical_plus_recast,elastic_net_cox,"{""l1_ratio"": 0.5, ""penalizer"": 0.1}",0.5885359714789254,,nested_tuning
3,2,clinical_plus_recast,elastic_net_cox,"{""l1_ratio"": 0.0, ""penalizer"": 1.0}",0.6092105322456769,,nested_tuning
3,2,clinical_plus_recast,elastic_net_cox,"{""l1_ratio"": 0.5, ""penalizer"": 1.0}",0.5923880700540594,,nested_tuning
3,2,clinical_plus_recast,elastic_net_cox,"{""l1_ratio"": 1.0, ""penalizer"": 0.1}",0.5811013553841107,,nested_tuning
3,2,clinical_plus_recast,elastic_net_cox,"{""l1_ratio"": 1.0, ""penalizer"": 1.0}",0.5928506836255575,,nested_tuning
3,2,clinical_plus_recast,xgb_aft,"{""colsample_bytree"": 0.8, ""eta"": 0.03, ""lambda"": 2.0, ""max_depth"": 1, ""min_child_weight"": 5, ""num_boost_round"": 150, ""subsample"": 0.8}",0.4872217705760149,,nested_tuning
3,2,clinical_plus_recast,xgb_aft,"{""colsample_bytree"": 0.8, ""eta"": 0.03, ""lambda"": 2.0, ""max_depth"": 2, ""min_child_weight"": 5, ""num_boost_round"": 150, ""subsample"": 0.8}",0.48196279984473234,,nested_tuning
3,2,clinical_plus_recast,xgb_aft,"{""colsample_bytree"": 0.8, ""eta"": 0.1, ""lambda"": 2.0, ""max_depth"": 1, ""min_child_weight"": 5, ""num_boost_round"": 150, ""subsample"": 0.8}",0.5267315383816741,,nested_tuning
3,2,clinical_plus_recast,xgb_aft,"{""colsample_bytree"": 0.8, ""eta"": 0.1, ""lambda"": 2.0, ""max_depth"": 2, ""min_child_weight"": 5, ""num_boost_round"": 150, ""subsample"": 0.8}",0.5314883793169146,,nested_tuning
3,2,clinical_plus_recast,random_survival_forest,"{""max_features"": ""sqrt"", ""min_samples_leaf"": 5, ""n_estimators"": 500}",0.5431392150300877,,nested_tuning
3,2,clinical_plus_recast,random_survival_forest,"{""max_features"": 0.5, ""min_samples_leaf"": 5, ""n_estimators"": 500}",0.5375334643187114,,nested_tuning
3,2,clinical_plus_recast,random_survival_forest,"{""max_features"": ""sqrt"", ""min_samples_leaf"": 10, ""n_estimators"": 500}",0.5312174151386929,,nested_tuning
3,2,clinical_plus_recast,random_survival_forest,"{""max_features"": 0.5, ""min_samples_leaf"": 10, ""n_estimators"": 500}",0.5083635800221658,,nested_tuning
3,2,full,survivalpfn,{},,,single_candidate_no_tuning
3,2,full,elastic_net_cox,"{""l1_ratio"": 0.0, ""penalizer"": 0.01}",0.6070434796460799,,nested_tuning
3,2,full,elastic_net_cox,"{""l1_ratio"": 0.5, ""penalizer"": 0.01}",0.6049159551129566,,nested_tuning
3,2,full,elastic_net_cox,"{""l1_ratio"": 0.0, ""penalizer"": 0.1}",0.5810108542150855,,nested_tuning
3,2,full,elastic_net_cox,"{""l1_ratio"": 0.5, ""penalizer"": 0.1}",0.5826538730958782,,nested_tuning
3,2,full,elastic_net_cox,"{""l1_ratio"": 0.0, ""penalizer"": 1.0}",0.5890730083659205,,nested_tuning
3,2,full,elastic_net_cox,"{""l1_ratio"": 0.5, ""penalizer"": 1.0}",0.5596614784672277,,nested_tuning
3,2,full,elastic_net_cox,"{""l1_ratio"": 1.0, ""penalizer"": 0.1}",0.5697277616595595,,nested_tuning
3,2,full,elastic_net_cox,"{""l1_ratio"": 1.0, ""penalizer"": 1.0}",0.5603776863769035,,nested_tuning
3,2,full,xgb_aft,"{""colsample_bytree"": 0.8, ""eta"": 0.03, ""lambda"": 2.0, ""max_depth"": 1, ""min_child_weight"": 5, ""num_boost_round"": 150, ""subsample"": 0.8}",0.48002703306293487,,nested_tuning
3,2,full,xgb_aft,"{""colsample_bytree"": 0.8, ""eta"": 0.03, ""lambda"": 2.0, ""max_depth"": 2, ""min_child_weight"": 5, ""num_boost_round"": 150, ""subsample"": 0.8}",0.5193382247779915,,nested_tuning
3,2,full,xgb_aft,"{""colsample_bytree"": 0.8, ""eta"": 0.1, ""lambda"": 2.0, ""max_depth"": 1, ""min_child_weight"": 5, ""num_boost_round"": 150, ""subsample"": 0.8}",0.5201553145983677,,nested_tuning
3,2,full,xgb_aft,"{""colsample_bytree"": 0.8, ""eta"": 0.1, ""lambda"": 2.0, ""max_depth"": 2, ""min_child_weight"": 5, ""num_boost_round"": 150, ""subsample"": 0.8}",0.5417756830045097,,nested_tuning
3,2,full,random_survival_forest,"{""max_features"": ""sqrt"", ""min_samples_leaf"": 5, ""n_estimators"": 500}",0.5275693874186217,,nested_tuning
3,2,full,random_survival_forest,"{""max_features"": 0.5, ""min_samples_leaf"": 5, ""n_estimators"": 500}",0.48897045131396977,,nested_tuning
3,2,full,random_survival_forest,"{""max_features"": ""sqrt"", ""min_samples_leaf"": 10, ""n_estimators"": 500}",0.5307722244891733,,nested_tuning
3,2,full,random_survival_forest,"{""max_features"": 0.5, ""min_samples_leaf"": 10, ""n_estimators"": 500}",0.4989379369819147,,nested_tuning
3,3,clinical,survivalpfn,{},,,single_candidate_no_tuning
3,3,clinical,elastic_net_cox,"{""l1_ratio"": 0.0, ""penalizer"": 0.01}",0.5048602442947909,,nested_tuning
3,3,clinical,elastic_net_cox,"{""l1_ratio"": 0.5, ""penalizer"": 0.01}",0.5037774348564282,,nested_tuning
3,3,clinical,elastic_net_cox,"{""l1_ratio"": 0.0, ""penalizer"": 0.1}",0.5064342333807974,,nested_tuning
3,3,clinical,elastic_net_cox,"{""l1_ratio"": 0.5, ""penalizer"": 0.1}",0.5095158207363502,,nested_tuning
3,3,clinical,elastic_net_cox,"{""l1_ratio"": 0.0, ""penalizer"": 1.0}",0.5160685697686037,,nested_tuning
3,3,clinical,elastic_net_cox,"{""l1_ratio"": 0.5, ""penalizer"": 1.0}",0.5160783350781147,,nested_tuning
3,3,clinical,elastic_net_cox,"{""l1_ratio"": 1.0, ""penalizer"": 0.1}",0.5058863481365572,,nested_tuning
3,3,clinical,elastic_net_cox,"{""l1_ratio"": 1.0, ""penalizer"": 1.0}",0.5160783350781147,,nested_tuning
3,3,clinical,xgb_aft,"{""colsample_bytree"": 0.8, ""eta"": 0.03, ""lambda"": 2.0, ""max_depth"": 1, ""min_child_weight"": 5, ""num_boost_round"": 150, ""subsample"": 0.8}",0.47618420207610257,,nested_tuning
3,3,clinical,xgb_aft,"{""colsample_bytree"": 0.8, ""eta"": 0.03, ""lambda"": 2.0, ""max_depth"": 2, ""min_child_weight"": 5, ""num_boost_round"": 150, ""subsample"": 0.8}",0.521235445206534,,nested_tuning
3,3,clinical,xgb_aft,"{""colsample_bytree"": 0.8, ""eta"": 0.1, ""lambda"": 2.0, ""max_depth"": 1, ""min_child_weight"": 5, ""num_boost_round"": 150, ""subsample"": 0.8}",0.4912039148650017,,nested_tuning
3,3,clinical,xgb_aft,"{""colsample_bytree"": 0.8, ""eta"": 0.1, ""lambda"": 2.0, ""max_depth"": 2, ""min_child_weight"": 5, ""num_boost_round"": 150, ""subsample"": 0.8}",0.522480648503785,,nested_tuning
3,3,clinical,random_survival_forest,"{""max_features"": ""sqrt"", ""min_samples_leaf"": 5, ""n_estimators"": 500}",0.5025450769538808,,nested_tuning
3,3,clinical,random_survival_forest,"{""max_features"": 0.5, ""min_samples_leaf"": 5, ""n_estimators"": 500}",0.48346438131375935,,nested_tuning
3,3,clinical,random_survival_forest,"{""max_features"": ""sqrt"", ""min_samples_leaf"": 10, ""n_estimators"": 500}",0.5108763611714543,,nested_tuning
3,3,clinical,random_survival_forest,"{""max_features"": 0.5, ""min_samples_leaf"": 10, ""n_estimators"": 500}",0.5042783110901683,,nested_tuning
3,3,clinical_plus_pathway,survivalpfn,{},,,single_candidate_no_tuning
3,3,clinical_plus_pathway,elastic_net_cox,"{""l1_ratio"": 0.0, ""penalizer"": 0.01}",0.5544440767131743,,nested_tuning
3,3,clinical_plus_pathway,elastic_net_cox,"{""l1_ratio"": 0.5, ""penalizer"": 0.01}",0.5477000819117347,,nested_tuning
3,3,clinical_plus_pathway,elastic_net_cox,"{""l1_ratio"": 0.0, ""penalizer"": 0.1}",0.5536131453248601,,nested_tuning
3,3,clinical_plus_pathway,elastic_net_cox,"{""l1_ratio"": 0.5, ""penalizer"": 0.1}",0.5069662915275541,,nested_tuning
3,3,clinical_plus_pathway,elastic_net_cox,"{""l1_ratio"": 0.0, ""penalizer"": 1.0}",0.5350434292313194,,nested_tuning
3,3,clinical_plus_pathway,elastic_net_cox,"{""l1_ratio"": 0.5, ""penalizer"": 1.0}",0.5232201189954284,,nested_tuning
3,3,clinical_plus_pathway,elastic_net_cox,"{""l1_ratio"": 1.0, ""penalizer"": 0.1}",0.5146732788345142,,nested_tuning
3,3,clinical_plus_pathway,elastic_net_cox,"{""l1_ratio"": 1.0, ""penalizer"": 1.0}",0.5232201189954284,,nested_tuning
3,3,clinical_plus_pathway,xgb_aft,"{""colsample_bytree"": 0.8, ""eta"": 0.03, ""lambda"": 2.0, ""max_depth"": 1, ""min_child_weight"": 5, ""num_boost_round"": 150, ""subsample"": 0.8}",0.5444686945684989,,nested_tuning
3,3,clinical_plus_pathway,xgb_aft,"{""colsample_bytree"": 0.8, ""eta"": 0.03, ""lambda"": 2.0, ""max_depth"": 2, ""min_child_weight"": 5, ""num_boost_round"": 150, ""subsample"": 0.8}",0.5534223324081846,,nested_tuning
3,3,clinical_plus_pathway,xgb_aft,"{""colsample_bytree"": 0.8, ""eta"": 0.1, ""lambda"": 2.0, ""max_depth"": 1, ""min_child_weight"": 5, ""num_boost_round"": 150, ""subsample"": 0.8}",0.5844576499730609,,nested_tuning
3,3,clinical_plus_pathway,xgb_aft,"{""colsample_bytree"": 0.8, ""eta"": 0.1, ""lambda"": 2.0, ""max_depth"": 2, ""min_child_weight"": 5, ""num_boost_round"": 150, ""subsample"": 0.8}",0.5584266449235805,,nested_tuning
3,3,clinical_plus_pathway,random_survival_forest,"{""max_features"": ""sqrt"", ""min_samples_leaf"": 5, ""n_estimators"": 500}",0.590230715107363,,nested_tuning
3,3,clinical_plus_pathway,random_survival_forest,"{""max_features"": 0.5, ""min_samples_leaf"": 5, ""n_estimators"": 500}",0.5850854210087557,,nested_tuning
3,3,clinical_plus_pathway,random_survival_forest,"{""max_features"": ""sqrt"", ""min_samples_leaf"": 10, ""n_estimators"": 500}",0.5811861605321533,,nested_tuning
3,3,clinical_plus_pathway,random_survival_forest,"{""max_features"": 0.5, ""min_samples_leaf"": 10, ""n_estimators"": 500}",0.5790409660571031,,nested_tuning
3,3,clinical_plus_recast,survivalpfn,{},,,single_candidate_no_tuning
3,3,clinical_plus_recast,elastic_net_cox,"{""l1_ratio"": 0.0, ""penalizer"": 0.01}",0.4944743014280676,,nested_tuning
3,3,clinical_plus_recast,elastic_net_cox,"{""l1_ratio"": 0.5, ""penalizer"": 0.01}",0.4918134465846511,,nested_tuning
3,3,clinical_plus_recast,elastic_net_cox,"{""l1_ratio"": 0.0, ""penalizer"": 0.1}",0.4985611164342214,,nested_tuning
3,3,clinical_plus_recast,elastic_net_cox,"{""l1_ratio"": 0.5, ""penalizer"": 0.1}",0.4626328112031886,,nested_tuning
3,3,clinical_plus_recast,elastic_net_cox,"{""l1_ratio"": 0.0, ""penalizer"": 1.0}",0.5274780031796709,,nested_tuning
3,3,clinical_plus_recast,elastic_net_cox,"{""l1_ratio"": 0.5, ""penalizer"": 1.0}",0.5340434469822016,,nested_tuning
3,3,clinical_plus_recast,elastic_net_cox,"{""l1_ratio"": 1.0, ""penalizer"": 0.1}",0.4775586270329619,,nested_tuning
3,3,clinical_plus_recast,elastic_net_cox,"{""l1_ratio"": 1.0, ""penalizer"": 1.0}",0.5267765006292078,,nested_tuning
3,3,clinical_plus_recast,xgb_aft,"{""colsample_bytree"": 0.8, ""eta"": 0.03, ""lambda"": 2.0, ""max_depth"": 1, ""min_child_weight"": 5, ""num_boost_round"": 150, ""subsample"": 0.8}",0.4778594717987338,,nested_tuning
3,3,clinical_plus_recast,xgb_aft,"{""colsample_bytree"": 0.8, ""eta"": 0.03, ""lambda"": 2.0, ""max_depth"": 2, ""min_child_weight"": 5, ""num_boost_round"": 150, ""subsample"": 0.8}",0.51431799553966,,nested_tuning
3,3,clinical_plus_recast,xgb_aft,"{""colsample_bytree"": 0.8, ""eta"": 0.1, ""lambda"": 2.0, ""max_depth"": 1, ""min_child_weight"": 5, ""num_boost_round"": 150, ""subsample"": 0.8}",0.4975101152221266,,nested_tuning
3,3,clinical_plus_recast,xgb_aft,"{""colsample_bytree"": 0.8, ""eta"": 0.1, ""lambda"": 2.0, ""max_depth"": 2, ""min_child_weight"": 5, ""num_boost_round"": 150, ""subsample"": 0.8}",0.5670156953699637,,nested_tuning
3,3,clinical_plus_recast,random_survival_forest,"{""max_features"": ""sqrt"", ""min_samples_leaf"": 5, ""n_estimators"": 500}",0.5024487164242893,,nested_tuning
3,3,clinical_plus_recast,random_survival_forest,"{""max_features"": 0.5, ""min_samples_leaf"": 5, ""n_estimators"": 500}",0.47109166832937166,,nested_tuning
3,3,clinical_plus_recast,random_survival_forest,"{""max_features"": ""sqrt"", ""min_samples_leaf"": 10, ""n_estimators"": 500}",0.4708410156890781,,nested_tuning
3,3,clinical_plus_recast,random_survival_forest,"{""max_features"": 0.5, ""min_samples_leaf"": 10, ""n_estimators"": 500}",0.44371441117485283,,nested_tuning
3,3,full,survivalpfn,{},,,single_candidate_no_tuning
3,3,full,elastic_net_cox,"{""l1_ratio"": 0.0, ""penalizer"": 0.01}",0.5372493964825416,,nested_tuning
3,3,full,elastic_net_cox,"{""l1_ratio"": 0.5, ""penalizer"": 0.01}",0.5379380258380206,,nested_tuning
3,3,full,elastic_net_cox,"{""l1_ratio"": 0.0, ""penalizer"": 0.1}",0.5465270529470828,,nested_tuning
3,3,full,elastic_net_cox,"{""l1_ratio"": 0.5, ""penalizer"": 0.1}",0.5024064776921404,,nested_tuning
3,3,full,elastic_net_cox,"{""l1_ratio"": 0.0, ""penalizer"": 1.0}",0.5494210620203346,,nested_tuning
3,3,full,elastic_net_cox,"{""l1_ratio"": 0.5, ""penalizer"": 1.0}",0.5278022722225619,,nested_tuning
3,3,full,elastic_net_cox,"{""l1_ratio"": 1.0, ""penalizer"": 0.1}",0.47747952533139404,,nested_tuning
3,3,full,elastic_net_cox,"{""l1_ratio"": 1.0, ""penalizer"": 1.0}",0.5278022722225619,,nested_tuning
3,3,full,xgb_aft,"{""colsample_bytree"": 0.8, ""eta"": 0.03, ""lambda"": 2.0, ""max_depth"": 1, ""min_child_weight"": 5, ""num_boost_round"": 150, ""subsample"": 0.8}",0.5099340227756372,,nested_tuning
3,3,full,xgb_aft,"{""colsample_bytree"": 0.8, ""eta"": 0.03, ""lambda"": 2.0, ""max_depth"": 2, ""min_child_weight"": 5, ""num_boost_round"": 150, ""subsample"": 0.8}",0.5210690055034428,,nested_tuning
3,3,full,xgb_aft,"{""colsample_bytree"": 0.8, ""eta"": 0.1, ""lambda"": 2.0, ""max_depth"": 1, ""min_child_weight"": 5, ""num_boost_round"": 150, ""subsample"": 0.8}",0.5502091540736469,,nested_tuning
3,3,full,xgb_aft,"{""colsample_bytree"": 0.8, ""eta"": 0.1, ""lambda"": 2.0, ""max_depth"": 2, ""min_child_weight"": 5, ""num_boost_round"": 150, ""subsample"": 0.8}",0.5264668923674963,,nested_tuning
3,3,full,random_survival_forest,"{""max_features"": ""sqrt"", ""min_samples_leaf"": 5, ""n_estimators"": 500}",0.5749918479937844,,nested_tuning
3,3,full,random_survival_forest,"{""max_features"": 0.5, ""min_samples_leaf"": 5, ""n_estimators"": 500}",0.555172343397062,,nested_tuning
3,3,full,random_survival_forest,"{""max_features"": ""sqrt"", ""min_samples_leaf"": 10, ""n_estimators"": 500}",0.5805736705892859,,nested_tuning
3,3,full,random_survival_forest,"{""max_features"": 0.5, ""min_samples_leaf"": 10, ""n_estimators"": 500}",0.5693303005298799,,nested_tuning
3,4,clinical,survivalpfn,{},,,single_candidate_no_tuning
3,4,clinical,elastic_net_cox,"{""l1_ratio"": 0.0, ""penalizer"": 0.01}",,"ConvergenceWarning: Column x5 have very low variance when conditioned on death event present or not. This may harm convergence. This could be a form of 'complete separation'. For example, try the following code:

>>> events = df['event'].astype(bool)
>>> print(df.loc[events, 'x5'].var())
>>> print(df.loc[~events, 'x5'].var())

A very low variance means that the column x5 completely determines whether a subject dies or not. See https://stats.stackexchange.com/questions/11109/how-to-deal-with-perfect-separation-in-logistic-regression.
",nested_tuning
3,4,clinical,elastic_net_cox,"{""l1_ratio"": 0.5, ""penalizer"": 0.01}",0.6283724495184002,,nested_tuning
3,4,clinical,elastic_net_cox,"{""l1_ratio"": 0.0, ""penalizer"": 0.1}",0.6112145228866106,,nested_tuning
3,4,clinical,elastic_net_cox,"{""l1_ratio"": 0.5, ""penalizer"": 0.1}",0.5956572651035079,,nested_tuning
3,4,clinical,elastic_net_cox,"{""l1_ratio"": 0.0, ""penalizer"": 1.0}",0.6135896080442635,,nested_tuning
3,4,clinical,elastic_net_cox,"{""l1_ratio"": 0.5, ""penalizer"": 1.0}",0.6275554130650493,,nested_tuning
3,4,clinical,elastic_net_cox,"{""l1_ratio"": 1.0, ""penalizer"": 0.1}",0.6137828650963856,,nested_tuning
3,4,clinical,elastic_net_cox,"{""l1_ratio"": 1.0, ""penalizer"": 1.0}",0.6270951896754751,,nested_tuning
3,4,clinical,xgb_aft,"{""colsample_bytree"": 0.8, ""eta"": 0.03, ""lambda"": 2.0, ""max_depth"": 1, ""min_child_weight"": 5, ""num_boost_round"": 150, ""subsample"": 0.8}",0.511712718922849,,nested_tuning
3,4,clinical,xgb_aft,"{""colsample_bytree"": 0.8, ""eta"": 0.03, ""lambda"": 2.0, ""max_depth"": 2, ""min_child_weight"": 5, ""num_boost_round"": 150, ""subsample"": 0.8}",0.5339065645165213,,nested_tuning
3,4,clinical,xgb_aft,"{""colsample_bytree"": 0.8, ""eta"": 0.1, ""lambda"": 2.0, ""max_depth"": 1, ""min_child_weight"": 5, ""num_boost_round"": 150, ""subsample"": 0.8}",0.5553163969676764,,nested_tuning
3,4,clinical,xgb_aft,"{""colsample_bytree"": 0.8, ""eta"": 0.1, ""lambda"": 2.0, ""max_depth"": 2, ""min_child_weight"": 5, ""num_boost_round"": 150, ""subsample"": 0.8}",0.5225345804305443,,nested_tuning
3,4,clinical,random_survival_forest,"{""max_features"": ""sqrt"", ""min_samples_leaf"": 5, ""n_estimators"": 500}",0.5748893169509914,,nested_tuning
3,4,clinical,random_survival_forest,"{""max_features"": 0.5, ""min_samples_leaf"": 5, ""n_estimators"": 500}",0.5383527823157481,,nested_tuning
3,4,clinical,random_survival_forest,"{""max_features"": ""sqrt"", ""min_samples_leaf"": 10, ""n_estimators"": 500}",0.5582213583651299,,nested_tuning
3,4,clinical,random_survival_forest,"{""max_features"": 0.5, ""min_samples_leaf"": 10, ""n_estimators"": 500}",0.5585341208940799,,nested_tuning
3,4,clinical_plus_pathway,survivalpfn,{},,,single_candidate_no_tuning
3,4,clinical_plus_pathway,elastic_net_cox,"{""l1_ratio"": 0.0, ""penalizer"": 0.01}",,"ConvergenceWarning: Column x5 have very low variance when conditioned on death event present or not. This may harm convergence. This could be a form of 'complete separation'. For example, try the following code:

>>> events = df['event'].astype(bool)
>>> print(df.loc[events, 'x5'].var())
>>> print(df.loc[~events, 'x5'].var())

A very low variance means that the column x5 completely determines whether a subject dies or not. See https://stats.stackexchange.com/questions/11109/how-to-deal-with-perfect-separation-in-logistic-regression.
",nested_tuning
3,4,clinical_plus_pathway,elastic_net_cox,"{""l1_ratio"": 0.5, ""penalizer"": 0.01}",,"ConvergenceWarning: Column x5 have very low variance when conditioned on death event present or not. This may harm convergence. This could be a form of 'complete separation'. For example, try the following code:

>>> events = df['event'].astype(bool)
>>> print(df.loc[events, 'x5'].var())
>>> print(df.loc[~events, 'x5'].var())

A very low variance means that the column x5 completely determines whether a subject dies or not. See https://stats.stackexchange.com/questions/11109/how-to-deal-with-perfect-separation-in-logistic-regression.
",nested_tuning
3,4,clinical_plus_pathway,elastic_net_cox,"{""l1_ratio"": 0.0, ""penalizer"": 0.1}",0.5415531916199904,,nested_tuning
3,4,clinical_plus_pathway,elastic_net_cox,"{""l1_ratio"": 0.5, ""penalizer"": 0.1}",0.5433076338629704,,nested_tuning
3,4,clinical_plus_pathway,elastic_net_cox,"{""l1_ratio"": 0.0, ""penalizer"": 1.0}",0.5408702309177803,,nested_tuning
3,4,clinical_plus_pathway,elastic_net_cox,"{""l1_ratio"": 0.5, ""penalizer"": 1.0}",0.4943628029925183,,nested_tuning
3,4,clinical_plus_pathway,elastic_net_cox,"{""l1_ratio"": 1.0, ""penalizer"": 0.1}",0.5606063795153755,,nested_tuning
3,4,clinical_plus_pathway,elastic_net_cox,"{""l1_ratio"": 1.0, ""penalizer"": 1.0}",0.49529827718086616,,nested_tuning
3,4,clinical_plus_pathway,xgb_aft,"{""colsample_bytree"": 0.8, ""eta"": 0.03, ""lambda"": 2.0, ""max_depth"": 1, ""min_child_weight"": 5, ""num_boost_round"": 150, ""subsample"": 0.8}",0.5130413970795831,,nested_tuning
3,4,clinical_plus_pathway,xgb_aft,"{""colsample_bytree"": 0.8, ""eta"": 0.03, ""lambda"": 2.0, ""max_depth"": 2, ""min_child_weight"": 5, ""num_boost_round"": 150, ""subsample"": 0.8}",0.537386612896068,,nested_tuning
3,4,clinical_plus_pathway,xgb_aft,"{""colsample_bytree"": 0.8, ""eta"": 0.1, ""lambda"": 2.0, ""max_depth"": 1, ""min_child_weight"": 5, ""num_boost_round"": 150, ""subsample"": 0.8}",0.5118124659627825,,nested_tuning
3,4,clinical_plus_pathway,xgb_aft,"{""colsample_bytree"": 0.8, ""eta"": 0.1, ""lambda"": 2.0, ""max_depth"": 2, ""min_child_weight"": 5, ""num_boost_round"": 150, ""subsample"": 0.8}",0.5275245955912087,,nested_tuning
3,4,clinical_plus_pathway,random_survival_forest,"{""max_features"": ""sqrt"", ""min_samples_leaf"": 5, ""n_estimators"": 500}",0.5276687658133427,,nested_tuning
3,4,clinical_plus_pathway,random_survival_forest,"{""max_features"": 0.5, ""min_samples_leaf"": 5, ""n_estimators"": 500}",0.5169630760649816,,nested_tuning
3,4,clinical_plus_pathway,random_survival_forest,"{""max_features"": ""sqrt"", ""min_samples_leaf"": 10, ""n_estimators"": 500}",0.5293663567862046,,nested_tuning
3,4,clinical_plus_pathway,random_survival_forest,"{""max_features"": 0.5, ""min_samples_leaf"": 10, ""n_estimators"": 500}",0.5277710007857325,,nested_tuning
3,4,clinical_plus_recast,survivalpfn,{},,,single_candidate_no_tuning
3,4,clinical_plus_recast,elastic_net_cox,"{""l1_ratio"": 0.0, ""penalizer"": 0.01}",,"ConvergenceWarning: Column x5 have very low variance when conditioned on death event present or not. This may harm convergence. This could be a form of 'complete separation'. For example, try the following code:

>>> events = df['event'].astype(bool)
>>> print(df.loc[events, 'x5'].var())
>>> print(df.loc[~events, 'x5'].var())

A very low variance means that the column x5 completely determines whether a subject dies or not. See https://stats.stackexchange.com/questions/11109/how-to-deal-with-perfect-separation-in-logistic-regression.
",nested_tuning
3,4,clinical_plus_recast,elastic_net_cox,"{""l1_ratio"": 0.5, ""penalizer"": 0.01}",0.6173450225866122,,nested_tuning
3,4,clinical_plus_recast,elastic_net_cox,"{""l1_ratio"": 0.0, ""penalizer"": 0.1}",0.6067573014568546,,nested_tuning
3,4,clinical_plus_recast,elastic_net_cox,"{""l1_ratio"": 0.5, ""penalizer"": 0.1}",0.6257334330622116,,nested_tuning
3,4,clinical_plus_recast,elastic_net_cox,"{""l1_ratio"": 0.0, ""penalizer"": 1.0}",0.628538895140105,,nested_tuning
3,4,clinical_plus_recast,elastic_net_cox,"{""l1_ratio"": 0.5, ""penalizer"": 1.0}",0.6276822164264679,,nested_tuning
3,4,clinical_plus_recast,elastic_net_cox,"{""l1_ratio"": 1.0, ""penalizer"": 0.1}",0.6171856661534612,,nested_tuning
3,4,clinical_plus_recast,elastic_net_cox,"{""l1_ratio"": 1.0, ""penalizer"": 1.0}",0.6276822164264679,,nested_tuning
3,4,clinical_plus_recast,xgb_aft,"{""colsample_bytree"": 0.8, ""eta"": 0.03, ""lambda"": 2.0, ""max_depth"": 1, ""min_child_weight"": 5, ""num_boost_round"": 150, ""subsample"": 0.8}",0.4569269562698033,,nested_tuning
3,4,clinical_plus_recast,xgb_aft,"{""colsample_bytree"": 0.8, ""eta"": 0.03, ""lambda"": 2.0, ""max_depth"": 2, ""min_child_weight"": 5, ""num_boost_round"": 150, ""subsample"": 0.8}",0.4856130945318459,,nested_tuning
3,4,clinical_plus_recast,xgb_aft,"{""colsample_bytree"": 0.8, ""eta"": 0.1, ""lambda"": 2.0, ""max_depth"": 1, ""min_child_weight"": 5, ""num_boost_round"": 150, ""subsample"": 0.8}",0.5021205072340216,,nested_tuning
3,4,clinical_plus_recast,xgb_aft,"{""colsample_bytree"": 0.8, ""eta"": 0.1, ""lambda"": 2.0, ""max_depth"": 2, ""min_child_weight"": 5, ""num_boost_round"": 150, ""subsample"": 0.8}",0.48910586624657304,,nested_tuning
3,4,clinical_plus_recast,random_survival_forest,"{""max_features"": ""sqrt"", ""min_samples_leaf"": 5, ""n_estimators"": 500}",0.4997285030500894,,nested_tuning
3,4,clinical_plus_recast,random_survival_forest,"{""max_features"": 0.5, ""min_samples_leaf"": 5, ""n_estimators"": 500}",0.5160751385077387,,nested_tuning
3,4,clinical_plus_recast,random_survival_forest,"{""max_features"": ""sqrt"", ""min_samples_leaf"": 10, ""n_estimators"": 500}",0.4767147905604188,,nested_tuning
3,4,clinical_plus_recast,random_survival_forest,"{""max_features"": 0.5, ""min_samples_leaf"": 10, ""n_estimators"": 500}",0.4856224109219166,,nested_tuning
3,4,full,survivalpfn,{},,,single_candidate_no_tuning
3,4,full,elastic_net_cox,"{""l1_ratio"": 0.0, ""penalizer"": 0.01}",,"ConvergenceWarning: Column x5 have very low variance when conditioned on death event present or not. This may harm convergence. This could be a form of 'complete separation'. For example, try the following code:

>>> events = df['event'].astype(bool)
>>> print(df.loc[events, 'x5'].var())
>>> print(df.loc[~events, 'x5'].var())

A very low variance means that the column x5 completely determines whether a subject dies or not. See https://stats.stackexchange.com/questions/11109/how-to-deal-with-perfect-separation-in-logistic-regression.
",nested_tuning
3,4,full,elastic_net_cox,"{""l1_ratio"": 0.5, ""penalizer"": 0.01}",,"ConvergenceWarning: Column x5 have very low variance when conditioned on death event present or not. This may harm convergence. This could be a form of 'complete separation'. For example, try the following code:

>>> events = df['event'].astype(bool)
>>> print(df.loc[events, 'x5'].var())
>>> print(df.loc[~events, 'x5'].var())

A very low variance means that the column x5 completely determines whether a subject dies or not. See https://stats.stackexchange.com/questions/11109/how-to-deal-with-perfect-separation-in-logistic-regression.
",nested_tuning
3,4,full,elastic_net_cox,"{""l1_ratio"": 0.0, ""penalizer"": 0.1}",0.5507178517405127,,nested_tuning
3,4,full,elastic_net_cox,"{""l1_ratio"": 0.5, ""penalizer"": 0.1}",0.5529092140020893,,nested_tuning
3,4,full,elastic_net_cox,"{""l1_ratio"": 0.0, ""penalizer"": 1.0}",0.5464366684050764,,nested_tuning
3,4,full,elastic_net_cox,"{""l1_ratio"": 0.5, ""penalizer"": 1.0}",0.4948151197461577,,nested_tuning
3,4,full,elastic_net_cox,"{""l1_ratio"": 1.0, ""penalizer"": 0.1}",0.5767771901753103,,nested_tuning
3,4,full,elastic_net_cox,"{""l1_ratio"": 1.0, ""penalizer"": 1.0}",0.4943268389768585,,nested_tuning
3,4,full,xgb_aft,"{""colsample_bytree"": 0.8, ""eta"": 0.03, ""lambda"": 2.0, ""max_depth"": 1, ""min_child_weight"": 5, ""num_boost_round"": 150, ""subsample"": 0.8}",0.47587058095086454,,nested_tuning
3,4,full,xgb_aft,"{""colsample_bytree"": 0.8, ""eta"": 0.03, ""lambda"": 2.0, ""max_depth"": 2, ""min_child_weight"": 5, ""num_boost_round"": 150, ""subsample"": 0.8}",0.5089278272714353,,nested_tuning
3,4,full,xgb_aft,"{""colsample_bytree"": 0.8, ""eta"": 0.1, ""lambda"": 2.0, ""max_depth"": 1, ""min_child_weight"": 5, ""num_boost_round"": 150, ""subsample"": 0.8}",0.49081483258222336,,nested_tuning
3,4,full,xgb_aft,"{""colsample_bytree"": 0.8, ""eta"": 0.1, ""lambda"": 2.0, ""max_depth"": 2, ""min_child_weight"": 5, ""num_boost_round"": 150, ""subsample"": 0.8}",0.5021720387589057,,nested_tuning
3,4,full,random_survival_forest,"{""max_features"": ""sqrt"", ""min_samples_leaf"": 5, ""n_estimators"": 500}",0.5010044679114715,,nested_tuning
3,4,full,random_survival_forest,"{""max_features"": 0.5, ""min_samples_leaf"": 5, ""n_estimators"": 500}",0.48602013806113264,,nested_tuning
3,4,full,random_survival_forest,"{""max_features"": ""sqrt"", ""min_samples_leaf"": 10, ""n_estimators"": 500}",0.5166920608995473,,nested_tuning
3,4,full,random_survival_forest,"{""max_features"": 0.5, ""min_samples_leaf"": 10, ""n_estimators"": 500}",0.511343956761824,,nested_tuning
4,0,clinical,survivalpfn,{},,,single_candidate_no_tuning
4,0,clinical,elastic_net_cox,"{""l1_ratio"": 0.0, ""penalizer"": 0.01}",0.554264317951079,,nested_tuning
4,0,clinical,elastic_net_cox,"{""l1_ratio"": 0.5, ""penalizer"": 0.01}",0.5590759999976518,,nested_tuning
4,0,clinical,elastic_net_cox,"{""l1_ratio"": 0.0, ""penalizer"": 0.1}",0.5465950746299363,,nested_tuning
4,0,clinical,elastic_net_cox,"{""l1_ratio"": 0.5, ""penalizer"": 0.1}",0.5391831545775202,,nested_tuning
4,0,clinical,elastic_net_cox,"{""l1_ratio"": 0.0, ""penalizer"": 1.0}",0.5307332718581418,,nested_tuning
4,0,clinical,elastic_net_cox,"{""l1_ratio"": 0.5, ""penalizer"": 1.0}",0.5276142840319323,,nested_tuning
4,0,clinical,elastic_net_cox,"{""l1_ratio"": 1.0, ""penalizer"": 0.1}",0.5420376646491996,,nested_tuning
4,0,clinical,elastic_net_cox,"{""l1_ratio"": 1.0, ""penalizer"": 1.0}",0.5276142840319323,,nested_tuning
4,0,clinical,xgb_aft,"{""colsample_bytree"": 0.8, ""eta"": 0.03, ""lambda"": 2.0, ""max_depth"": 1, ""min_child_weight"": 5, ""num_boost_round"": 150, ""subsample"": 0.8}",0.5085940772648735,,nested_tuning
4,0,clinical,xgb_aft,"{""colsample_bytree"": 0.8, ""eta"": 0.03, ""lambda"": 2.0, ""max_depth"": 2, ""min_child_weight"": 5, ""num_boost_round"": 150, ""subsample"": 0.8}",0.47828462670629024,,nested_tuning
4,0,clinical,xgb_aft,"{""colsample_bytree"": 0.8, ""eta"": 0.1, ""lambda"": 2.0, ""max_depth"": 1, ""min_child_weight"": 5, ""num_boost_round"": 150, ""subsample"": 0.8}",0.5189302774147451,,nested_tuning
4,0,clinical,xgb_aft,"{""colsample_bytree"": 0.8, ""eta"": 0.1, ""lambda"": 2.0, ""max_depth"": 2, ""min_child_weight"": 5, ""num_boost_round"": 150, ""subsample"": 0.8}",0.5004981657956135,,nested_tuning
4,0,clinical,random_survival_forest,"{""max_features"": ""sqrt"", ""min_samples_leaf"": 5, ""n_estimators"": 500}",0.5032145538525856,,nested_tuning
4,0,clinical,random_survival_forest,"{""max_features"": 0.5, ""min_samples_leaf"": 5, ""n_estimators"": 500}",0.49403792615859593,,nested_tuning
4,0,clinical,random_survival_forest,"{""max_features"": ""sqrt"", ""min_samples_leaf"": 10, ""n_estimators"": 500}",0.5038998287655274,,nested_tuning
4,0,clinical,random_survival_forest,"{""max_features"": 0.5, ""min_samples_leaf"": 10, ""n_estimators"": 500}",0.5054092962824492,,nested_tuning
4,0,clinical_plus_pathway,survivalpfn,{},,,single_candidate_no_tuning
4,0,clinical_plus_pathway,elastic_net_cox,"{""l1_ratio"": 0.0, ""penalizer"": 0.01}",0.5639392560565766,,nested_tuning
4,0,clinical_plus_pathway,elastic_net_cox,"{""l1_ratio"": 0.5, ""penalizer"": 0.01}",0.5783286231501096,,nested_tuning
4,0,clinical_plus_pathway,elastic_net_cox,"{""l1_ratio"": 0.0, ""penalizer"": 0.1}",0.4987595036166597,,nested_tuning
4,0,clinical_plus_pathway,elastic_net_cox,"{""l1_ratio"": 0.5, ""penalizer"": 0.1}",0.5050634419149664,,nested_tuning
4,0,clinical_plus_pathway,elastic_net_cox,"{""l1_ratio"": 0.0, ""penalizer"": 1.0}",0.45947144018385444,,nested_tuning
4,0,clinical_plus_pathway,elastic_net_cox,"{""l1_ratio"": 0.5, ""penalizer"": 1.0}",0.3856089595746469,,nested_tuning
4,0,clinical_plus_pathway,elastic_net_cox,"{""l1_ratio"": 1.0, ""penalizer"": 0.1}",0.4585595390071471,,nested_tuning
4,0,clinical_plus_pathway,elastic_net_cox,"{""l1_ratio"": 1.0, ""penalizer"": 1.0}",0.3856089595746469,,nested_tuning
4,0,clinical_plus_pathway,xgb_aft,"{""colsample_bytree"": 0.8, ""eta"": 0.03, ""lambda"": 2.0, ""max_depth"": 1, ""min_child_weight"": 5, ""num_boost_round"": 150, ""subsample"": 0.8}",0.46335856153975363,,nested_tuning
4,0,clinical_plus_pathway,xgb_aft,"{""colsample_bytree"": 0.8, ""eta"": 0.03, ""lambda"": 2.0, ""max_depth"": 2, ""min_child_weight"": 5, ""num_boost_round"": 150, ""subsample"": 0.8}",0.48390534154247794,,nested_tuning
4,0,clinical_plus_pathway,xgb_aft,"{""colsample_bytree"": 0.8, ""eta"": 0.1, ""lambda"": 2.0, ""max_depth"": 1, ""min_child_weight"": 5, ""num_boost_round"": 150, ""subsample"": 0.8}",0.4938141559414691,,nested_tuning
4,0,clinical_plus_pathway,xgb_aft,"{""colsample_bytree"": 0.8, ""eta"": 0.1, ""lambda"": 2.0, ""max_depth"": 2, ""min_child_weight"": 5, ""num_boost_round"": 150, ""subsample"": 0.8}",0.4663105507552195,,nested_tuning
4,0,clinical_plus_pathway,random_survival_forest,"{""max_features"": ""sqrt"", ""min_samples_leaf"": 5, ""n_estimators"": 500}",0.476532086283884,,nested_tuning
4,0,clinical_plus_pathway,random_survival_forest,"{""max_features"": 0.5, ""min_samples_leaf"": 5, ""n_estimators"": 500}",0.46345089052994637,,nested_tuning
4,0,clinical_plus_pathway,random_survival_forest,"{""max_features"": ""sqrt"", ""min_samples_leaf"": 10, ""n_estimators"": 500}",0.4695560674078455,,nested_tuning
4,0,clinical_plus_pathway,random_survival_forest,"{""max_features"": 0.5, ""min_samples_leaf"": 10, ""n_estimators"": 500}",0.46418226148277275,,nested_tuning
4,0,clinical_plus_recast,survivalpfn,{},,,single_candidate_no_tuning
4,0,clinical_plus_recast,elastic_net_cox,"{""l1_ratio"": 0.0, ""penalizer"": 0.01}",0.5545757686166031,,nested_tuning
4,0,clinical_plus_recast,elastic_net_cox,"{""l1_ratio"": 0.5, ""penalizer"": 0.01}",0.5592021221231525,,nested_tuning
4,0,clinical_plus_recast,elastic_net_cox,"{""l1_ratio"": 0.0, ""penalizer"": 0.1}",0.5537322224588453,,nested_tuning
4,0,clinical_plus_recast,elastic_net_cox,"{""l1_ratio"": 0.5, ""penalizer"": 0.1}",0.5427579906101161,,nested_tuning
4,0,clinical_plus_recast,elastic_net_cox,"{""l1_ratio"": 0.0, ""penalizer"": 1.0}",0.5363771865630766,,nested_tuning
4,0,clinical_plus_recast,elastic_net_cox,"{""l1_ratio"": 0.5, ""penalizer"": 1.0}",0.5386319794118767,,nested_tuning
4,0,clinical_plus_recast,elastic_net_cox,"{""l1_ratio"": 1.0, ""penalizer"": 0.1}",0.550582139028081,,nested_tuning
4,0,clinical_plus_recast,elastic_net_cox,"{""l1_ratio"": 1.0, ""penalizer"": 1.0}",0.5381523011333038,,nested_tuning
4,0,clinical_plus_recast,xgb_aft,"{""colsample_bytree"": 0.8, ""eta"": 0.03, ""lambda"": 2.0, ""max_depth"": 1, ""min_child_weight"": 5, ""num_boost_round"": 150, ""subsample"": 0.8}",0.4749647262305869,,nested_tuning
4,0,clinical_plus_recast,xgb_aft,"{""colsample_bytree"": 0.8, ""eta"": 0.03, ""lambda"": 2.0, ""max_depth"": 2, ""min_child_weight"": 5, ""num_boost_round"": 150, ""subsample"": 0.8}",0.4815137247369798,,nested_tuning
4,0,clinical_plus_recast,xgb_aft,"{""colsample_bytree"": 0.8, ""eta"": 0.1, ""lambda"": 2.0, ""max_depth"": 1, ""min_child_weight"": 5, ""num_boost_round"": 150, ""subsample"": 0.8}",0.4620749396293309,,nested_tuning
4,0,clinical_plus_recast,xgb_aft,"{""colsample_bytree"": 0.8, ""eta"": 0.1, ""lambda"": 2.0, ""max_depth"": 2, ""min_child_weight"": 5, ""num_boost_round"": 150, ""subsample"": 0.8}",0.4680097631572496,,nested_tuning
4,0,clinical_plus_recast,random_survival_forest,"{""max_features"": ""sqrt"", ""min_samples_leaf"": 5, ""n_estimators"": 500}",0.48134853411086537,,nested_tuning
4,0,clinical_plus_recast,random_survival_forest,"{""max_features"": 0.5, ""min_samples_leaf"": 5, ""n_estimators"": 500}",0.47938028236168234,,nested_tuning
4,0,clinical_plus_recast,random_survival_forest,"{""max_features"": ""sqrt"", ""min_samples_leaf"": 10, ""n_estimators"": 500}",0.49502516354872883,,nested_tuning
4,0,clinical_plus_recast,random_survival_forest,"{""max_features"": 0.5, ""min_samples_leaf"": 10, ""n_estimators"": 500}",0.4842906783899933,,nested_tuning
4,0,full,survivalpfn,{},,,single_candidate_no_tuning
4,0,full,elastic_net_cox,"{""l1_ratio"": 0.0, ""penalizer"": 0.01}",0.554503083678985,,nested_tuning
4,0,full,elastic_net_cox,"{""l1_ratio"": 0.5, ""penalizer"": 0.01}",0.5662531054697122,,nested_tuning
4,0,full,elastic_net_cox,"{""l1_ratio"": 0.0, ""penalizer"": 0.1}",0.5148825318278983,,nested_tuning
4,0,full,elastic_net_cox,"{""l1_ratio"": 0.5, ""penalizer"": 0.1}",0.5216892613939035,,nested_tuning
4,0,full,elastic_net_cox,"{""l1_ratio"": 0.0, ""penalizer"": 1.0}",0.46830832589335314,,nested_tuning
4,0,full,elastic_net_cox,"{""l1_ratio"": 0.5, ""penalizer"": 1.0}",0.3926680097318477,,nested_tuning
4,0,full,elastic_net_cox,"{""l1_ratio"": 1.0, ""penalizer"": 0.1}",0.4587152972867794,,nested_tuning
4,0,full,elastic_net_cox,"{""l1_ratio"": 1.0, ""penalizer"": 1.0}",0.39672585040843245,,nested_tuning
4,0,full,xgb_aft,"{""colsample_bytree"": 0.8, ""eta"": 0.03, ""lambda"": 2.0, ""max_depth"": 1, ""min_child_weight"": 5, ""num_boost_round"": 150, ""subsample"": 0.8}",0.4440957080653575,,nested_tuning
4,0,full,xgb_aft,"{""colsample_bytree"": 0.8, ""eta"": 0.03, ""lambda"": 2.0, ""max_depth"": 2, ""min_child_weight"": 5, ""num_boost_round"": 150, ""subsample"": 0.8}",0.4617996890594371,,nested_tuning
4,0,full,xgb_aft,"{""colsample_bytree"": 0.8, ""eta"": 0.1, ""lambda"": 2.0, ""max_depth"": 1, ""min_child_weight"": 5, ""num_boost_round"": 150, ""subsample"": 0.8}",0.45607353982008975,,nested_tuning
4,0,full,xgb_aft,"{""colsample_bytree"": 0.8, ""eta"": 0.1, ""lambda"": 2.0, ""max_depth"": 2, ""min_child_weight"": 5, ""num_boost_round"": 150, ""subsample"": 0.8}",0.49964133336733707,,nested_tuning
4,0,full,random_survival_forest,"{""max_features"": ""sqrt"", ""min_samples_leaf"": 5, ""n_estimators"": 500}",0.46914655099383396,,nested_tuning
4,0,full,random_survival_forest,"{""max_features"": 0.5, ""min_samples_leaf"": 5, ""n_estimators"": 500}",0.46609545407513975,,nested_tuning
4,0,full,random_survival_forest,"{""max_features"": ""sqrt"", ""min_samples_leaf"": 10, ""n_estimators"": 500}",0.4487497565361725,,nested_tuning
4,0,full,random_survival_forest,"{""max_features"": 0.5, ""min_samples_leaf"": 10, ""n_estimators"": 500}",0.45874978652952453,,nested_tuning
4,1,clinical,survivalpfn,{},,,single_candidate_no_tuning
4,1,clinical,elastic_net_cox,"{""l1_ratio"": 0.0, ""penalizer"": 0.01}",0.5646249340713485,,nested_tuning
4,1,clinical,elastic_net_cox,"{""l1_ratio"": 0.5, ""penalizer"": 0.01}",0.5633892373768601,,nested_tuning
4,1,clinical,elastic_net_cox,"{""l1_ratio"": 0.0, ""penalizer"": 0.1}",0.5619822406166408,,nested_tuning
4,1,clinical,elastic_net_cox,"{""l1_ratio"": 0.5, ""penalizer"": 0.1}",0.5484648793990428,,nested_tuning
4,1,clinical,elastic_net_cox,"{""l1_ratio"": 0.0, ""penalizer"": 1.0}",0.5549598265455948,,nested_tuning
4,1,clinical,elastic_net_cox,"{""l1_ratio"": 0.5, ""penalizer"": 1.0}",0.5457370980251599,,nested_tuning
4,1,clinical,elastic_net_cox,"{""l1_ratio"": 1.0, ""penalizer"": 0.1}",0.5539127241115922,,nested_tuning
4,1,clinical,elastic_net_cox,"{""l1_ratio"": 1.0, ""penalizer"": 1.0}",0.5470654867172724,,nested_tuning
4,1,clinical,xgb_aft,"{""colsample_bytree"": 0.8, ""eta"": 0.03, ""lambda"": 2.0, ""max_depth"": 1, ""min_child_weight"": 5, ""num_boost_round"": 150, ""subsample"": 0.8}",0.5203470296225121,,nested_tuning
4,1,clinical,xgb_aft,"{""colsample_bytree"": 0.8, ""eta"": 0.03, ""lambda"": 2.0, ""max_depth"": 2, ""min_child_weight"": 5, ""num_boost_round"": 150, ""subsample"": 0.8}",0.5090495079858591,,nested_tuning
4,1,clinical,xgb_aft,"{""colsample_bytree"": 0.8, ""eta"": 0.1, ""lambda"": 2.0, ""max_depth"": 1, ""min_child_weight"": 5, ""num_boost_round"": 150, ""subsample"": 0.8}",0.5226685422304529,,nested_tuning
4,1,clinical,xgb_aft,"{""colsample_bytree"": 0.8, ""eta"": 0.1, ""lambda"": 2.0, ""max_depth"": 2, ""min_child_weight"": 5, ""num_boost_round"": 150, ""subsample"": 0.8}",0.5074657519607324,,nested_tuning
4,1,clinical,random_survival_forest,"{""max_features"": ""sqrt"", ""min_samples_leaf"": 5, ""n_estimators"": 500}",0.5695228885677505,,nested_tuning
4,1,clinical,random_survival_forest,"{""max_features"": 0.5, ""min_samples_leaf"": 5, ""n_estimators"": 500}",0.5679698703863393,,nested_tuning
4,1,clinical,random_survival_forest,"{""max_features"": ""sqrt"", ""min_samples_leaf"": 10, ""n_estimators"": 500}",0.5422110372983802,,nested_tuning
4,1,clinical,random_survival_forest,"{""max_features"": 0.5, ""min_samples_leaf"": 10, ""n_estimators"": 500}",0.538572072280274,,nested_tuning
4,1,clinical_plus_pathway,survivalpfn,{},,,single_candidate_no_tuning
4,1,clinical_plus_pathway,elastic_net_cox,"{""l1_ratio"": 0.0, ""penalizer"": 0.01}",0.5725980273784238,,nested_tuning
4,1,clinical_plus_pathway,elastic_net_cox,"{""l1_ratio"": 0.5, ""penalizer"": 0.01}",0.5694450866457905,,nested_tuning
4,1,clinical_plus_pathway,elastic_net_cox,"{""l1_ratio"": 0.0, ""penalizer"": 0.1}",0.5358695539260974,,nested_tuning
4,1,clinical_plus_pathway,elastic_net_cox,"{""l1_ratio"": 0.5, ""penalizer"": 0.1}",0.5260476400054835,,nested_tuning
4,1,clinical_plus_pathway,elastic_net_cox,"{""l1_ratio"": 0.0, ""penalizer"": 1.0}",0.5286539418293124,,nested_tuning
4,1,clinical_plus_pathway,elastic_net_cox,"{""l1_ratio"": 0.5, ""penalizer"": 1.0}",0.4935699134540137,,nested_tuning
4,1,clinical_plus_pathway,elastic_net_cox,"{""l1_ratio"": 1.0, ""penalizer"": 0.1}",0.5402139966665129,,nested_tuning
4,1,clinical_plus_pathway,elastic_net_cox,"{""l1_ratio"": 1.0, ""penalizer"": 1.0}",0.4935699134540137,,nested_tuning
4,1,clinical_plus_pathway,xgb_aft,"{""colsample_bytree"": 0.8, ""eta"": 0.03, ""lambda"": 2.0, ""max_depth"": 1, ""min_child_weight"": 5, ""num_boost_round"": 150, ""subsample"": 0.8}",0.438040234989826,,nested_tuning
4,1,clinical_plus_pathway,xgb_aft,"{""colsample_bytree"": 0.8, ""eta"": 0.03, ""lambda"": 2.0, ""max_depth"": 2, ""min_child_weight"": 5, ""num_boost_round"": 150, ""subsample"": 0.8}",0.5350017001172742,,nested_tuning
4,1,clinical_plus_pathway,xgb_aft,"{""colsample_bytree"": 0.8, ""eta"": 0.1, ""lambda"": 2.0, ""max_depth"": 1, ""min_child_weight"": 5, ""num_boost_round"": 150, ""subsample"": 0.8}",0.5543938615182844,,nested_tuning
4,1,clinical_plus_pathway,xgb_aft,"{""colsample_bytree"": 0.8, ""eta"": 0.1, ""lambda"": 2.0, ""max_depth"": 2, ""min_child_weight"": 5, ""num_boost_round"": 150, ""subsample"": 0.8}",0.5872517370049037,,nested_tuning
4,1,clinical_plus_pathway,random_survival_forest,"{""max_features"": ""sqrt"", ""min_samples_leaf"": 5, ""n_estimators"": 500}",0.5075203689076903,,nested_tuning
4,1,clinical_plus_pathway,random_survival_forest,"{""max_features"": 0.5, ""min_samples_leaf"": 5, ""n_estimators"": 500}",0.49347797101461177,,nested_tuning
4,1,clinical_plus_pathway,random_survival_forest,"{""max_features"": ""sqrt"", ""min_samples_leaf"": 10, ""n_estimators"": 500}",0.5044224536790654,,nested_tuning
4,1,clinical_plus_pathway,random_survival_forest,"{""max_features"": 0.5, ""min_samples_leaf"": 10, ""n_estimators"": 500}",0.5316792084341481,,nested_tuning
4,1,clinical_plus_recast,survivalpfn,{},,,single_candidate_no_tuning
4,1,clinical_plus_recast,elastic_net_cox,"{""l1_ratio"": 0.0, ""penalizer"": 0.01}",0.5184340442645395,,nested_tuning
4,1,clinical_plus_recast,elastic_net_cox,"{""l1_ratio"": 0.5, ""penalizer"": 0.01}",0.5179707313681443,,nested_tuning
4,1,clinical_plus_recast,elastic_net_cox,"{""l1_ratio"": 0.0, ""penalizer"": 0.1}",0.5428352334088316,,nested_tuning
4,1,clinical_plus_recast,elastic_net_cox,"{""l1_ratio"": 0.5, ""penalizer"": 0.1}",0.5648411732007579,,nested_tuning
4,1,clinical_plus_recast,elastic_net_cox,"{""l1_ratio"": 0.0, ""penalizer"": 1.0}",0.5227892127355647,,nested_tuning
4,1,clinical_plus_recast,elastic_net_cox,"{""l1_ratio"": 0.5, ""penalizer"": 1.0}",0.5086032401736912,,nested_tuning
4,1,clinical_plus_recast,elastic_net_cox,"{""l1_ratio"": 1.0, ""penalizer"": 0.1}",0.5268247242574092,,nested_tuning
4,1,clinical_plus_recast,elastic_net_cox,"{""l1_ratio"": 1.0, ""penalizer"": 1.0}",0.5103565765513317,,nested_tuning
4,1,clinical_plus_recast,xgb_aft,"{""colsample_bytree"": 0.8, ""eta"": 0.03, ""lambda"": 2.0, ""max_depth"": 1, ""min_child_weight"": 5, ""num_boost_round"": 150, ""subsample"": 0.8}",0.49835792611606966,,nested_tuning
4,1,clinical_plus_recast,xgb_aft,"{""colsample_bytree"": 0.8, ""eta"": 0.03, ""lambda"": 2.0, ""max_depth"": 2, ""min_child_weight"": 5, ""num_boost_round"": 150, ""subsample"": 0.8}",0.5173567705873713,,nested_tuning
4,1,clinical_plus_recast,xgb_aft,"{""colsample_bytree"": 0.8, ""eta"": 0.1, ""lambda"": 2.0, ""max_depth"": 1, ""min_child_weight"": 5, ""num_boost_round"": 150, ""subsample"": 0.8}",0.5209888501451229,,nested_tuning
4,1,clinical_plus_recast,xgb_aft,"{""colsample_bytree"": 0.8, ""eta"": 0.1, ""lambda"": 2.0, ""max_depth"": 2, ""min_child_weight"": 5, ""num_boost_round"": 150, ""subsample"": 0.8}",0.5452325888760159,,nested_tuning
4,1,clinical_plus_recast,random_survival_forest,"{""max_features"": ""sqrt"", ""min_samples_leaf"": 5, ""n_estimators"": 500}",0.47627439553643564,,nested_tuning
4,1,clinical_plus_recast,random_survival_forest,"{""max_features"": 0.5, ""min_samples_leaf"": 5, ""n_estimators"": 500}",0.4884608866246706,,nested_tuning
4,1,clinical_plus_recast,random_survival_forest,"{""max_features"": ""sqrt"", ""min_samples_leaf"": 10, ""n_estimators"": 500}",0.46860427240371777,,nested_tuning
4,1,clinical_plus_recast,random_survival_forest,"{""max_features"": 0.5, ""min_samples_leaf"": 10, ""n_estimators"": 500}",0.47768301181284134,,nested_tuning
4,1,full,survivalpfn,{},,,single_candidate_no_tuning
4,1,full,elastic_net_cox,"{""l1_ratio"": 0.0, ""penalizer"": 0.01}",0.5758685259627541,,nested_tuning
4,1,full,elastic_net_cox,"{""l1_ratio"": 0.5, ""penalizer"": 0.01}",0.5790949062972076,,nested_tuning
4,1,full,elastic_net_cox,"{""l1_ratio"": 0.0, ""penalizer"": 0.1}",0.5397418418445288,,nested_tuning
4,1,full,elastic_net_cox,"{""l1_ratio"": 0.5, ""penalizer"": 0.1}",0.5158643580729486,,nested_tuning
4,1,full,elastic_net_cox,"{""l1_ratio"": 0.0, ""penalizer"": 1.0}",0.5228714237048854,,nested_tuning
4,1,full,elastic_net_cox,"{""l1_ratio"": 0.5, ""penalizer"": 1.0}",0.48169664221239367,,nested_tuning
4,1,full,elastic_net_cox,"{""l1_ratio"": 1.0, ""penalizer"": 0.1}",0.5402139966665129,,nested_tuning
4,1,full,elastic_net_cox,"{""l1_ratio"": 1.0, ""penalizer"": 1.0}",0.48169664221239367,,nested_tuning
4,1,full,xgb_aft,"{""colsample_bytree"": 0.8, ""eta"": 0.03, ""lambda"": 2.0, ""max_depth"": 1, ""min_child_weight"": 5, ""num_boost_round"": 150, ""subsample"": 0.8}",0.43239591011452616,,nested_tuning
4,1,full,xgb_aft,"{""colsample_bytree"": 0.8, ""eta"": 0.03, ""lambda"": 2.0, ""max_depth"": 2, ""min_child_weight"": 5, ""num_boost_round"": 150, ""subsample"": 0.8}",0.49471385544116414,,nested_tuning
4,1,full,xgb_aft,"{""colsample_bytree"": 0.8, ""eta"": 0.1, ""lambda"": 2.0, ""max_depth"": 1, ""min_child_weight"": 5, ""num_boost_round"": 150, ""subsample"": 0.8}",0.5273186980012698,,nested_tuning
4,1,full,xgb_aft,"{""colsample_bytree"": 0.8, ""eta"": 0.1, ""lambda"": 2.0, ""max_depth"": 2, ""min_child_weight"": 5, ""num_boost_round"": 150, ""subsample"": 0.8}",0.5925916342755024,,nested_tuning
4,1,full,random_survival_forest,"{""max_features"": ""sqrt"", ""min_samples_leaf"": 5, ""n_estimators"": 500}",0.5073645972656008,,nested_tuning
4,1,full,random_survival_forest,"{""max_features"": 0.5, ""min_samples_leaf"": 5, ""n_estimators"": 500}",0.4880555605178999,,nested_tuning
4,1,full,random_survival_forest,"{""max_features"": ""sqrt"", ""min_samples_leaf"": 10, ""n_estimators"": 500}",0.4906250340248381,,nested_tuning
4,1,full,random_survival_forest,"{""max_features"": 0.5, ""min_samples_leaf"": 10, ""n_estimators"": 500}",0.5002521540429624,,nested_tuning
4,2,clinical,survivalpfn,{},,,single_candidate_no_tuning
4,2,clinical,elastic_net_cox,"{""l1_ratio"": 0.0, ""penalizer"": 0.01}",0.6214792356139318,,nested_tuning
4,2,clinical,elastic_net_cox,"{""l1_ratio"": 0.5, ""penalizer"": 0.01}",0.6157197921364026,,nested_tuning
4,2,clinical,elastic_net_cox,"{""l1_ratio"": 0.0, ""penalizer"": 0.1}",0.5985222265718061,,nested_tuning
4,2,clinical,elastic_net_cox,"{""l1_ratio"": 0.5, ""penalizer"": 0.1}",0.591659375260423,,nested_tuning
4,2,clinical,elastic_net_cox,"{""l1_ratio"": 0.0, ""penalizer"": 1.0}",0.6053171419389658,,nested_tuning
4,2,clinical,elastic_net_cox,"{""l1_ratio"": 0.5, ""penalizer"": 1.0}",0.6057131658871946,,nested_tuning
4,2,clinical,elastic_net_cox,"{""l1_ratio"": 1.0, ""penalizer"": 0.1}",0.5831006480201778,,nested_tuning
4,2,clinical,elastic_net_cox,"{""l1_ratio"": 1.0, ""penalizer"": 1.0}",0.6057131658871946,,nested_tuning
4,2,clinical,xgb_aft,"{""colsample_bytree"": 0.8, ""eta"": 0.03, ""lambda"": 2.0, ""max_depth"": 1, ""min_child_weight"": 5, ""num_boost_round"": 150, ""subsample"": 0.8}",0.5231415130928738,,nested_tuning
4,2,clinical,xgb_aft,"{""colsample_bytree"": 0.8, ""eta"": 0.03, ""lambda"": 2.0, ""max_depth"": 2, ""min_child_weight"": 5, ""num_boost_round"": 150, ""subsample"": 0.8}",0.5450972866869221,,nested_tuning
4,2,clinical,xgb_aft,"{""colsample_bytree"": 0.8, ""eta"": 0.1, ""lambda"": 2.0, ""max_depth"": 1, ""min_child_weight"": 5, ""num_boost_round"": 150, ""subsample"": 0.8}",0.5634900319121656,,nested_tuning
4,2,clinical,xgb_aft,"{""colsample_bytree"": 0.8, ""eta"": 0.1, ""lambda"": 2.0, ""max_depth"": 2, ""min_child_weight"": 5, ""num_boost_round"": 150, ""subsample"": 0.8}",0.6124421325848757,,nested_tuning
4,2,clinical,random_survival_forest,"{""max_features"": ""sqrt"", ""min_samples_leaf"": 5, ""n_estimators"": 500}",0.5870171046453491,,nested_tuning
4,2,clinical,random_survival_forest,"{""max_features"": 0.5, ""min_samples_leaf"": 5, ""n_estimators"": 500}",0.569225013657309,,nested_tuning
4,2,clinical,random_survival_forest,"{""max_features"": ""sqrt"", ""min_samples_leaf"": 10, ""n_estimators"": 500}",0.6052946867983467,,nested_tuning
4,2,clinical,random_survival_forest,"{""max_features"": 0.5, ""min_samples_leaf"": 10, ""n_estimators"": 500}",0.5740826176924433,,nested_tuning
4,2,clinical_plus_pathway,survivalpfn,{},,,single_candidate_no_tuning
4,2,clinical_plus_pathway,elastic_net_cox,"{""l1_ratio"": 0.0, ""penalizer"": 0.01}",0.5982490164757912,,nested_tuning
4,2,clinical_plus_pathway,elastic_net_cox,"{""l1_ratio"": 0.5, ""penalizer"": 0.01}",0.5793491038770099,,nested_tuning
4,2,clinical_plus_pathway,elastic_net_cox,"{""l1_ratio"": 0.0, ""penalizer"": 0.1}",0.5655880692858346,,nested_tuning
4,2,clinical_plus_pathway,elastic_net_cox,"{""l1_ratio"": 0.5, ""penalizer"": 0.1}",0.5349544341643814,,nested_tuning
4,2,clinical_plus_pathway,elastic_net_cox,"{""l1_ratio"": 0.0, ""penalizer"": 1.0}",0.5098340645125867,,nested_tuning
4,2,clinical_plus_pathway,elastic_net_cox,"{""l1_ratio"": 0.5, ""penalizer"": 1.0}",0.500569280750244,,nested_tuning
4,2,clinical_plus_pathway,elastic_net_cox,"{""l1_ratio"": 1.0, ""penalizer"": 0.1}",0.5027942442627888,,nested_tuning
4,2,clinical_plus_pathway,elastic_net_cox,"{""l1_ratio"": 1.0, ""penalizer"": 1.0}",0.5019746320386238,,nested_tuning
4,2,clinical_plus_pathway,xgb_aft,"{""colsample_bytree"": 0.8, ""eta"": 0.03, ""lambda"": 2.0, ""max_depth"": 1, ""min_child_weight"": 5, ""num_boost_round"": 150, ""subsample"": 0.8}",0.4746364300590762,,nested_tuning
4,2,clinical_plus_pathway,xgb_aft,"{""colsample_bytree"": 0.8, ""eta"": 0.03, ""lambda"": 2.0, ""max_depth"": 2, ""min_child_weight"": 5, ""num_boost_round"": 150, ""subsample"": 0.8}",0.4924136248452205,,nested_tuning
4,2,clinical_plus_pathway,xgb_aft,"{""colsample_bytree"": 0.8, ""eta"": 0.1, ""lambda"": 2.0, ""max_depth"": 1, ""min_child_weight"": 5, ""num_boost_round"": 150, ""subsample"": 0.8}",0.5248130312205195,,nested_tuning
4,2,clinical_plus_pathway,xgb_aft,"{""colsample_bytree"": 0.8, ""eta"": 0.1, ""lambda"": 2.0, ""max_depth"": 2, ""min_child_weight"": 5, ""num_boost_round"": 150, ""subsample"": 0.8}",0.5464219551405012,,nested_tuning
4,2,clinical_plus_pathway,random_survival_forest,"{""max_features"": ""sqrt"", ""min_samples_leaf"": 5, ""n_estimators"": 500}",0.49214951825505193,,nested_tuning
4,2,clinical_plus_pathway,random_survival_forest,"{""max_features"": 0.5, ""min_samples_leaf"": 5, ""n_estimators"": 500}",0.4622769320802569,,nested_tuning
4,2,clinical_plus_pathway,random_survival_forest,"{""max_features"": ""sqrt"", ""min_samples_leaf"": 10, ""n_estimators"": 500}",0.5050485022739273,,nested_tuning
4,2,clinical_plus_pathway,random_survival_forest,"{""max_features"": 0.5, ""min_samples_leaf"": 10, ""n_estimators"": 500}",0.5312543833558635,,nested_tuning
4,2,clinical_plus_recast,survivalpfn,{},,,single_candidate_no_tuning
4,2,clinical_plus_recast,elastic_net_cox,"{""l1_ratio"": 0.0, ""penalizer"": 0.01}",0.6019384303171037,,nested_tuning
4,2,clinical_plus_recast,elastic_net_cox,"{""l1_ratio"": 0.5, ""penalizer"": 0.01}",0.5942417888237752,,nested_tuning
4,2,clinical_plus_recast,elastic_net_cox,"{""l1_ratio"": 0.0, ""penalizer"": 0.1}",0.5926251912833068,,nested_tuning
4,2,clinical_plus_recast,elastic_net_cox,"{""l1_ratio"": 0.5, ""penalizer"": 0.1}",0.5826166701157909,,nested_tuning
4,2,clinical_plus_recast,elastic_net_cox,"{""l1_ratio"": 0.0, ""penalizer"": 1.0}",0.5698922839979101,,nested_tuning
4,2,clinical_plus_recast,elastic_net_cox,"{""l1_ratio"": 0.5, ""penalizer"": 1.0}",0.5607823180189521,,nested_tuning
4,2,clinical_plus_recast,elastic_net_cox,"{""l1_ratio"": 1.0, ""penalizer"": 0.1}",0.5472526339930766,,nested_tuning
4,2,clinical_plus_recast,elastic_net_cox,"{""l1_ratio"": 1.0, ""penalizer"": 1.0}",0.5612676225561238,,nested_tuning
4,2,clinical_plus_recast,xgb_aft,"{""colsample_bytree"": 0.8, ""eta"": 0.03, ""lambda"": 2.0, ""max_depth"": 1, ""min_child_weight"": 5, ""num_boost_round"": 150, ""subsample"": 0.8}",0.4759338996178106,,nested_tuning
4,2,clinical_plus_recast,xgb_aft,"{""colsample_bytree"": 0.8, ""eta"": 0.03, ""lambda"": 2.0, ""max_depth"": 2, ""min_child_weight"": 5, ""num_boost_round"": 150, ""subsample"": 0.8}",0.4907420984084763,,nested_tuning
4,2,clinical_plus_recast,xgb_aft,"{""colsample_bytree"": 0.8, ""eta"": 0.1, ""lambda"": 2.0, ""max_depth"": 1, ""min_child_weight"": 5, ""num_boost_round"": 150, ""subsample"": 0.8}",0.5309212276499138,,nested_tuning
4,2,clinical_plus_recast,xgb_aft,"{""colsample_bytree"": 0.8, ""eta"": 0.1, ""lambda"": 2.0, ""max_depth"": 2, ""min_child_weight"": 5, ""num_boost_round"": 150, ""subsample"": 0.8}",0.507469086680038,,nested_tuning
4,2,clinical_plus_recast,random_survival_forest,"{""max_features"": ""sqrt"", ""min_samples_leaf"": 5, ""n_estimators"": 500}",0.4937947656201697,,nested_tuning
4,2,clinical_plus_recast,random_survival_forest,"{""max_features"": 0.5, ""min_samples_leaf"": 5, ""n_estimators"": 500}",0.4734934610287068,,nested_tuning
4,2,clinical_plus_recast,random_survival_forest,"{""max_features"": ""sqrt"", ""min_samples_leaf"": 10, ""n_estimators"": 500}",0.48140146818264046,,nested_tuning
4,2,clinical_plus_recast,random_survival_forest,"{""max_features"": 0.5, ""min_samples_leaf"": 10, ""n_estimators"": 500}",0.4735936506321985,,nested_tuning
4,2,full,survivalpfn,{},,,single_candidate_no_tuning
4,2,full,elastic_net_cox,"{""l1_ratio"": 0.0, ""penalizer"": 0.01}",0.5849591615465406,,nested_tuning
4,2,full,elastic_net_cox,"{""l1_ratio"": 0.5, ""penalizer"": 0.01}",0.5675069072200638,,nested_tuning
4,2,full,elastic_net_cox,"{""l1_ratio"": 0.0, ""penalizer"": 0.1}",0.5536495444412125,,nested_tuning
4,2,full,elastic_net_cox,"{""l1_ratio"": 0.5, ""penalizer"": 0.1}",0.5418785348666342,,nested_tuning
4,2,full,elastic_net_cox,"{""l1_ratio"": 0.0, ""penalizer"": 1.0}",0.5233706593936821,,nested_tuning
4,2,full,elastic_net_cox,"{""l1_ratio"": 0.5, ""penalizer"": 1.0}",0.48895998802123547,,nested_tuning
4,2,full,elastic_net_cox,"{""l1_ratio"": 1.0, ""penalizer"": 0.1}",0.49535484587326883,,nested_tuning
4,2,full,elastic_net_cox,"{""l1_ratio"": 1.0, ""penalizer"": 1.0}",0.48941976099932416,,nested_tuning
4,2,full,xgb_aft,"{""colsample_bytree"": 0.8, ""eta"": 0.03, ""lambda"": 2.0, ""max_depth"": 1, ""min_child_weight"": 5, ""num_boost_round"": 150, ""subsample"": 0.8}",0.42076186613171074,,nested_tuning
4,2,full,xgb_aft,"{""colsample_bytree"": 0.8, ""eta"": 0.03, ""lambda"": 2.0, ""max_depth"": 2, ""min_child_weight"": 5, ""num_boost_round"": 150, ""subsample"": 0.8}",0.4301135625815914,,nested_tuning
4,2,full,xgb_aft,"{""colsample_bytree"": 0.8, ""eta"": 0.1, ""lambda"": 2.0, ""max_depth"": 1, ""min_child_weight"": 5, ""num_boost_round"": 150, ""subsample"": 0.8}",0.46675018936318236,,nested_tuning
4,2,full,xgb_aft,"{""colsample_bytree"": 0.8, ""eta"": 0.1, ""lambda"": 2.0, ""max_depth"": 2, ""min_child_weight"": 5, ""num_boost_round"": 150, ""subsample"": 0.8}",0.46088648036274626,,nested_tuning
4,2,full,random_survival_forest,"{""max_features"": ""sqrt"", ""min_samples_leaf"": 5, ""n_estimators"": 500}",0.4885853171811336,,nested_tuning
4,2,full,random_survival_forest,"{""max_features"": 0.5, ""min_samples_leaf"": 5, ""n_estimators"": 500}",0.42674615880524025,,nested_tuning
4,2,full,random_survival_forest,"{""max_features"": ""sqrt"", ""min_samples_leaf"": 10, ""n_estimators"": 500}",0.4871735043996003,,nested_tuning
4,2,full,random_survival_forest,"{""max_features"": 0.5, ""min_samples_leaf"": 10, ""n_estimators"": 500}",0.45511261956761645,,nested_tuning
4,3,clinical,survivalpfn,{},,,single_candidate_no_tuning
4,3,clinical,elastic_net_cox,"{""l1_ratio"": 0.0, ""penalizer"": 0.01}",0.6481901521644744,,nested_tuning
4,3,clinical,elastic_net_cox,"{""l1_ratio"": 0.5, ""penalizer"": 0.01}",0.6475009224989101,,nested_tuning
4,3,clinical,elastic_net_cox,"{""l1_ratio"": 0.0, ""penalizer"": 0.1}",0.6453191912805466,,nested_tuning
4,3,clinical,elastic_net_cox,"{""l1_ratio"": 0.5, ""penalizer"": 0.1}",0.6365785282379541,,nested_tuning
4,3,clinical,elastic_net_cox,"{""l1_ratio"": 0.0, ""penalizer"": 1.0}",0.6337429692835184,,nested_tuning
4,3,clinical,elastic_net_cox,"{""l1_ratio"": 0.5, ""penalizer"": 1.0}",0.6357758164596157,,nested_tuning
4,3,clinical,elastic_net_cox,"{""l1_ratio"": 1.0, ""penalizer"": 0.1}",0.6470073621148058,,nested_tuning
4,3,clinical,elastic_net_cox,"{""l1_ratio"": 1.0, ""penalizer"": 1.0}",0.6357758164596157,,nested_tuning
4,3,clinical,xgb_aft,"{""colsample_bytree"": 0.8, ""eta"": 0.03, ""lambda"": 2.0, ""max_depth"": 1, ""min_child_weight"": 5, ""num_boost_round"": 150, ""subsample"": 0.8}",0.5937767378127109,,nested_tuning
4,3,clinical,xgb_aft,"{""colsample_bytree"": 0.8, ""eta"": 0.03, ""lambda"": 2.0, ""max_depth"": 2, ""min_child_weight"": 5, ""num_boost_round"": 150, ""subsample"": 0.8}",0.5555379277829564,,nested_tuning
4,3,clinical,xgb_aft,"{""colsample_bytree"": 0.8, ""eta"": 0.1, ""lambda"": 2.0, ""max_depth"": 1, ""min_child_weight"": 5, ""num_boost_round"": 150, ""subsample"": 0.8}",0.5800863472225855,,nested_tuning
4,3,clinical,xgb_aft,"{""colsample_bytree"": 0.8, ""eta"": 0.1, ""lambda"": 2.0, ""max_depth"": 2, ""min_child_weight"": 5, ""num_boost_round"": 150, ""subsample"": 0.8}",0.547689682820825,,nested_tuning
4,3,clinical,random_survival_forest,"{""max_features"": ""sqrt"", ""min_samples_leaf"": 5, ""n_estimators"": 500}",0.591737515148496,,nested_tuning
4,3,clinical,random_survival_forest,"{""max_features"": 0.5, ""min_samples_leaf"": 5, ""n_estimators"": 500}",0.5873512204191446,,nested_tuning
4,3,clinical,random_survival_forest,"{""max_features"": ""sqrt"", ""min_samples_leaf"": 10, ""n_estimators"": 500}",0.6164540351223442,,nested_tuning
4,3,clinical,random_survival_forest,"{""max_features"": 0.5, ""min_samples_leaf"": 10, ""n_estimators"": 500}",0.6025414558657617,,nested_tuning
4,3,clinical_plus_pathway,survivalpfn,{},,,single_candidate_no_tuning
4,3,clinical_plus_pathway,elastic_net_cox,"{""l1_ratio"": 0.0, ""penalizer"": 0.01}",0.5473213014979421,,nested_tuning
4,3,clinical_plus_pathway,elastic_net_cox,"{""l1_ratio"": 0.5, ""penalizer"": 0.01}",0.5511490126108425,,nested_tuning
4,3,clinical_plus_pathway,elastic_net_cox,"{""l1_ratio"": 0.0, ""penalizer"": 0.1}",0.5632191321942384,,nested_tuning
4,3,clinical_plus_pathway,elastic_net_cox,"{""l1_ratio"": 0.5, ""penalizer"": 0.1}",0.5388141803129249,,nested_tuning
4,3,clinical_plus_pathway,elastic_net_cox,"{""l1_ratio"": 0.0, ""penalizer"": 1.0}",0.5205500130547719,,nested_tuning
4,3,clinical_plus_pathway,elastic_net_cox,"{""l1_ratio"": 0.5, ""penalizer"": 1.0}",0.42923686992697996,,nested_tuning
4,3,clinical_plus_pathway,elastic_net_cox,"{""l1_ratio"": 1.0, ""penalizer"": 0.1}",0.4663206375331278,,nested_tuning
4,3,clinical_plus_pathway,elastic_net_cox,"{""l1_ratio"": 1.0, ""penalizer"": 1.0}",0.42923686992697996,,nested_tuning
4,3,clinical_plus_pathway,xgb_aft,"{""colsample_bytree"": 0.8, ""eta"": 0.03, ""lambda"": 2.0, ""max_depth"": 1, ""min_child_weight"": 5, ""num_boost_round"": 150, ""subsample"": 0.8}",0.45942547287346586,,nested_tuning
4,3,clinical_plus_pathway,xgb_aft,"{""colsample_bytree"": 0.8, ""eta"": 0.03, ""lambda"": 2.0, ""max_depth"": 2, ""min_child_weight"": 5, ""num_boost_round"": 150, ""subsample"": 0.8}",0.5115938714473682,,nested_tuning
4,3,clinical_plus_pathway,xgb_aft,"{""colsample_bytree"": 0.8, ""eta"": 0.1, ""lambda"": 2.0, ""max_depth"": 1, ""min_child_weight"": 5, ""num_boost_round"": 150, ""subsample"": 0.8}",0.494125022520415,,nested_tuning
4,3,clinical_plus_pathway,xgb_aft,"{""colsample_bytree"": 0.8, ""eta"": 0.1, ""lambda"": 2.0, ""max_depth"": 2, ""min_child_weight"": 5, ""num_boost_round"": 150, ""subsample"": 0.8}",0.5263688596728968,,nested_tuning
4,3,clinical_plus_pathway,random_survival_forest,"{""max_features"": ""sqrt"", ""min_samples_leaf"": 5, ""n_estimators"": 500}",0.4828668837783977,,nested_tuning
4,3,clinical_plus_pathway,random_survival_forest,"{""max_features"": 0.5, ""min_samples_leaf"": 5, ""n_estimators"": 500}",0.5012045550620821,,nested_tuning
4,3,clinical_plus_pathway,random_survival_forest,"{""max_features"": ""sqrt"", ""min_samples_leaf"": 10, ""n_estimators"": 500}",0.4437043495845281,,nested_tuning
4,3,clinical_plus_pathway,random_survival_forest,"{""max_features"": 0.5, ""min_samples_leaf"": 10, ""n_estimators"": 500}",0.5086944415873051,,nested_tuning
4,3,clinical_plus_recast,survivalpfn,{},,,single_candidate_no_tuning
4,3,clinical_plus_recast,elastic_net_cox,"{""l1_ratio"": 0.0, ""penalizer"": 0.01}",0.6596451662214635,,nested_tuning
4,3,clinical_plus_recast,elastic_net_cox,"{""l1_ratio"": 0.5, ""penalizer"": 0.01}",0.6502371064795317,,nested_tuning
4,3,clinical_plus_recast,elastic_net_cox,"{""l1_ratio"": 0.0, ""penalizer"": 0.1}",0.6447070240950384,,nested_tuning
4,3,clinical_plus_recast,elastic_net_cox,"{""l1_ratio"": 0.5, ""penalizer"": 0.1}",0.6383664841403743,,nested_tuning
4,3,clinical_plus_recast,elastic_net_cox,"{""l1_ratio"": 0.0, ""penalizer"": 1.0}",0.6320711545433481,,nested_tuning
4,3,clinical_plus_recast,elastic_net_cox,"{""l1_ratio"": 0.5, ""penalizer"": 1.0}",0.6335030124708471,,nested_tuning
4,3,clinical_plus_recast,elastic_net_cox,"{""l1_ratio"": 1.0, ""penalizer"": 0.1}",0.5780787572746038,,nested_tuning
4,3,clinical_plus_recast,elastic_net_cox,"{""l1_ratio"": 1.0, ""penalizer"": 1.0}",0.6323036542739459,,nested_tuning
4,3,clinical_plus_recast,xgb_aft,"{""colsample_bytree"": 0.8, ""eta"": 0.03, ""lambda"": 2.0, ""max_depth"": 1, ""min_child_weight"": 5, ""num_boost_round"": 150, ""subsample"": 0.8}",0.4757487200971703,,nested_tuning
4,3,clinical_plus_recast,xgb_aft,"{""colsample_bytree"": 0.8, ""eta"": 0.03, ""lambda"": 2.0, ""max_depth"": 2, ""min_child_weight"": 5, ""num_boost_round"": 150, ""subsample"": 0.8}",0.5211506775532175,,nested_tuning
4,3,clinical_plus_recast,xgb_aft,"{""colsample_bytree"": 0.8, ""eta"": 0.1, ""lambda"": 2.0, ""max_depth"": 1, ""min_child_weight"": 5, ""num_boost_round"": 150, ""subsample"": 0.8}",0.5164522924621975,,nested_tuning
4,3,clinical_plus_recast,xgb_aft,"{""colsample_bytree"": 0.8, ""eta"": 0.1, ""lambda"": 2.0, ""max_depth"": 2, ""min_child_weight"": 5, ""num_boost_round"": 150, ""subsample"": 0.8}",0.5600434286358151,,nested_tuning
4,3,clinical_plus_recast,random_survival_forest,"{""max_features"": ""sqrt"", ""min_samples_leaf"": 5, ""n_estimators"": 500}",0.5858772678038868,,nested_tuning
4,3,clinical_plus_recast,random_survival_forest,"{""max_features"": 0.5, ""min_samples_leaf"": 5, ""n_estimators"": 500}",0.567837517084299,,nested_tuning
4,3,clinical_plus_recast,random_survival_forest,"{""max_features"": ""sqrt"", ""min_samples_leaf"": 10, ""n_estimators"": 500}",0.593275142355046,,nested_tuning
4,3,clinical_plus_recast,random_survival_forest,"{""max_features"": 0.5, ""min_samples_leaf"": 10, ""n_estimators"": 500}",0.5707769333142245,,nested_tuning
4,3,full,survivalpfn,{},,,single_candidate_no_tuning
4,3,full,elastic_net_cox,"{""l1_ratio"": 0.0, ""penalizer"": 0.01}",0.5829967767206828,,nested_tuning
4,3,full,elastic_net_cox,"{""l1_ratio"": 0.5, ""penalizer"": 0.01}",0.5856556455025073,,nested_tuning
4,3,full,elastic_net_cox,"{""l1_ratio"": 0.0, ""penalizer"": 0.1}",0.5886379114625283,,nested_tuning
4,3,full,elastic_net_cox,"{""l1_ratio"": 0.5, ""penalizer"": 0.1}",0.5717048237441283,,nested_tuning
4,3,full,elastic_net_cox,"{""l1_ratio"": 0.0, ""penalizer"": 1.0}",0.5323237661677249,,nested_tuning
4,3,full,elastic_net_cox,"{""l1_ratio"": 0.5, ""penalizer"": 1.0}",0.42820171712459976,,nested_tuning
4,3,full,elastic_net_cox,"{""l1_ratio"": 1.0, ""penalizer"": 0.1}",0.48428090883372793,,nested_tuning
4,3,full,elastic_net_cox,"{""l1_ratio"": 1.0, ""penalizer"": 1.0}",0.42820171712459976,,nested_tuning
4,3,full,xgb_aft,"{""colsample_bytree"": 0.8, ""eta"": 0.03, ""lambda"": 2.0, ""max_depth"": 1, ""min_child_weight"": 5, ""num_boost_round"": 150, ""subsample"": 0.8}",0.46177859482589745,,nested_tuning
4,3,full,xgb_aft,"{""colsample_bytree"": 0.8, ""eta"": 0.03, ""lambda"": 2.0, ""max_depth"": 2, ""min_child_weight"": 5, ""num_boost_round"": 150, ""subsample"": 0.8}",0.49017382156889594,,nested_tuning
4,3,full,xgb_aft,"{""colsample_bytree"": 0.8, ""eta"": 0.1, ""lambda"": 2.0, ""max_depth"": 1, ""min_child_weight"": 5, ""num_boost_round"": 150, ""subsample"": 0.8}",0.45682788168203464,,nested_tuning
4,3,full,xgb_aft,"{""colsample_bytree"": 0.8, ""eta"": 0.1, ""lambda"": 2.0, ""max_depth"": 2, ""min_child_weight"": 5, ""num_boost_round"": 150, ""subsample"": 0.8}",0.5132828455996647,,nested_tuning
4,3,full,random_survival_forest,"{""max_features"": ""sqrt"", ""min_samples_leaf"": 5, ""n_estimators"": 500}",0.4957818653873374,,nested_tuning
4,3,full,random_survival_forest,"{""max_features"": 0.5, ""min_samples_leaf"": 5, ""n_estimators"": 500}",0.5088841933388732,,nested_tuning
4,3,full,random_survival_forest,"{""max_features"": ""sqrt"", ""min_samples_leaf"": 10, ""n_estimators"": 500}",0.48588055869420554,,nested_tuning
4,3,full,random_survival_forest,"{""max_features"": 0.5, ""min_samples_leaf"": 10, ""n_estimators"": 500}",0.4694718554332128,,nested_tuning
4,4,clinical,survivalpfn,{},,,single_candidate_no_tuning
4,4,clinical,elastic_net_cox,"{""l1_ratio"": 0.0, ""penalizer"": 0.01}",0.5296630865181617,,nested_tuning
4,4,clinical,elastic_net_cox,"{""l1_ratio"": 0.5, ""penalizer"": 0.01}",0.5273365635400504,,nested_tuning
4,4,clinical,elastic_net_cox,"{""l1_ratio"": 0.0, ""penalizer"": 0.1}",0.5716506667800801,,nested_tuning
4,4,clinical,elastic_net_cox,"{""l1_ratio"": 0.5, ""penalizer"": 0.1}",0.558988646317769,,nested_tuning
4,4,clinical,elastic_net_cox,"{""l1_ratio"": 0.0, ""penalizer"": 1.0}",0.6216587210150635,,nested_tuning
4,4,clinical,elastic_net_cox,"{""l1_ratio"": 0.5, ""penalizer"": 1.0}",0.6271868647849672,,nested_tuning
4,4,clinical,elastic_net_cox,"{""l1_ratio"": 1.0, ""penalizer"": 0.1}",0.6287731084302643,,nested_tuning
4,4,clinical,elastic_net_cox,"{""l1_ratio"": 1.0, ""penalizer"": 1.0}",0.6259718290080505,,nested_tuning
4,4,clinical,xgb_aft,"{""colsample_bytree"": 0.8, ""eta"": 0.03, ""lambda"": 2.0, ""max_depth"": 1, ""min_child_weight"": 5, ""num_boost_round"": 150, ""subsample"": 0.8}",0.6043237465696514,,nested_tuning
4,4,clinical,xgb_aft,"{""colsample_bytree"": 0.8, ""eta"": 0.03, ""lambda"": 2.0, ""max_depth"": 2, ""min_child_weight"": 5, ""num_boost_round"": 150, ""subsample"": 0.8}",0.5978519607484203,,nested_tuning
4,4,clinical,xgb_aft,"{""colsample_bytree"": 0.8, ""eta"": 0.1, ""lambda"": 2.0, ""max_depth"": 1, ""min_child_weight"": 5, ""num_boost_round"": 150, ""subsample"": 0.8}",0.6072579748444111,,nested_tuning
4,4,clinical,xgb_aft,"{""colsample_bytree"": 0.8, ""eta"": 0.1, ""lambda"": 2.0, ""max_depth"": 2, ""min_child_weight"": 5, ""num_boost_round"": 150, ""subsample"": 0.8}",0.619849694302891,,nested_tuning
4,4,clinical,random_survival_forest,"{""max_features"": ""sqrt"", ""min_samples_leaf"": 5, ""n_estimators"": 500}",0.6069128146785552,,nested_tuning
4,4,clinical,random_survival_forest,"{""max_features"": 0.5, ""min_samples_leaf"": 5, ""n_estimators"": 500}",0.6136866387963428,,nested_tuning
4,4,clinical,random_survival_forest,"{""max_features"": ""sqrt"", ""min_samples_leaf"": 10, ""n_estimators"": 500}",0.6238746413181283,,nested_tuning
4,4,clinical,random_survival_forest,"{""max_features"": 0.5, ""min_samples_leaf"": 10, ""n_estimators"": 500}",0.6209659222067783,,nested_tuning
4,4,clinical_plus_pathway,survivalpfn,{},,,single_candidate_no_tuning
4,4,clinical_plus_pathway,elastic_net_cox,"{""l1_ratio"": 0.0, ""penalizer"": 0.01}",0.5873151362379397,,nested_tuning
4,4,clinical_plus_pathway,elastic_net_cox,"{""l1_ratio"": 0.5, ""penalizer"": 0.01}",0.5775782082546629,,nested_tuning
4,4,clinical_plus_pathway,elastic_net_cox,"{""l1_ratio"": 0.0, ""penalizer"": 0.1}",0.628832954000321,,nested_tuning
4,4,clinical_plus_pathway,elastic_net_cox,"{""l1_ratio"": 0.5, ""penalizer"": 0.1}",0.5616990019471286,,nested_tuning
4,4,clinical_plus_pathway,elastic_net_cox,"{""l1_ratio"": 0.0, ""penalizer"": 1.0}",0.6047401803377811,,nested_tuning
4,4,clinical_plus_pathway,elastic_net_cox,"{""l1_ratio"": 0.5, ""penalizer"": 1.0}",0.5893254404310626,,nested_tuning
4,4,clinical_plus_pathway,elastic_net_cox,"{""l1_ratio"": 1.0, ""penalizer"": 0.1}",0.5488224495427692,,nested_tuning
4,4,clinical_plus_pathway,elastic_net_cox,"{""l1_ratio"": 1.0, ""penalizer"": 1.0}",0.5887387488141942,,nested_tuning
4,4,clinical_plus_pathway,xgb_aft,"{""colsample_bytree"": 0.8, ""eta"": 0.03, ""lambda"": 2.0, ""max_depth"": 1, ""min_child_weight"": 5, ""num_boost_round"": 150, ""subsample"": 0.8}",0.5789704919090025,,nested_tuning
4,4,clinical_plus_pathway,xgb_aft,"{""colsample_bytree"": 0.8, ""eta"": 0.03, ""lambda"": 2.0, ""max_depth"": 2, ""min_child_weight"": 5, ""num_boost_round"": 150, ""subsample"": 0.8}",0.5887051455985823,,nested_tuning
4,4,clinical_plus_pathway,xgb_aft,"{""colsample_bytree"": 0.8, ""eta"": 0.1, ""lambda"": 2.0, ""max_depth"": 1, ""min_child_weight"": 5, ""num_boost_round"": 150, ""subsample"": 0.8}",0.6028671509441528,,nested_tuning
4,4,clinical_plus_pathway,xgb_aft,"{""colsample_bytree"": 0.8, ""eta"": 0.1, ""lambda"": 2.0, ""max_depth"": 2, ""min_child_weight"": 5, ""num_boost_round"": 150, ""subsample"": 0.8}",0.5961762237563516,,nested_tuning
4,4,clinical_plus_pathway,random_survival_forest,"{""max_features"": ""sqrt"", ""min_samples_leaf"": 5, ""n_estimators"": 500}",0.5798668629945295,,nested_tuning
4,4,clinical_plus_pathway,random_survival_forest,"{""max_features"": 0.5, ""min_samples_leaf"": 5, ""n_estimators"": 500}",0.5977050227898832,,nested_tuning
4,4,clinical_plus_pathway,random_survival_forest,"{""max_features"": ""sqrt"", ""min_samples_leaf"": 10, ""n_estimators"": 500}",0.5796876478751781,,nested_tuning
4,4,clinical_plus_pathway,random_survival_forest,"{""max_features"": 0.5, ""min_samples_leaf"": 10, ""n_estimators"": 500}",0.5924263350905821,,nested_tuning
4,4,clinical_plus_recast,survivalpfn,{},,,single_candidate_no_tuning
4,4,clinical_plus_recast,elastic_net_cox,"{""l1_ratio"": 0.0, ""penalizer"": 0.01}",0.5096437668246623,,nested_tuning
4,4,clinical_plus_recast,elastic_net_cox,"{""l1_ratio"": 0.5, ""penalizer"": 0.01}",0.5130643056348341,,nested_tuning
4,4,clinical_plus_recast,elastic_net_cox,"{""l1_ratio"": 0.0, ""penalizer"": 0.1}",0.5530781619553691,,nested_tuning
4,4,clinical_plus_recast,elastic_net_cox,"{""l1_ratio"": 0.5, ""penalizer"": 0.1}",0.5590342233133414,,nested_tuning
4,4,clinical_plus_recast,elastic_net_cox,"{""l1_ratio"": 0.0, ""penalizer"": 1.0}",0.606083487240012,,nested_tuning
4,4,clinical_plus_recast,elastic_net_cox,"{""l1_ratio"": 0.5, ""penalizer"": 1.0}",0.6002029856573392,,nested_tuning
4,4,clinical_plus_recast,elastic_net_cox,"{""l1_ratio"": 1.0, ""penalizer"": 0.1}",0.6047266592481936,,nested_tuning
4,4,clinical_plus_recast,elastic_net_cox,"{""l1_ratio"": 1.0, ""penalizer"": 1.0}",0.6018778653353133,,nested_tuning
4,4,clinical_plus_recast,xgb_aft,"{""colsample_bytree"": 0.8, ""eta"": 0.03, ""lambda"": 2.0, ""max_depth"": 1, ""min_child_weight"": 5, ""num_boost_round"": 150, ""subsample"": 0.8}",0.45572466922899024,,nested_tuning
4,4,clinical_plus_recast,xgb_aft,"{""colsample_bytree"": 0.8, ""eta"": 0.03, ""lambda"": 2.0, ""max_depth"": 2, ""min_child_weight"": 5, ""num_boost_round"": 150, ""subsample"": 0.8}",0.446600880841681,,nested_tuning
4,4,clinical_plus_recast,xgb_aft,"{""colsample_bytree"": 0.8, ""eta"": 0.1, ""lambda"": 2.0, ""max_depth"": 1, ""min_child_weight"": 5, ""num_boost_round"": 150, ""subsample"": 0.8}",0.512637544587596,,nested_tuning
4,4,clinical_plus_recast,xgb_aft,"{""colsample_bytree"": 0.8, ""eta"": 0.1, ""lambda"": 2.0, ""max_depth"": 2, ""min_child_weight"": 5, ""num_boost_round"": 150, ""subsample"": 0.8}",0.4938793684457721,,nested_tuning
4,4,clinical_plus_recast,random_survival_forest,"{""max_features"": ""sqrt"", ""min_samples_leaf"": 5, ""n_estimators"": 500}",0.5113735555313628,,nested_tuning
4,4,clinical_plus_recast,random_survival_forest,"{""max_features"": 0.5, ""min_samples_leaf"": 5, ""n_estimators"": 500}",0.4448811282849369,,nested_tuning
4,4,clinical_plus_recast,random_survival_forest,"{""max_features"": ""sqrt"", ""min_samples_leaf"": 10, ""n_estimators"": 500}",0.5852077589012995,,nested_tuning
4,4,clinical_plus_recast,random_survival_forest,"{""max_features"": 0.5, ""min_samples_leaf"": 10, ""n_estimators"": 500}",0.5308802033512234,,nested_tuning
4,4,full,survivalpfn,{},,,single_candidate_no_tuning
4,4,full,elastic_net_cox,"{""l1_ratio"": 0.0, ""penalizer"": 0.01}",0.5668286547532153,,nested_tuning
4,4,full,elastic_net_cox,"{""l1_ratio"": 0.5, ""penalizer"": 0.01}",0.5683680903467616,,nested_tuning
4,4,full,elastic_net_cox,"{""l1_ratio"": 0.0, ""penalizer"": 0.1}",0.6091079436101965,,nested_tuning
4,4,full,elastic_net_cox,"{""l1_ratio"": 0.5, ""penalizer"": 0.1}",0.545551993650886,,nested_tuning
4,4,full,elastic_net_cox,"{""l1_ratio"": 0.0, ""penalizer"": 1.0}",0.6132333605841859,,nested_tuning
4,4,full,elastic_net_cox,"{""l1_ratio"": 0.5, ""penalizer"": 1.0}",0.5804239863678786,,nested_tuning
4,4,full,elastic_net_cox,"{""l1_ratio"": 1.0, ""penalizer"": 0.1}",0.5497028776214063,,nested_tuning
4,4,full,elastic_net_cox,"{""l1_ratio"": 1.0, ""penalizer"": 1.0}",0.5791801700409115,,nested_tuning
4,4,full,xgb_aft,"{""colsample_bytree"": 0.8, ""eta"": 0.03, ""lambda"": 2.0, ""max_depth"": 1, ""min_child_weight"": 5, ""num_boost_round"": 150, ""subsample"": 0.8}",0.562901878172391,,nested_tuning
4,4,full,xgb_aft,"{""colsample_bytree"": 0.8, ""eta"": 0.03, ""lambda"": 2.0, ""max_depth"": 2, ""min_child_weight"": 5, ""num_boost_round"": 150, ""subsample"": 0.8}",0.5674472463134795,,nested_tuning
4,4,full,xgb_aft,"{""colsample_bytree"": 0.8, ""eta"": 0.1, ""lambda"": 2.0, ""max_depth"": 1, ""min_child_weight"": 5, ""num_boost_round"": 150, ""subsample"": 0.8}",0.5713085127808217,,nested_tuning
4,4,full,xgb_aft,"{""colsample_bytree"": 0.8, ""eta"": 0.1, ""lambda"": 2.0, ""max_depth"": 2, ""min_child_weight"": 5, ""num_boost_round"": 150, ""subsample"": 0.8}",0.6083724043286013,,nested_tuning
4,4,full,random_survival_forest,"{""max_features"": ""sqrt"", ""min_samples_leaf"": 5, ""n_estimators"": 500}",0.5549023243414237,,nested_tuning
4,4,full,random_survival_forest,"{""max_features"": 0.5, ""min_samples_leaf"": 5, ""n_estimators"": 500}",0.5639363075745991,,nested_tuning
4,4,full,random_survival_forest,"{""max_features"": ""sqrt"", ""min_samples_leaf"": 10, ""n_estimators"": 500}",0.5794090683236739,,nested_tuning
4,4,full,random_survival_forest,"{""max_features"": 0.5, ""min_samples_leaf"": 10, ""n_estimators"": 500}",0.5756833551358218,,nested_tuning
5,0,clinical,survivalpfn,{},,,single_candidate_no_tuning
5,0,clinical,elastic_net_cox,"{""l1_ratio"": 0.0, ""penalizer"": 0.01}",0.5633459125352733,,nested_tuning
5,0,clinical,elastic_net_cox,"{""l1_ratio"": 0.5, ""penalizer"": 0.01}",0.5565948471972582,,nested_tuning
5,0,clinical,elastic_net_cox,"{""l1_ratio"": 0.0, ""penalizer"": 0.1}",0.5715865467559587,,nested_tuning
5,0,clinical,elastic_net_cox,"{""l1_ratio"": 0.5, ""penalizer"": 0.1}",0.4923328486346904,,nested_tuning
5,0,clinical,elastic_net_cox,"{""l1_ratio"": 0.0, ""penalizer"": 1.0}",0.5250101093352371,,nested_tuning
5,0,clinical,elastic_net_cox,"{""l1_ratio"": 0.5, ""penalizer"": 1.0}",0.5026129129763437,,nested_tuning
5,0,clinical,elastic_net_cox,"{""l1_ratio"": 1.0, ""penalizer"": 0.1}",0.5075583872158553,,nested_tuning
5,0,clinical,elastic_net_cox,"{""l1_ratio"": 1.0, ""penalizer"": 1.0}",0.5031782697753944,,nested_tuning
5,0,clinical,xgb_aft,"{""colsample_bytree"": 0.8, ""eta"": 0.03, ""lambda"": 2.0, ""max_depth"": 1, ""min_child_weight"": 5, ""num_boost_round"": 150, ""subsample"": 0.8}",0.5359297761265657,,nested_tuning
5,0,clinical,xgb_aft,"{""colsample_bytree"": 0.8, ""eta"": 0.03, ""lambda"": 2.0, ""max_depth"": 2, ""min_child_weight"": 5, ""num_boost_round"": 150, ""subsample"": 0.8}",0.482625558694034,,nested_tuning
5,0,clinical,xgb_aft,"{""colsample_bytree"": 0.8, ""eta"": 0.1, ""lambda"": 2.0, ""max_depth"": 1, ""min_child_weight"": 5, ""num_boost_round"": 150, ""subsample"": 0.8}",0.514343975676355,,nested_tuning
5,0,clinical,xgb_aft,"{""colsample_bytree"": 0.8, ""eta"": 0.1, ""lambda"": 2.0, ""max_depth"": 2, ""min_child_weight"": 5, ""num_boost_round"": 150, ""subsample"": 0.8}",0.4808950942720002,,nested_tuning
5,0,clinical,random_survival_forest,"{""max_features"": ""sqrt"", ""min_samples_leaf"": 5, ""n_estimators"": 500}",0.49408616511870385,,nested_tuning
5,0,clinical,random_survival_forest,"{""max_features"": 0.5, ""min_samples_leaf"": 5, ""n_estimators"": 500}",0.47954306531894353,,nested_tuning
5,0,clinical,random_survival_forest,"{""max_features"": ""sqrt"", ""min_samples_leaf"": 10, ""n_estimators"": 500}",0.49051213180534226,,nested_tuning
5,0,clinical,random_survival_forest,"{""max_features"": 0.5, ""min_samples_leaf"": 10, ""n_estimators"": 500}",0.48022142775785537,,nested_tuning
5,0,clinical_plus_pathway,survivalpfn,{},,,single_candidate_no_tuning
5,0,clinical_plus_pathway,elastic_net_cox,"{""l1_ratio"": 0.0, ""penalizer"": 0.01}",0.5787938945199066,,nested_tuning
5,0,clinical_plus_pathway,elastic_net_cox,"{""l1_ratio"": 0.5, ""penalizer"": 0.01}",0.5774684332390928,,nested_tuning
5,0,clinical_plus_pathway,elastic_net_cox,"{""l1_ratio"": 0.0, ""penalizer"": 0.1}",0.5548951462221701,,nested_tuning
5,0,clinical_plus_pathway,elastic_net_cox,"{""l1_ratio"": 0.5, ""penalizer"": 0.1}",0.5048043401036434,,nested_tuning
5,0,clinical_plus_pathway,elastic_net_cox,"{""l1_ratio"": 0.0, ""penalizer"": 1.0}",0.5267836027921293,,nested_tuning
5,0,clinical_plus_pathway,elastic_net_cox,"{""l1_ratio"": 0.5, ""penalizer"": 1.0}",0.5079680967677151,,nested_tuning
5,0,clinical_plus_pathway,elastic_net_cox,"{""l1_ratio"": 1.0, ""penalizer"": 0.1}",0.5271636175091148,,nested_tuning
5,0,clinical_plus_pathway,elastic_net_cox,"{""l1_ratio"": 1.0, ""penalizer"": 1.0}",0.5079680967677151,,nested_tuning
5,0,clinical_plus_pathway,xgb_aft,"{""colsample_bytree"": 0.8, ""eta"": 0.03, ""lambda"": 2.0, ""max_depth"": 1, ""min_child_weight"": 5, ""num_boost_round"": 150, ""subsample"": 0.8}",0.5623923581624997,,nested_tuning
5,0,clinical_plus_pathway,xgb_aft,"{""colsample_bytree"": 0.8, ""eta"": 0.03, ""lambda"": 2.0, ""max_depth"": 2, ""min_child_weight"": 5, ""num_boost_round"": 150, ""subsample"": 0.8}",0.5505146890168858,,nested_tuning
5,0,clinical_plus_pathway,xgb_aft,"{""colsample_bytree"": 0.8, ""eta"": 0.1, ""lambda"": 2.0, ""max_depth"": 1, ""min_child_weight"": 5, ""num_boost_round"": 150, ""subsample"": 0.8}",0.5605100438009223,,nested_tuning
5,0,clinical_plus_pathway,xgb_aft,"{""colsample_bytree"": 0.8, ""eta"": 0.1, ""lambda"": 2.0, ""max_depth"": 2, ""min_child_weight"": 5, ""num_boost_round"": 150, ""subsample"": 0.8}",0.5677822566497808,,nested_tuning
5,0,clinical_plus_pathway,random_survival_forest,"{""max_features"": ""sqrt"", ""min_samples_leaf"": 5, ""n_estimators"": 500}",0.563196985681226,,nested_tuning
5,0,clinical_plus_pathway,random_survival_forest,"{""max_features"": 0.5, ""min_samples_leaf"": 5, ""n_estimators"": 500}",0.5780799467710063,,nested_tuning
5,0,clinical_plus_pathway,random_survival_forest,"{""max_features"": ""sqrt"", ""min_samples_leaf"": 10, ""n_estimators"": 500}",0.5591896596387026,,nested_tuning
5,0,clinical_plus_pathway,random_survival_forest,"{""max_features"": 0.5, ""min_samples_leaf"": 10, ""n_estimators"": 500}",0.5891717072725127,,nested_tuning
5,0,clinical_plus_recast,survivalpfn,{},,,single_candidate_no_tuning
5,0,clinical_plus_recast,elastic_net_cox,"{""l1_ratio"": 0.0, ""penalizer"": 0.01}",0.4905147785268946,,nested_tuning
5,0,clinical_plus_recast,elastic_net_cox,"{""l1_ratio"": 0.5, ""penalizer"": 0.01}",0.5118879958574267,,nested_tuning
5,0,clinical_plus_recast,elastic_net_cox,"{""l1_ratio"": 0.0, ""penalizer"": 0.1}",0.505132395123477,,nested_tuning
5,0,clinical_plus_recast,elastic_net_cox,"{""l1_ratio"": 0.5, ""penalizer"": 0.1}",0.48408417771544976,,nested_tuning
5,0,clinical_plus_recast,elastic_net_cox,"{""l1_ratio"": 0.0, ""penalizer"": 1.0}",0.4940827427204606,,nested_tuning
5,0,clinical_plus_recast,elastic_net_cox,"{""l1_ratio"": 0.5, ""penalizer"": 1.0}",0.47656192759645916,,nested_tuning
5,0,clinical_plus_recast,elastic_net_cox,"{""l1_ratio"": 1.0, ""penalizer"": 0.1}",0.4879515779956886,,nested_tuning
5,0,clinical_plus_recast,elastic_net_cox,"{""l1_ratio"": 1.0, ""penalizer"": 1.0}",0.47656192759645916,,nested_tuning
5,0,clinical_plus_recast,xgb_aft,"{""colsample_bytree"": 0.8, ""eta"": 0.03, ""lambda"": 2.0, ""max_depth"": 1, ""min_child_weight"": 5, ""num_boost_round"": 150, ""subsample"": 0.8}",0.4437479811696522,,nested_tuning
5,0,clinical_plus_recast,xgb_aft,"{""colsample_bytree"": 0.8, ""eta"": 0.03, ""lambda"": 2.0, ""max_depth"": 2, ""min_child_weight"": 5, ""num_boost_round"": 150, ""subsample"": 0.8}",0.4254590237554702,,nested_tuning
5,0,clinical_plus_recast,xgb_aft,"{""colsample_bytree"": 0.8, ""eta"": 0.1, ""lambda"": 2.0, ""max_depth"": 1, ""min_child_weight"": 5, ""num_boost_round"": 150, ""subsample"": 0.8}",0.41408009609688157,,nested_tuning
5,0,clinical_plus_recast,xgb_aft,"{""colsample_bytree"": 0.8, ""eta"": 0.1, ""lambda"": 2.0, ""max_depth"": 2, ""min_child_weight"": 5, ""num_boost_round"": 150, ""subsample"": 0.8}",0.4048967975221759,,nested_tuning
5,0,clinical_plus_recast,random_survival_forest,"{""max_features"": ""sqrt"", ""min_samples_leaf"": 5, ""n_estimators"": 500}",0.4090963746539505,,nested_tuning
5,0,clinical_plus_recast,random_survival_forest,"{""max_features"": 0.5, ""min_samples_leaf"": 5, ""n_estimators"": 500}",0.3949109071624081,,nested_tuning
5,0,clinical_plus_recast,random_survival_forest,"{""max_features"": ""sqrt"", ""min_samples_leaf"": 10, ""n_estimators"": 500}",0.4508739985011756,,nested_tuning
5,0,clinical_plus_recast,random_survival_forest,"{""max_features"": 0.5, ""min_samples_leaf"": 10, ""n_estimators"": 500}",0.44546359892863335,,nested_tuning
5,0,full,survivalpfn,{},,,single_candidate_no_tuning
5,0,full,elastic_net_cox,"{""l1_ratio"": 0.0, ""penalizer"": 0.01}",0.531605335923149,,nested_tuning
5,0,full,elastic_net_cox,"{""l1_ratio"": 0.5, ""penalizer"": 0.01}",0.5340664403890577,,nested_tuning
5,0,full,elastic_net_cox,"{""l1_ratio"": 0.0, ""penalizer"": 0.1}",0.5313296802939995,,nested_tuning
5,0,full,elastic_net_cox,"{""l1_ratio"": 0.5, ""penalizer"": 0.1}",0.4829679665322453,,nested_tuning
5,0,full,elastic_net_cox,"{""l1_ratio"": 0.0, ""penalizer"": 1.0}",0.5183053643587384,,nested_tuning
5,0,full,elastic_net_cox,"{""l1_ratio"": 0.5, ""penalizer"": 1.0}",0.47385521257451196,,nested_tuning
5,0,full,elastic_net_cox,"{""l1_ratio"": 1.0, ""penalizer"": 0.1}",0.4946089108772058,,nested_tuning
5,0,full,elastic_net_cox,"{""l1_ratio"": 1.0, ""penalizer"": 1.0}",0.47385521257451196,,nested_tuning
5,0,full,xgb_aft,"{""colsample_bytree"": 0.8, ""eta"": 0.03, ""lambda"": 2.0, ""max_depth"": 1, ""min_child_weight"": 5, ""num_boost_round"": 150, ""subsample"": 0.8}",0.5279504527104425,,nested_tuning
5,0,full,xgb_aft,"{""colsample_bytree"": 0.8, ""eta"": 0.03, ""lambda"": 2.0, ""max_depth"": 2, ""min_child_weight"": 5, ""num_boost_round"": 150, ""subsample"": 0.8}",0.5155986278197731,,nested_tuning
5,0,full,xgb_aft,"{""colsample_bytree"": 0.8, ""eta"": 0.1, ""lambda"": 2.0, ""max_depth"": 1, ""min_child_weight"": 5, ""num_boost_round"": 150, ""subsample"": 0.8}",0.5257676025625155,,nested_tuning
5,0,full,xgb_aft,"{""colsample_bytree"": 0.8, ""eta"": 0.1, ""lambda"": 2.0, ""max_depth"": 2, ""min_child_weight"": 5, ""num_boost_round"": 150, ""subsample"": 0.8}",0.5244196669285751,,nested_tuning
5,0,full,random_survival_forest,"{""max_features"": ""sqrt"", ""min_samples_leaf"": 5, ""n_estimators"": 500}",0.5445859083717186,,nested_tuning
5,0,full,random_survival_forest,"{""max_features"": 0.5, ""min_samples_leaf"": 5, ""n_estimators"": 500}",0.5499933930763709,,nested_tuning
5,0,full,random_survival_forest,"{""max_features"": ""sqrt"", ""min_samples_leaf"": 10, ""n_estimators"": 500}",0.545641447848389,,nested_tuning
5,0,full,random_survival_forest,"{""max_features"": 0.5, ""min_samples_leaf"": 10, ""n_estimators"": 500}",0.5624022032999865,,nested_tuning
5,1,clinical,survivalpfn,{},,,single_candidate_no_tuning
5,1,clinical,elastic_net_cox,"{""l1_ratio"": 0.0, ""penalizer"": 0.01}",0.5956066368661441,,nested_tuning
5,1,clinical,elastic_net_cox,"{""l1_ratio"": 0.5, ""penalizer"": 0.01}",0.6074548683653274,,nested_tuning
5,1,clinical,elastic_net_cox,"{""l1_ratio"": 0.0, ""penalizer"": 0.1}",0.5988153381586435,,nested_tuning
5,1,clinical,elastic_net_cox,"{""l1_ratio"": 0.5, ""penalizer"": 0.1}",0.6009453494258206,,nested_tuning
5,1,clinical,elastic_net_cox,"{""l1_ratio"": 0.0, ""penalizer"": 1.0}",0.593003367346948,,nested_tuning
5,1,clinical,elastic_net_cox,"{""l1_ratio"": 0.5, ""penalizer"": 1.0}",0.5847484716294298,,nested_tuning
5,1,clinical,elastic_net_cox,"{""l1_ratio"": 1.0, ""penalizer"": 0.1}",0.5783088694806834,,nested_tuning
5,1,clinical,elastic_net_cox,"{""l1_ratio"": 1.0, ""penalizer"": 1.0}",0.5847484716294298,,nested_tuning
5,1,clinical,xgb_aft,"{""colsample_bytree"": 0.8, ""eta"": 0.03, ""lambda"": 2.0, ""max_depth"": 1, ""min_child_weight"": 5, ""num_boost_round"": 150, ""subsample"": 0.8}",0.5478020805732012,,nested_tuning
5,1,clinical,xgb_aft,"{""colsample_bytree"": 0.8, ""eta"": 0.03, ""lambda"": 2.0, ""max_depth"": 2, ""min_child_weight"": 5, ""num_boost_round"": 150, ""subsample"": 0.8}",0.5623975891030271,,nested_tuning
5,1,clinical,xgb_aft,"{""colsample_bytree"": 0.8, ""eta"": 0.1, ""lambda"": 2.0, ""max_depth"": 1, ""min_child_weight"": 5, ""num_boost_round"": 150, ""subsample"": 0.8}",0.5618885774985873,,nested_tuning
5,1,clinical,xgb_aft,"{""colsample_bytree"": 0.8, ""eta"": 0.1, ""lambda"": 2.0, ""max_depth"": 2, ""min_child_weight"": 5, ""num_boost_round"": 150, ""subsample"": 0.8}",0.5309645011545427,,nested_tuning
5,1,clinical,random_survival_forest,"{""max_features"": ""sqrt"", ""min_samples_leaf"": 5, ""n_estimators"": 500}",0.5452837007161143,,nested_tuning
5,1,clinical,random_survival_forest,"{""max_features"": 0.5, ""min_samples_leaf"": 5, ""n_estimators"": 500}",0.5349176312308956,,nested_tuning
5,1,clinical,random_survival_forest,"{""max_features"": ""sqrt"", ""min_samples_leaf"": 10, ""n_estimators"": 500}",0.5506154755254415,,nested_tuning
5,1,clinical,random_survival_forest,"{""max_features"": 0.5, ""min_samples_leaf"": 10, ""n_estimators"": 500}",0.5460249974672261,,nested_tuning
5,1,clinical_plus_pathway,survivalpfn,{},,,single_candidate_no_tuning
5,1,clinical_plus_pathway,elastic_net_cox,"{""l1_ratio"": 0.0, ""penalizer"": 0.01}",0.45365073499786157,,nested_tuning
5,1,clinical_plus_pathway,elastic_net_cox,"{""l1_ratio"": 0.5, ""penalizer"": 0.01}",0.44096725081221094,,nested_tuning
5,1,clinical_plus_pathway,elastic_net_cox,"{""l1_ratio"": 0.0, ""penalizer"": 0.1}",0.4528917090503624,,nested_tuning
5,1,clinical_plus_pathway,elastic_net_cox,"{""l1_ratio"": 0.5, ""penalizer"": 0.1}",0.4724459258191267,,nested_tuning
5,1,clinical_plus_pathway,elastic_net_cox,"{""l1_ratio"": 0.0, ""penalizer"": 1.0}",0.47367913070011264,,nested_tuning
5,1,clinical_plus_pathway,elastic_net_cox,"{""l1_ratio"": 0.5, ""penalizer"": 1.0}",0.4465914929467449,,nested_tuning
5,1,clinical_plus_pathway,elastic_net_cox,"{""l1_ratio"": 1.0, ""penalizer"": 0.1}",0.4636112553047026,,nested_tuning
5,1,clinical_plus_pathway,elastic_net_cox,"{""l1_ratio"": 1.0, ""penalizer"": 1.0}",0.4465914929467449,,nested_tuning
5,1,clinical_plus_pathway,xgb_aft,"{""colsample_bytree"": 0.8, ""eta"": 0.03, ""lambda"": 2.0, ""max_depth"": 1, ""min_child_weight"": 5, ""num_boost_round"": 150, ""subsample"": 0.8}",0.4186007969835234,,nested_tuning
5,1,clinical_plus_pathway,xgb_aft,"{""colsample_bytree"": 0.8, ""eta"": 0.03, ""lambda"": 2.0, ""max_depth"": 2, ""min_child_weight"": 5, ""num_boost_round"": 150, ""subsample"": 0.8}",0.42521741263847335,,nested_tuning
5,1,clinical_plus_pathway,xgb_aft,"{""colsample_bytree"": 0.8, ""eta"": 0.1, ""lambda"": 2.0, ""max_depth"": 1, ""min_child_weight"": 5, ""num_boost_round"": 150, ""subsample"": 0.8}",0.48691918845072213,,nested_tuning
5,1,clinical_plus_pathway,xgb_aft,"{""colsample_bytree"": 0.8, ""eta"": 0.1, ""lambda"": 2.0, ""max_depth"": 2, ""min_child_weight"": 5, ""num_boost_round"": 150, ""subsample"": 0.8}",0.49248739217333515,,nested_tuning
5,1,clinical_plus_pathway,random_survival_forest,"{""max_features"": ""sqrt"", ""min_samples_leaf"": 5, ""n_estimators"": 500}",0.4896236030252814,,nested_tuning
5,1,clinical_plus_pathway,random_survival_forest,"{""max_features"": 0.5, ""min_samples_leaf"": 5, ""n_estimators"": 500}",0.4204417212544801,,nested_tuning
5,1,clinical_plus_pathway,random_survival_forest,"{""max_features"": ""sqrt"", ""min_samples_leaf"": 10, ""n_estimators"": 500}",0.5225379711279391,,nested_tuning
5,1,clinical_plus_pathway,random_survival_forest,"{""max_features"": 0.5, ""min_samples_leaf"": 10, ""n_estimators"": 500}",0.45644297250944166,,nested_tuning
5,1,clinical_plus_recast,survivalpfn,{},,,single_candidate_no_tuning
5,1,clinical_plus_recast,elastic_net_cox,"{""l1_ratio"": 0.0, ""penalizer"": 0.01}",0.4634709647829174,,nested_tuning
5,1,clinical_plus_recast,elastic_net_cox,"{""l1_ratio"": 0.5, ""penalizer"": 0.01}",0.48402607046674084,,nested_tuning
5,1,clinical_plus_recast,elastic_net_cox,"{""l1_ratio"": 0.0, ""penalizer"": 0.1}",0.48154904798667214,,nested_tuning
5,1,clinical_plus_recast,elastic_net_cox,"{""l1_ratio"": 0.5, ""penalizer"": 0.1}",0.48092618054023556,,nested_tuning
5,1,clinical_plus_recast,elastic_net_cox,"{""l1_ratio"": 0.0, ""penalizer"": 1.0}",0.4917127280212692,,nested_tuning
5,1,clinical_plus_recast,elastic_net_cox,"{""l1_ratio"": 0.5, ""penalizer"": 1.0}",0.5212809391283,,nested_tuning
5,1,clinical_plus_recast,elastic_net_cox,"{""l1_ratio"": 1.0, ""penalizer"": 0.1}",0.5347294973131635,,nested_tuning
5,1,clinical_plus_recast,elastic_net_cox,"{""l1_ratio"": 1.0, ""penalizer"": 1.0}",0.5212809391283,,nested_tuning
5,1,clinical_plus_recast,xgb_aft,"{""colsample_bytree"": 0.8, ""eta"": 0.03, ""lambda"": 2.0, ""max_depth"": 1, ""min_child_weight"": 5, ""num_boost_round"": 150, ""subsample"": 0.8}",0.48466203420505927,,nested_tuning
5,1,clinical_plus_recast,xgb_aft,"{""colsample_bytree"": 0.8, ""eta"": 0.03, ""lambda"": 2.0, ""max_depth"": 2, ""min_child_weight"": 5, ""num_boost_round"": 150, ""subsample"": 0.8}",0.49329578101229055,,nested_tuning
5,1,clinical_plus_recast,xgb_aft,"{""colsample_bytree"": 0.8, ""eta"": 0.1, ""lambda"": 2.0, ""max_depth"": 1, ""min_child_weight"": 5, ""num_boost_round"": 150, ""subsample"": 0.8}",0.5042968976340407,,nested_tuning
5,1,clinical_plus_recast,xgb_aft,"{""colsample_bytree"": 0.8, ""eta"": 0.1, ""lambda"": 2.0, ""max_depth"": 2, ""min_child_weight"": 5, ""num_boost_round"": 150, ""subsample"": 0.8}",0.4708323606262507,,nested_tuning
5,1,clinical_plus_recast,random_survival_forest,"{""max_features"": ""sqrt"", ""min_samples_leaf"": 5, ""n_estimators"": 500}",0.4504381917193623,,nested_tuning
5,1,clinical_plus_recast,random_survival_forest,"{""max_features"": 0.5, ""min_samples_leaf"": 5, ""n_estimators"": 500}",0.4535076776782955,,nested_tuning
5,1,clinical_plus_recast,random_survival_forest,"{""max_features"": ""sqrt"", ""min_samples_leaf"": 10, ""n_estimators"": 500}",0.46078296109445815,,nested_tuning
5,1,clinical_plus_recast,random_survival_forest,"{""max_features"": 0.5, ""min_samples_leaf"": 10, ""n_estimators"": 500}",0.45972619740447707,,nested_tuning
5,1,full,survivalpfn,{},,,single_candidate_no_tuning
5,1,full,elastic_net_cox,"{""l1_ratio"": 0.0, ""penalizer"": 0.01}",0.4345646370176655,,nested_tuning
5,1,full,elastic_net_cox,"{""l1_ratio"": 0.5, ""penalizer"": 0.01}",0.4372048467967461,,nested_tuning
5,1,full,elastic_net_cox,"{""l1_ratio"": 0.0, ""penalizer"": 0.1}",0.4300535784246252,,nested_tuning
5,1,full,elastic_net_cox,"{""l1_ratio"": 0.5, ""penalizer"": 0.1}",0.44674630896424394,,nested_tuning
5,1,full,elastic_net_cox,"{""l1_ratio"": 0.0, ""penalizer"": 1.0}",0.4396147895559404,,nested_tuning
5,1,full,elastic_net_cox,"{""l1_ratio"": 0.5, ""penalizer"": 1.0}",0.41615695602018155,,nested_tuning
5,1,full,elastic_net_cox,"{""l1_ratio"": 1.0, ""penalizer"": 0.1}",0.4444166783409278,,nested_tuning
5,1,full,elastic_net_cox,"{""l1_ratio"": 1.0, ""penalizer"": 1.0}",0.41615695602018155,,nested_tuning
5,1,full,xgb_aft,"{""colsample_bytree"": 0.8, ""eta"": 0.03, ""lambda"": 2.0, ""max_depth"": 1, ""min_child_weight"": 5, ""num_boost_round"": 150, ""subsample"": 0.8}",0.4184240976964865,,nested_tuning
5,1,full,xgb_aft,"{""colsample_bytree"": 0.8, ""eta"": 0.03, ""lambda"": 2.0, ""max_depth"": 2, ""min_child_weight"": 5, ""num_boost_round"": 150, ""subsample"": 0.8}",0.4609453252809261,,nested_tuning
5,1,full,xgb_aft,"{""colsample_bytree"": 0.8, ""eta"": 0.1, ""lambda"": 2.0, ""max_depth"": 1, ""min_child_weight"": 5, ""num_boost_round"": 150, ""subsample"": 0.8}",0.4614093418268889,,nested_tuning
5,1,full,xgb_aft,"{""colsample_bytree"": 0.8, ""eta"": 0.1, ""lambda"": 2.0, ""max_depth"": 2, ""min_child_weight"": 5, ""num_boost_round"": 150, ""subsample"": 0.8}",0.43743619075254836,,nested_tuning
5,1,full,random_survival_forest,"{""max_features"": ""sqrt"", ""min_samples_leaf"": 5, ""n_estimators"": 500}",0.4722864479573668,,nested_tuning
5,1,full,random_survival_forest,"{""max_features"": 0.5, ""min_samples_leaf"": 5, ""n_estimators"": 500}",0.4349074631822389,,nested_tuning
5,1,full,random_survival_forest,"{""max_features"": ""sqrt"", ""min_samples_leaf"": 10, ""n_estimators"": 500}",0.4437643328663806,,nested_tuning
5,1,full,random_survival_forest,"{""max_features"": 0.5, ""min_samples_leaf"": 10, ""n_estimators"": 500}",0.4260443133659333,,nested_tuning
5,2,clinical,survivalpfn,{},,,single_candidate_no_tuning
5,2,clinical,elastic_net_cox,"{""l1_ratio"": 0.0, ""penalizer"": 0.01}",0.57767443495858,,nested_tuning
5,2,clinical,elastic_net_cox,"{""l1_ratio"": 0.5, ""penalizer"": 0.01}",0.5768627001048081,,nested_tuning
5,2,clinical,elastic_net_cox,"{""l1_ratio"": 0.0, ""penalizer"": 0.1}",0.5621715702686988,,nested_tuning
5,2,clinical,elastic_net_cox,"{""l1_ratio"": 0.5, ""penalizer"": 0.1}",0.5678915295826072,,nested_tuning
5,2,clinical,elastic_net_cox,"{""l1_ratio"": 0.0, ""penalizer"": 1.0}",0.569003507464446,,nested_tuning
5,2,clinical,elastic_net_cox,"{""l1_ratio"": 0.5, ""penalizer"": 1.0}",0.5615832151621976,,nested_tuning
5,2,clinical,elastic_net_cox,"{""l1_ratio"": 1.0, ""penalizer"": 0.1}",0.5595147372811284,,nested_tuning
5,2,clinical,elastic_net_cox,"{""l1_ratio"": 1.0, ""penalizer"": 1.0}",0.5615832151621976,,nested_tuning
5,2,clinical,xgb_aft,"{""colsample_bytree"": 0.8, ""eta"": 0.03, ""lambda"": 2.0, ""max_depth"": 1, ""min_child_weight"": 5, ""num_boost_round"": 150, ""subsample"": 0.8}",0.4973250510124533,,nested_tuning
5,2,clinical,xgb_aft,"{""colsample_bytree"": 0.8, ""eta"": 0.03, ""lambda"": 2.0, ""max_depth"": 2, ""min_child_weight"": 5, ""num_boost_round"": 150, ""subsample"": 0.8}",0.4831106500814601,,nested_tuning
5,2,clinical,xgb_aft,"{""colsample_bytree"": 0.8, ""eta"": 0.1, ""lambda"": 2.0, ""max_depth"": 1, ""min_child_weight"": 5, ""num_boost_round"": 150, ""subsample"": 0.8}",0.4877751794400679,,nested_tuning
5,2,clinical,xgb_aft,"{""colsample_bytree"": 0.8, ""eta"": 0.1, ""lambda"": 2.0, ""max_depth"": 2, ""min_child_weight"": 5, ""num_boost_round"": 150, ""subsample"": 0.8}",0.48736640890410815,,nested_tuning
5,2,clinical,random_survival_forest,"{""max_features"": ""sqrt"", ""min_samples_leaf"": 5, ""n_estimators"": 500}",0.5434146339654676,,nested_tuning
5,2,clinical,random_survival_forest,"{""max_features"": 0.5, ""min_samples_leaf"": 5, ""n_estimators"": 500}",0.5283179212882448,,nested_tuning
5,2,clinical,random_survival_forest,"{""max_features"": ""sqrt"", ""min_samples_leaf"": 10, ""n_estimators"": 500}",0.5681174427326795,,nested_tuning
5,2,clinical,random_survival_forest,"{""max_features"": 0.5, ""min_samples_leaf"": 10, ""n_estimators"": 500}",0.535507688723169,,nested_tuning
5,2,clinical_plus_pathway,survivalpfn,{},,,single_candidate_no_tuning
5,2,clinical_plus_pathway,elastic_net_cox,"{""l1_ratio"": 0.0, ""penalizer"": 0.01}",0.5359727602769703,,nested_tuning
5,2,clinical_plus_pathway,elastic_net_cox,"{""l1_ratio"": 0.5, ""penalizer"": 0.01}",0.5546444771707454,,nested_tuning
5,2,clinical_plus_pathway,elastic_net_cox,"{""l1_ratio"": 0.0, ""penalizer"": 0.1}",0.5223067246517281,,nested_tuning
5,2,clinical_plus_pathway,elastic_net_cox,"{""l1_ratio"": 0.5, ""penalizer"": 0.1}",0.5597073619937227,,nested_tuning
5,2,clinical_plus_pathway,elastic_net_cox,"{""l1_ratio"": 0.0, ""penalizer"": 1.0}",0.5110965158657227,,nested_tuning
5,2,clinical_plus_pathway,elastic_net_cox,"{""l1_ratio"": 0.5, ""penalizer"": 1.0}",0.5099056129274985,,nested_tuning
5,2,clinical_plus_pathway,elastic_net_cox,"{""l1_ratio"": 1.0, ""penalizer"": 0.1}",0.5823503925526069,,nested_tuning
5,2,clinical_plus_pathway,elastic_net_cox,"{""l1_ratio"": 1.0, ""penalizer"": 1.0}",0.5092556811024374,,nested_tuning
5,2,clinical_plus_pathway,xgb_aft,"{""colsample_bytree"": 0.8, ""eta"": 0.03, ""lambda"": 2.0, ""max_depth"": 1, ""min_child_weight"": 5, ""num_boost_round"": 150, ""subsample"": 0.8}",0.45543064567570746,,nested_tuning
5,2,clinical_plus_pathway,xgb_aft,"{""colsample_bytree"": 0.8, ""eta"": 0.03, ""lambda"": 2.0, ""max_depth"": 2, ""min_child_weight"": 5, ""num_boost_round"": 150, ""subsample"": 0.8}",0.46698577536791286,,nested_tuning
5,2,clinical_plus_pathway,xgb_aft,"{""colsample_bytree"": 0.8, ""eta"": 0.1, ""lambda"": 2.0, ""max_depth"": 1, ""min_child_weight"": 5, ""num_boost_round"": 150, ""subsample"": 0.8}",0.423509111863462,,nested_tuning
5,2,clinical_plus_pathway,xgb_aft,"{""colsample_bytree"": 0.8, ""eta"": 0.1, ""lambda"": 2.0, ""max_depth"": 2, ""min_child_weight"": 5, ""num_boost_round"": 150, ""subsample"": 0.8}",0.4650306404988844,,nested_tuning
5,2,clinical_plus_pathway,random_survival_forest,"{""max_features"": ""sqrt"", ""min_samples_leaf"": 5, ""n_estimators"": 500}",0.4838719302672583,,nested_tuning
5,2,clinical_plus_pathway,random_survival_forest,"{""max_features"": 0.5, ""min_samples_leaf"": 5, ""n_estimators"": 500}",0.47732407828142626,,nested_tuning
5,2,clinical_plus_pathway,random_survival_forest,"{""max_features"": ""sqrt"", ""min_samples_leaf"": 10, ""n_estimators"": 500}",0.47872683289840007,,nested_tuning
5,2,clinical_plus_pathway,random_survival_forest,"{""max_features"": 0.5, ""min_samples_leaf"": 10, ""n_estimators"": 500}",0.4936857749516491,,nested_tuning
5,2,clinical_plus_recast,survivalpfn,{},,,single_candidate_no_tuning
5,2,clinical_plus_recast,elastic_net_cox,"{""l1_ratio"": 0.0, ""penalizer"": 0.01}",0.533550696001684,,nested_tuning
5,2,clinical_plus_recast,elastic_net_cox,"{""l1_ratio"": 0.5, ""penalizer"": 0.01}",0.5380914090486225,,nested_tuning
5,2,clinical_plus_recast,elastic_net_cox,"{""l1_ratio"": 0.0, ""penalizer"": 0.1}",0.551093061197342,,nested_tuning
5,2,clinical_plus_recast,elastic_net_cox,"{""l1_ratio"": 0.5, ""penalizer"": 0.1}",0.5644446183539873,,nested_tuning
5,2,clinical_plus_recast,elastic_net_cox,"{""l1_ratio"": 0.0, ""penalizer"": 1.0}",0.5433024519383745,,nested_tuning
5,2,clinical_plus_recast,elastic_net_cox,"{""l1_ratio"": 0.5, ""penalizer"": 1.0}",0.5438353484044578,,nested_tuning
5,2,clinical_plus_recast,elastic_net_cox,"{""l1_ratio"": 1.0, ""penalizer"": 0.1}",0.5389614713587341,,nested_tuning
5,2,clinical_plus_recast,elastic_net_cox,"{""l1_ratio"": 1.0, ""penalizer"": 1.0}",0.5438353484044578,,nested_tuning
5,2,clinical_plus_recast,xgb_aft,"{""colsample_bytree"": 0.8, ""eta"": 0.03, ""lambda"": 2.0, ""max_depth"": 1, ""min_child_weight"": 5, ""num_boost_round"": 150, ""subsample"": 0.8}",0.37701575100659546,,nested_tuning
5,2,clinical_plus_recast,xgb_aft,"{""colsample_bytree"": 0.8, ""eta"": 0.03, ""lambda"": 2.0, ""max_depth"": 2, ""min_child_weight"": 5, ""num_boost_round"": 150, ""subsample"": 0.8}",0.40442709457774995,,nested_tuning
5,2,clinical_plus_recast,xgb_aft,"{""colsample_bytree"": 0.8, ""eta"": 0.1, ""lambda"": 2.0, ""max_depth"": 1, ""min_child_weight"": 5, ""num_boost_round"": 150, ""subsample"": 0.8}",0.42184715909384035,,nested_tuning
5,2,clinical_plus_recast,xgb_aft,"{""colsample_bytree"": 0.8, ""eta"": 0.1, ""lambda"": 2.0, ""max_depth"": 2, ""min_child_weight"": 5, ""num_boost_round"": 150, ""subsample"": 0.8}",0.4312670985114455,,nested_tuning
5,2,clinical_plus_recast,random_survival_forest,"{""max_features"": ""sqrt"", ""min_samples_leaf"": 5, ""n_estimators"": 500}",0.44718362007572215,,nested_tuning
5,2,clinical_plus_recast,random_survival_forest,"{""max_features"": 0.5, ""min_samples_leaf"": 5, ""n_estimators"": 500}",0.45766157444190403,,nested_tuning
5,2,clinical_plus_recast,random_survival_forest,"{""max_features"": ""sqrt"", ""min_samples_leaf"": 10, ""n_estimators"": 500}",0.4811261039990682,,nested_tuning
5,2,clinical_plus_recast,random_survival_forest,"{""max_features"": 0.5, ""min_samples_leaf"": 10, ""n_estimators"": 500}",0.4701903270424249,,nested_tuning
5,2,full,survivalpfn,{},,,single_candidate_no_tuning
5,2,full,elastic_net_cox,"{""l1_ratio"": 0.0, ""penalizer"": 0.01}",0.5101919842078507,,nested_tuning
5,2,full,elastic_net_cox,"{""l1_ratio"": 0.5, ""penalizer"": 0.01}",0.47695850150567887,,nested_tuning
5,2,full,elastic_net_cox,"{""l1_ratio"": 0.0, ""penalizer"": 0.1}",0.49225246699089864,,nested_tuning
5,2,full,elastic_net_cox,"{""l1_ratio"": 0.5, ""penalizer"": 0.1}",0.5404997731015575,,nested_tuning
5,2,full,elastic_net_cox,"{""l1_ratio"": 0.0, ""penalizer"": 1.0}",0.49278790606765127,,nested_tuning
5,2,full,elastic_net_cox,"{""l1_ratio"": 0.5, ""penalizer"": 1.0}",0.49331208465211157,,nested_tuning
5,2,full,elastic_net_cox,"{""l1_ratio"": 1.0, ""penalizer"": 0.1}",0.5835101280282741,,nested_tuning
5,2,full,elastic_net_cox,"{""l1_ratio"": 1.0, ""penalizer"": 1.0}",0.4930203141070051,,nested_tuning
5,2,full,xgb_aft,"{""colsample_bytree"": 0.8, ""eta"": 0.03, ""lambda"": 2.0, ""max_depth"": 1, ""min_child_weight"": 5, ""num_boost_round"": 150, ""subsample"": 0.8}",0.4019030834250551,,nested_tuning
5,2,full,xgb_aft,"{""colsample_bytree"": 0.8, ""eta"": 0.03, ""lambda"": 2.0, ""max_depth"": 2, ""min_child_weight"": 5, ""num_boost_round"": 150, ""subsample"": 0.8}",0.40849332198261323,,nested_tuning
5,2,full,xgb_aft,"{""colsample_bytree"": 0.8, ""eta"": 0.1, ""lambda"": 2.0, ""max_depth"": 1, ""min_child_weight"": 5, ""num_boost_round"": 150, ""subsample"": 0.8}",0.40430338570468355,,nested_tuning
5,2,full,xgb_aft,"{""colsample_bytree"": 0.8, ""eta"": 0.1, ""lambda"": 2.0, ""max_depth"": 2, ""min_child_weight"": 5, ""num_boost_round"": 150, ""subsample"": 0.8}",0.3913130481821995,,nested_tuning
5,2,full,random_survival_forest,"{""max_features"": ""sqrt"", ""min_samples_leaf"": 5, ""n_estimators"": 500}",0.4296205067333908,,nested_tuning
5,2,full,random_survival_forest,"{""max_features"": 0.5, ""min_samples_leaf"": 5, ""n_estimators"": 500}",0.45427160663976496,,nested_tuning
5,2,full,random_survival_forest,"{""max_features"": ""sqrt"", ""min_samples_leaf"": 10, ""n_estimators"": 500}",0.42014877970229497,,nested_tuning
5,2,full,random_survival_forest,"{""max_features"": 0.5, ""min_samples_leaf"": 10, ""n_estimators"": 500}",0.4693301458032981,,nested_tuning
5,3,clinical,survivalpfn,{},,,single_candidate_no_tuning
5,3,clinical,elastic_net_cox,"{""l1_ratio"": 0.0, ""penalizer"": 0.01}",0.6186541199964364,,nested_tuning
5,3,clinical,elastic_net_cox,"{""l1_ratio"": 0.5, ""penalizer"": 0.01}",0.6182137114049113,,nested_tuning
5,3,clinical,elastic_net_cox,"{""l1_ratio"": 0.0, ""penalizer"": 0.1}",0.6031373624824194,,nested_tuning
5,3,clinical,elastic_net_cox,"{""l1_ratio"": 0.5, ""penalizer"": 0.1}",0.49304575435351317,,nested_tuning
5,3,clinical,elastic_net_cox,"{""l1_ratio"": 0.0, ""penalizer"": 1.0}",0.4971151072604943,,nested_tuning
5,3,clinical,elastic_net_cox,"{""l1_ratio"": 0.5, ""penalizer"": 1.0}",0.49806022834702457,,nested_tuning
5,3,clinical,elastic_net_cox,"{""l1_ratio"": 1.0, ""penalizer"": 0.1}",0.48539687077752924,,nested_tuning
5,3,clinical,elastic_net_cox,"{""l1_ratio"": 1.0, ""penalizer"": 1.0}",0.499006007483473,,nested_tuning
5,3,clinical,xgb_aft,"{""colsample_bytree"": 0.8, ""eta"": 0.03, ""lambda"": 2.0, ""max_depth"": 1, ""min_child_weight"": 5, ""num_boost_round"": 150, ""subsample"": 0.8}",0.5948056817441172,,nested_tuning
5,3,clinical,xgb_aft,"{""colsample_bytree"": 0.8, ""eta"": 0.03, ""lambda"": 2.0, ""max_depth"": 2, ""min_child_weight"": 5, ""num_boost_round"": 150, ""subsample"": 0.8}",0.6093504243731265,,nested_tuning
5,3,clinical,xgb_aft,"{""colsample_bytree"": 0.8, ""eta"": 0.1, ""lambda"": 2.0, ""max_depth"": 1, ""min_child_weight"": 5, ""num_boost_round"": 150, ""subsample"": 0.8}",0.6022547656686215,,nested_tuning
5,3,clinical,xgb_aft,"{""colsample_bytree"": 0.8, ""eta"": 0.1, ""lambda"": 2.0, ""max_depth"": 2, ""min_child_weight"": 5, ""num_boost_round"": 150, ""subsample"": 0.8}",0.5985105019129107,,nested_tuning
5,3,clinical,random_survival_forest,"{""max_features"": ""sqrt"", ""min_samples_leaf"": 5, ""n_estimators"": 500}",0.5160269892352697,,nested_tuning
5,3,clinical,random_survival_forest,"{""max_features"": 0.5, ""min_samples_leaf"": 5, ""n_estimators"": 500}",0.5171821497342637,,nested_tuning
5,3,clinical,random_survival_forest,"{""max_features"": ""sqrt"", ""min_samples_leaf"": 10, ""n_estimators"": 500}",0.503988573016387,,nested_tuning
5,3,clinical,random_survival_forest,"{""max_features"": 0.5, ""min_samples_leaf"": 10, ""n_estimators"": 500}",0.5147235408609431,,nested_tuning
5,3,clinical_plus_pathway,survivalpfn,{},,,single_candidate_no_tuning
5,3,clinical_plus_pathway,elastic_net_cox,"{""l1_ratio"": 0.0, ""penalizer"": 0.01}",0.43720302594422883,,nested_tuning
5,3,clinical_plus_pathway,elastic_net_cox,"{""l1_ratio"": 0.5, ""penalizer"": 0.01}",0.44821063960600144,,nested_tuning
5,3,clinical_plus_pathway,elastic_net_cox,"{""l1_ratio"": 0.0, ""penalizer"": 0.1}",0.4269137381751823,,nested_tuning
5,3,clinical_plus_pathway,elastic_net_cox,"{""l1_ratio"": 0.5, ""penalizer"": 0.1}",0.5891943188532413,,nested_tuning
5,3,clinical_plus_pathway,elastic_net_cox,"{""l1_ratio"": 0.0, ""penalizer"": 1.0}",0.5464514204144564,,nested_tuning
5,3,clinical_plus_pathway,elastic_net_cox,"{""l1_ratio"": 0.5, ""penalizer"": 1.0}",0.5560877060058541,,nested_tuning
5,3,clinical_plus_pathway,elastic_net_cox,"{""l1_ratio"": 1.0, ""penalizer"": 0.1}",0.5815700093778604,,nested_tuning
5,3,clinical_plus_pathway,elastic_net_cox,"{""l1_ratio"": 1.0, ""penalizer"": 1.0}",0.5560877060058541,,nested_tuning
5,3,clinical_plus_pathway,xgb_aft,"{""colsample_bytree"": 0.8, ""eta"": 0.03, ""lambda"": 2.0, ""max_depth"": 1, ""min_child_weight"": 5, ""num_boost_round"": 150, ""subsample"": 0.8}",0.5105654058820855,,nested_tuning
5,3,clinical_plus_pathway,xgb_aft,"{""colsample_bytree"": 0.8, ""eta"": 0.03, ""lambda"": 2.0, ""max_depth"": 2, ""min_child_weight"": 5, ""num_boost_round"": 150, ""subsample"": 0.8}",0.5273860495942596,,nested_tuning
5,3,clinical_plus_pathway,xgb_aft,"{""colsample_bytree"": 0.8, ""eta"": 0.1, ""lambda"": 2.0, ""max_depth"": 1, ""min_child_weight"": 5, ""num_boost_round"": 150, ""subsample"": 0.8}",0.5079761997227823,,nested_tuning
5,3,clinical_plus_pathway,xgb_aft,"{""colsample_bytree"": 0.8, ""eta"": 0.1, ""lambda"": 2.0, ""max_depth"": 2, ""min_child_weight"": 5, ""num_boost_round"": 150, ""subsample"": 0.8}",0.5464910971251581,,nested_tuning
5,3,clinical_plus_pathway,random_survival_forest,"{""max_features"": ""sqrt"", ""min_samples_leaf"": 5, ""n_estimators"": 500}",0.44339327506433934,,nested_tuning
5,3,clinical_plus_pathway,random_survival_forest,"{""max_features"": 0.5, ""min_samples_leaf"": 5, ""n_estimators"": 500}",0.41681562809324524,,nested_tuning
5,3,clinical_plus_pathway,random_survival_forest,"{""max_features"": ""sqrt"", ""min_samples_leaf"": 10, ""n_estimators"": 500}",0.43646551677794526,,nested_tuning
5,3,clinical_plus_pathway,random_survival_forest,"{""max_features"": 0.5, ""min_samples_leaf"": 10, ""n_estimators"": 500}",0.4307965863756481,,nested_tuning
5,3,clinical_plus_recast,survivalpfn,{},,,single_candidate_no_tuning
5,3,clinical_plus_recast,elastic_net_cox,"{""l1_ratio"": 0.0, ""penalizer"": 0.01}",0.6492640321007949,,nested_tuning
5,3,clinical_plus_recast,elastic_net_cox,"{""l1_ratio"": 0.5, ""penalizer"": 0.01}",0.647839884647419,,nested_tuning
5,3,clinical_plus_recast,elastic_net_cox,"{""l1_ratio"": 0.0, ""penalizer"": 0.1}",0.6217523751488893,,nested_tuning
5,3,clinical_plus_recast,elastic_net_cox,"{""l1_ratio"": 0.5, ""penalizer"": 0.1}",0.6090598285039754,,nested_tuning
5,3,clinical_plus_recast,elastic_net_cox,"{""l1_ratio"": 0.0, ""penalizer"": 1.0}",0.598139740692234,,nested_tuning
5,3,clinical_plus_recast,elastic_net_cox,"{""l1_ratio"": 0.5, ""penalizer"": 1.0}",0.4818261362720395,,nested_tuning
5,3,clinical_plus_recast,elastic_net_cox,"{""l1_ratio"": 1.0, ""penalizer"": 0.1}",0.472247871478222,,nested_tuning
5,3,clinical_plus_recast,elastic_net_cox,"{""l1_ratio"": 1.0, ""penalizer"": 1.0}",0.4823373771627344,,nested_tuning
5,3,clinical_plus_recast,xgb_aft,"{""colsample_bytree"": 0.8, ""eta"": 0.03, ""lambda"": 2.0, ""max_depth"": 1, ""min_child_weight"": 5, ""num_boost_round"": 150, ""subsample"": 0.8}",0.5404328567430935,,nested_tuning
5,3,clinical_plus_recast,xgb_aft,"{""colsample_bytree"": 0.8, ""eta"": 0.03, ""lambda"": 2.0, ""max_depth"": 2, ""min_child_weight"": 5, ""num_boost_round"": 150, ""subsample"": 0.8}",0.5322901452342602,,nested_tuning
5,3,clinical_plus_recast,xgb_aft,"{""colsample_bytree"": 0.8, ""eta"": 0.1, ""lambda"": 2.0, ""max_depth"": 1, ""min_child_weight"": 5, ""num_boost_round"": 150, ""subsample"": 0.8}",0.5832595044405341,,nested_tuning
5,3,clinical_plus_recast,xgb_aft,"{""colsample_bytree"": 0.8, ""eta"": 0.1, ""lambda"": 2.0, ""max_depth"": 2, ""min_child_weight"": 5, ""num_boost_round"": 150, ""subsample"": 0.8}",0.588415397350617,,nested_tuning
5,3,clinical_plus_recast,random_survival_forest,"{""max_features"": ""sqrt"", ""min_samples_leaf"": 5, ""n_estimators"": 500}",0.579808044131922,,nested_tuning
5,3,clinical_plus_recast,random_survival_forest,"{""max_features"": 0.5, ""min_samples_leaf"": 5, ""n_estimators"": 500}",0.5965641144801648,,nested_tuning
5,3,clinical_plus_recast,random_survival_forest,"{""max_features"": ""sqrt"", ""min_samples_leaf"": 10, ""n_estimators"": 500}",0.5787560080461059,,nested_tuning
5,3,clinical_plus_recast,random_survival_forest,"{""max_features"": 0.5, ""min_samples_leaf"": 10, ""n_estimators"": 500}",0.5643163325022313,,nested_tuning
5,3,full,survivalpfn,{},,,single_candidate_no_tuning
5,3,full,elastic_net_cox,"{""l1_ratio"": 0.0, ""penalizer"": 0.01}",0.5382275614057713,,nested_tuning
5,3,full,elastic_net_cox,"{""l1_ratio"": 0.5, ""penalizer"": 0.01}",0.5344716004986932,,nested_tuning
5,3,full,elastic_net_cox,"{""l1_ratio"": 0.0, ""penalizer"": 0.1}",0.5207418990239138,,nested_tuning
5,3,full,elastic_net_cox,"{""l1_ratio"": 0.5, ""penalizer"": 0.1}",0.5999765003123845,,nested_tuning
5,3,full,elastic_net_cox,"{""l1_ratio"": 0.0, ""penalizer"": 1.0}",0.5433816947193515,,nested_tuning
5,3,full,elastic_net_cox,"{""l1_ratio"": 0.5, ""penalizer"": 1.0}",0.5615739497452533,,nested_tuning
5,3,full,elastic_net_cox,"{""l1_ratio"": 1.0, ""penalizer"": 0.1}",0.5809435318685054,,nested_tuning
5,3,full,elastic_net_cox,"{""l1_ratio"": 1.0, ""penalizer"": 1.0}",0.5615739497452533,,nested_tuning
5,3,full,xgb_aft,"{""colsample_bytree"": 0.8, ""eta"": 0.03, ""lambda"": 2.0, ""max_depth"": 1, ""min_child_weight"": 5, ""num_boost_round"": 150, ""subsample"": 0.8}",0.5097759243605899,,nested_tuning
5,3,full,xgb_aft,"{""colsample_bytree"": 0.8, ""eta"": 0.03, ""lambda"": 2.0, ""max_depth"": 2, ""min_child_weight"": 5, ""num_boost_round"": 150, ""subsample"": 0.8}",0.5012701430190085,,nested_tuning
5,3,full,xgb_aft,"{""colsample_bytree"": 0.8, ""eta"": 0.1, ""lambda"": 2.0, ""max_depth"": 1, ""min_child_weight"": 5, ""num_boost_round"": 150, ""subsample"": 0.8}",0.5034594622828705,,nested_tuning
5,3,full,xgb_aft,"{""colsample_bytree"": 0.8, ""eta"": 0.1, ""lambda"": 2.0, ""max_depth"": 2, ""min_child_weight"": 5, ""num_boost_round"": 150, ""subsample"": 0.8}",0.41932056934557127,,nested_tuning
5,3,full,random_survival_forest,"{""max_features"": ""sqrt"", ""min_samples_leaf"": 5, ""n_estimators"": 500}",0.5165406330014949,,nested_tuning
5,3,full,random_survival_forest,"{""max_features"": 0.5, ""min_samples_leaf"": 5, ""n_estimators"": 500}",0.5261472256576635,,nested_tuning
5,3,full,random_survival_forest,"{""max_features"": ""sqrt"", ""min_samples_leaf"": 10, ""n_estimators"": 500}",0.4087096593461468,,nested_tuning
5,3,full,random_survival_forest,"{""max_features"": 0.5, ""min_samples_leaf"": 10, ""n_estimators"": 500}",0.5212329432370629,,nested_tuning
5,4,clinical,survivalpfn,{},,,single_candidate_no_tuning
5,4,clinical,elastic_net_cox,"{""l1_ratio"": 0.0, ""penalizer"": 0.01}",0.6580671656267985,,nested_tuning
5,4,clinical,elastic_net_cox,"{""l1_ratio"": 0.5, ""penalizer"": 0.01}",0.6592119003028692,,nested_tuning
5,4,clinical,elastic_net_cox,"{""l1_ratio"": 0.0, ""penalizer"": 0.1}",0.654152000543776,,nested_tuning
5,4,clinical,elastic_net_cox,"{""l1_ratio"": 0.5, ""penalizer"": 0.1}",0.6512977443213832,,nested_tuning
5,4,clinical,elastic_net_cox,"{""l1_ratio"": 0.0, ""penalizer"": 1.0}",0.6489142264265625,,nested_tuning
5,4,clinical,elastic_net_cox,"{""l1_ratio"": 0.5, ""penalizer"": 1.0}",0.660683527356894,,nested_tuning
5,4,clinical,elastic_net_cox,"{""l1_ratio"": 1.0, ""penalizer"": 0.1}",0.6404730460209268,,nested_tuning
5,4,clinical,elastic_net_cox,"{""l1_ratio"": 1.0, ""penalizer"": 1.0}",0.6601362292341618,,nested_tuning
5,4,clinical,xgb_aft,"{""colsample_bytree"": 0.8, ""eta"": 0.03, ""lambda"": 2.0, ""max_depth"": 1, ""min_child_weight"": 5, ""num_boost_round"": 150, ""subsample"": 0.8}",0.5628307740684256,,nested_tuning
5,4,clinical,xgb_aft,"{""colsample_bytree"": 0.8, ""eta"": 0.03, ""lambda"": 2.0, ""max_depth"": 2, ""min_child_weight"": 5, ""num_boost_round"": 150, ""subsample"": 0.8}",0.6247473359793595,,nested_tuning
5,4,clinical,xgb_aft,"{""colsample_bytree"": 0.8, ""eta"": 0.1, ""lambda"": 2.0, ""max_depth"": 1, ""min_child_weight"": 5, ""num_boost_round"": 150, ""subsample"": 0.8}",0.5961636334427182,,nested_tuning
5,4,clinical,xgb_aft,"{""colsample_bytree"": 0.8, ""eta"": 0.1, ""lambda"": 2.0, ""max_depth"": 2, ""min_child_weight"": 5, ""num_boost_round"": 150, ""subsample"": 0.8}",0.64950891616096,,nested_tuning
5,4,clinical,random_survival_forest,"{""max_features"": ""sqrt"", ""min_samples_leaf"": 5, ""n_estimators"": 500}",0.6397863233384906,,nested_tuning
5,4,clinical,random_survival_forest,"{""max_features"": 0.5, ""min_samples_leaf"": 5, ""n_estimators"": 500}",0.637819325910867,,nested_tuning
5,4,clinical,random_survival_forest,"{""max_features"": ""sqrt"", ""min_samples_leaf"": 10, ""n_estimators"": 500}",0.5997350759960449,,nested_tuning
5,4,clinical,random_survival_forest,"{""max_features"": 0.5, ""min_samples_leaf"": 10, ""n_estimators"": 500}",0.594231526578668,,nested_tuning
5,4,clinical_plus_pathway,survivalpfn,{},,,single_candidate_no_tuning
5,4,clinical_plus_pathway,elastic_net_cox,"{""l1_ratio"": 0.0, ""penalizer"": 0.01}",0.5841692368694453,,nested_tuning
5,4,clinical_plus_pathway,elastic_net_cox,"{""l1_ratio"": 0.5, ""penalizer"": 0.01}",0.5719215269039668,,nested_tuning
5,4,clinical_plus_pathway,elastic_net_cox,"{""l1_ratio"": 0.0, ""penalizer"": 0.1}",0.5947444966155064,,nested_tuning
5,4,clinical_plus_pathway,elastic_net_cox,"{""l1_ratio"": 0.5, ""penalizer"": 0.1}",0.613806480301884,,nested_tuning
5,4,clinical_plus_pathway,elastic_net_cox,"{""l1_ratio"": 0.0, ""penalizer"": 1.0}",0.5926293388910929,,nested_tuning
5,4,clinical_plus_pathway,elastic_net_cox,"{""l1_ratio"": 0.5, ""penalizer"": 1.0}",0.5232652972889896,,nested_tuning
5,4,clinical_plus_pathway,elastic_net_cox,"{""l1_ratio"": 1.0, ""penalizer"": 0.1}",0.5636563826440362,,nested_tuning
5,4,clinical_plus_pathway,elastic_net_cox,"{""l1_ratio"": 1.0, ""penalizer"": 1.0}",0.5275215378131077,,nested_tuning
5,4,clinical_plus_pathway,xgb_aft,"{""colsample_bytree"": 0.8, ""eta"": 0.03, ""lambda"": 2.0, ""max_depth"": 1, ""min_child_weight"": 5, ""num_boost_round"": 150, ""subsample"": 0.8}",0.45890682673850913,,nested_tuning
5,4,clinical_plus_pathway,xgb_aft,"{""colsample_bytree"": 0.8, ""eta"": 0.03, ""lambda"": 2.0, ""max_depth"": 2, ""min_child_weight"": 5, ""num_boost_round"": 150, ""subsample"": 0.8}",0.45254525552532965,,nested_tuning
5,4,clinical_plus_pathway,xgb_aft,"{""colsample_bytree"": 0.8, ""eta"": 0.1, ""lambda"": 2.0, ""max_depth"": 1, ""min_child_weight"": 5, ""num_boost_round"": 150, ""subsample"": 0.8}",0.5204025927369078,,nested_tuning
5,4,clinical_plus_pathway,xgb_aft,"{""colsample_bytree"": 0.8, ""eta"": 0.1, ""lambda"": 2.0, ""max_depth"": 2, ""min_child_weight"": 5, ""num_boost_round"": 150, ""subsample"": 0.8}",0.5067066719307562,,nested_tuning
5,4,clinical_plus_pathway,random_survival_forest,"{""max_features"": ""sqrt"", ""min_samples_leaf"": 5, ""n_estimators"": 500}",0.4832762818791208,,nested_tuning
5,4,clinical_plus_pathway,random_survival_forest,"{""max_features"": 0.5, ""min_samples_leaf"": 5, ""n_estimators"": 500}",0.4507580906388606,,nested_tuning
5,4,clinical_plus_pathway,random_survival_forest,"{""max_features"": ""sqrt"", ""min_samples_leaf"": 10, ""n_estimators"": 500}",0.5005800367892864,,nested_tuning
5,4,clinical_plus_pathway,random_survival_forest,"{""max_features"": 0.5, ""min_samples_leaf"": 10, ""n_estimators"": 500}",0.5104125131875972,,nested_tuning
5,4,clinical_plus_recast,survivalpfn,{},,,single_candidate_no_tuning
5,4,clinical_plus_recast,elastic_net_cox,"{""l1_ratio"": 0.0, ""penalizer"": 0.01}",0.622358818640407,,nested_tuning
5,4,clinical_plus_recast,elastic_net_cox,"{""l1_ratio"": 0.5, ""penalizer"": 0.01}",0.6313380349612557,,nested_tuning
5,4,clinical_plus_recast,elastic_net_cox,"{""l1_ratio"": 0.0, ""penalizer"": 0.1}",0.6188124785917355,,nested_tuning
5,4,clinical_plus_recast,elastic_net_cox,"{""l1_ratio"": 0.5, ""penalizer"": 0.1}",0.6463761125223703,,nested_tuning
5,4,clinical_plus_recast,elastic_net_cox,"{""l1_ratio"": 0.0, ""penalizer"": 1.0}",0.6222910501189407,,nested_tuning
5,4,clinical_plus_recast,elastic_net_cox,"{""l1_ratio"": 0.5, ""penalizer"": 1.0}",0.6316879540752999,,nested_tuning
5,4,clinical_plus_recast,elastic_net_cox,"{""l1_ratio"": 1.0, ""penalizer"": 0.1}",0.62522763743026,,nested_tuning
5,4,clinical_plus_recast,elastic_net_cox,"{""l1_ratio"": 1.0, ""penalizer"": 1.0}",0.6316879540752999,,nested_tuning
5,4,clinical_plus_recast,xgb_aft,"{""colsample_bytree"": 0.8, ""eta"": 0.03, ""lambda"": 2.0, ""max_depth"": 1, ""min_child_weight"": 5, ""num_boost_round"": 150, ""subsample"": 0.8}",0.5252743243231817,,nested_tuning
5,4,clinical_plus_recast,xgb_aft,"{""colsample_bytree"": 0.8, ""eta"": 0.03, ""lambda"": 2.0, ""max_depth"": 2, ""min_child_weight"": 5, ""num_boost_round"": 150, ""subsample"": 0.8}",0.5995072295687035,,nested_tuning
5,4,clinical_plus_recast,xgb_aft,"{""colsample_bytree"": 0.8, ""eta"": 0.1, ""lambda"": 2.0, ""max_depth"": 1, ""min_child_weight"": 5, ""num_boost_round"": 150, ""subsample"": 0.8}",0.5503404452172519,,nested_tuning
5,4,clinical_plus_recast,xgb_aft,"{""colsample_bytree"": 0.8, ""eta"": 0.1, ""lambda"": 2.0, ""max_depth"": 2, ""min_child_weight"": 5, ""num_boost_round"": 150, ""subsample"": 0.8}",0.6078703639301278,,nested_tuning
5,4,clinical_plus_recast,random_survival_forest,"{""max_features"": ""sqrt"", ""min_samples_leaf"": 5, ""n_estimators"": 500}",0.5546449305691392,,nested_tuning
5,4,clinical_plus_recast,random_survival_forest,"{""max_features"": 0.5, ""min_samples_leaf"": 5, ""n_estimators"": 500}",0.554125267664771,,nested_tuning
5,4,clinical_plus_recast,random_survival_forest,"{""max_features"": ""sqrt"", ""min_samples_leaf"": 10, ""n_estimators"": 500}",0.5475060521471657,,nested_tuning
5,4,clinical_plus_recast,random_survival_forest,"{""max_features"": 0.5, ""min_samples_leaf"": 10, ""n_estimators"": 500}",0.543182884379091,,nested_tuning
5,4,full,survivalpfn,{},,,single_candidate_no_tuning
5,4,full,elastic_net_cox,"{""l1_ratio"": 0.0, ""penalizer"": 0.01}",0.5542979769994472,,nested_tuning
5,4,full,elastic_net_cox,"{""l1_ratio"": 0.5, ""penalizer"": 0.01}",0.547135193953756,,nested_tuning
5,4,full,elastic_net_cox,"{""l1_ratio"": 0.0, ""penalizer"": 0.1}",0.5785552582426532,,nested_tuning
5,4,full,elastic_net_cox,"{""l1_ratio"": 0.5, ""penalizer"": 0.1}",0.6149852608264774,,nested_tuning
5,4,full,elastic_net_cox,"{""l1_ratio"": 0.0, ""penalizer"": 1.0}",0.5726612407428728,,nested_tuning
5,4,full,elastic_net_cox,"{""l1_ratio"": 0.5, ""penalizer"": 1.0}",0.5093999443742225,,nested_tuning
5,4,full,elastic_net_cox,"{""l1_ratio"": 1.0, ""penalizer"": 0.1}",0.5562036012391015,,nested_tuning
5,4,full,elastic_net_cox,"{""l1_ratio"": 1.0, ""penalizer"": 1.0}",0.5116067367934667,,nested_tuning
5,4,full,xgb_aft,"{""colsample_bytree"": 0.8, ""eta"": 0.03, ""lambda"": 2.0, ""max_depth"": 1, ""min_child_weight"": 5, ""num_boost_round"": 150, ""subsample"": 0.8}",0.4207793795135987,,nested_tuning
5,4,full,xgb_aft,"{""colsample_bytree"": 0.8, ""eta"": 0.03, ""lambda"": 2.0, ""max_depth"": 2, ""min_child_weight"": 5, ""num_boost_round"": 150, ""subsample"": 0.8}",0.46460262692230037,,nested_tuning
5,4,full,xgb_aft,"{""colsample_bytree"": 0.8, ""eta"": 0.1, ""lambda"": 2.0, ""max_depth"": 1, ""min_child_weight"": 5, ""num_boost_round"": 150, ""subsample"": 0.8}",0.4801004203819729,,nested_tuning
5,4,full,xgb_aft,"{""colsample_bytree"": 0.8, ""eta"": 0.1, ""lambda"": 2.0, ""max_depth"": 2, ""min_child_weight"": 5, ""num_boost_round"": 150, ""subsample"": 0.8}",0.4891399698073308,,nested_tuning
5,4,full,random_survival_forest,"{""max_features"": ""sqrt"", ""min_samples_leaf"": 5, ""n_estimators"": 500}",0.4871744840045782,,nested_tuning
5,4,full,random_survival_forest,"{""max_features"": 0.5, ""min_samples_leaf"": 5, ""n_estimators"": 500}",0.4813759468109485,,nested_tuning
5,4,full,random_survival_forest,"{""max_features"": ""sqrt"", ""min_samples_leaf"": 10, ""n_estimators"": 500}",0.5129885399219258,,nested_tuning
5,4,full,random_survival_forest,"{""max_features"": 0.5, ""min_samples_leaf"": 10, ""n_estimators"": 500}",0.49701448237808904,,nested_tuning
6,0,clinical,survivalpfn,{},,,single_candidate_no_tuning
6,0,clinical,elastic_net_cox,"{""l1_ratio"": 0.0, ""penalizer"": 0.01}",0.6269096424085031,,nested_tuning
6,0,clinical,elastic_net_cox,"{""l1_ratio"": 0.5, ""penalizer"": 0.01}",0.6269772051336822,,nested_tuning
6,0,clinical,elastic_net_cox,"{""l1_ratio"": 0.0, ""penalizer"": 0.1}",0.6097805177635843,,nested_tuning
6,0,clinical,elastic_net_cox,"{""l1_ratio"": 0.5, ""penalizer"": 0.1}",0.5897875029604832,,nested_tuning
6,0,clinical,elastic_net_cox,"{""l1_ratio"": 0.0, ""penalizer"": 1.0}",0.59416137570328,,nested_tuning
6,0,clinical,elastic_net_cox,"{""l1_ratio"": 0.5, ""penalizer"": 1.0}",0.6049242820016978,,nested_tuning
6,0,clinical,elastic_net_cox,"{""l1_ratio"": 1.0, ""penalizer"": 0.1}",0.6078140288779899,,nested_tuning
6,0,clinical,elastic_net_cox,"{""l1_ratio"": 1.0, ""penalizer"": 1.0}",0.6057517233798896,,nested_tuning
6,0,clinical,xgb_aft,"{""colsample_bytree"": 0.8, ""eta"": 0.03, ""lambda"": 2.0, ""max_depth"": 1, ""min_child_weight"": 5, ""num_boost_round"": 150, ""subsample"": 0.8}",0.5462729522956882,,nested_tuning
6,0,clinical,xgb_aft,"{""colsample_bytree"": 0.8, ""eta"": 0.03, ""lambda"": 2.0, ""max_depth"": 2, ""min_child_weight"": 5, ""num_boost_round"": 150, ""subsample"": 0.8}",0.5790931142419286,,nested_tuning
6,0,clinical,xgb_aft,"{""colsample_bytree"": 0.8, ""eta"": 0.1, ""lambda"": 2.0, ""max_depth"": 1, ""min_child_weight"": 5, ""num_boost_round"": 150, ""subsample"": 0.8}",0.5884001947102586,,nested_tuning
6,0,clinical,xgb_aft,"{""colsample_bytree"": 0.8, ""eta"": 0.1, ""lambda"": 2.0, ""max_depth"": 2, ""min_child_weight"": 5, ""num_boost_round"": 150, ""subsample"": 0.8}",0.5954010412627357,,nested_tuning
6,0,clinical,random_survival_forest,"{""max_features"": ""sqrt"", ""min_samples_leaf"": 5, ""n_estimators"": 500}",0.6132709020010447,,nested_tuning
6,0,clinical,random_survival_forest,"{""max_features"": 0.5, ""min_samples_leaf"": 5, ""n_estimators"": 500}",0.5817342244041828,,nested_tuning
6,0,clinical,random_survival_forest,"{""max_features"": ""sqrt"", ""min_samples_leaf"": 10, ""n_estimators"": 500}",0.624569293161523,,nested_tuning
6,0,clinical,random_survival_forest,"{""max_features"": 0.5, ""min_samples_leaf"": 10, ""n_estimators"": 500}",0.6127675301740187,,nested_tuning
6,0,clinical_plus_pathway,survivalpfn,{},,,single_candidate_no_tuning
6,0,clinical_plus_pathway,elastic_net_cox,"{""l1_ratio"": 0.0, ""penalizer"": 0.01}",0.5970084661278088,,nested_tuning
6,0,clinical_plus_pathway,elastic_net_cox,"{""l1_ratio"": 0.5, ""penalizer"": 0.01}",0.6026148849173205,,nested_tuning
6,0,clinical_plus_pathway,elastic_net_cox,"{""l1_ratio"": 0.0, ""penalizer"": 0.1}",0.5839519013151969,,nested_tuning
6,0,clinical_plus_pathway,elastic_net_cox,"{""l1_ratio"": 0.5, ""penalizer"": 0.1}",0.6204473256506079,,nested_tuning
6,0,clinical_plus_pathway,elastic_net_cox,"{""l1_ratio"": 0.0, ""penalizer"": 1.0}",0.5483564261036797,,nested_tuning
6,0,clinical_plus_pathway,elastic_net_cox,"{""l1_ratio"": 0.5, ""penalizer"": 1.0}",0.48884515023500325,,nested_tuning
6,0,clinical_plus_pathway,elastic_net_cox,"{""l1_ratio"": 1.0, ""penalizer"": 0.1}",0.6156965421909122,,nested_tuning
6,0,clinical_plus_pathway,elastic_net_cox,"{""l1_ratio"": 1.0, ""penalizer"": 1.0}",0.4857428659410032,,nested_tuning
6,0,clinical_plus_pathway,xgb_aft,"{""colsample_bytree"": 0.8, ""eta"": 0.03, ""lambda"": 2.0, ""max_depth"": 1, ""min_child_weight"": 5, ""num_boost_round"": 150, ""subsample"": 0.8}",0.5059065002469066,,nested_tuning
6,0,clinical_plus_pathway,xgb_aft,"{""colsample_bytree"": 0.8, ""eta"": 0.03, ""lambda"": 2.0, ""max_depth"": 2, ""min_child_weight"": 5, ""num_boost_round"": 150, ""subsample"": 0.8}",0.49029574018385663,,nested_tuning
6,0,clinical_plus_pathway,xgb_aft,"{""colsample_bytree"": 0.8, ""eta"": 0.1, ""lambda"": 2.0, ""max_depth"": 1, ""min_child_weight"": 5, ""num_boost_round"": 150, ""subsample"": 0.8}",0.5278719655474865,,nested_tuning
6,0,clinical_plus_pathway,xgb_aft,"{""colsample_bytree"": 0.8, ""eta"": 0.1, ""lambda"": 2.0, ""max_depth"": 2, ""min_child_weight"": 5, ""num_boost_round"": 150, ""subsample"": 0.8}",0.48522744058356193,,nested_tuning
6,0,clinical_plus_pathway,random_survival_forest,"{""max_features"": ""sqrt"", ""min_samples_leaf"": 5, ""n_estimators"": 500}",0.5005432293397709,,nested_tuning
6,0,clinical_plus_pathway,random_survival_forest,"{""max_features"": 0.5, ""min_samples_leaf"": 5, ""n_estimators"": 500}",0.49325307337208224,,nested_tuning
6,0,clinical_plus_pathway,random_survival_forest,"{""max_features"": ""sqrt"", ""min_samples_leaf"": 10, ""n_estimators"": 500}",0.5181839700227985,,nested_tuning
6,0,clinical_plus_pathway,random_survival_forest,"{""max_features"": 0.5, ""min_samples_leaf"": 10, ""n_estimators"": 500}",0.5502813411223662,,nested_tuning
6,0,clinical_plus_recast,survivalpfn,{},,,single_candidate_no_tuning
6,0,clinical_plus_recast,elastic_net_cox,"{""l1_ratio"": 0.0, ""penalizer"": 0.01}",0.608828998064714,,nested_tuning
6,0,clinical_plus_recast,elastic_net_cox,"{""l1_ratio"": 0.5, ""penalizer"": 0.01}",0.6085598460064171,,nested_tuning
6,0,clinical_plus_recast,elastic_net_cox,"{""l1_ratio"": 0.0, ""penalizer"": 0.1}",0.6015107339437264,,nested_tuning
6,0,clinical_plus_recast,elastic_net_cox,"{""l1_ratio"": 0.5, ""penalizer"": 0.1}",0.6299842677235996,,nested_tuning
6,0,clinical_plus_recast,elastic_net_cox,"{""l1_ratio"": 0.0, ""penalizer"": 1.0}",0.5999547865539084,,nested_tuning
6,0,clinical_plus_recast,elastic_net_cox,"{""l1_ratio"": 0.5, ""penalizer"": 1.0}",0.6092193430447234,,nested_tuning
6,0,clinical_plus_recast,elastic_net_cox,"{""l1_ratio"": 1.0, ""penalizer"": 0.1}",0.6103674328250062,,nested_tuning
6,0,clinical_plus_recast,elastic_net_cox,"{""l1_ratio"": 1.0, ""penalizer"": 1.0}",0.6093159179212414,,nested_tuning
6,0,clinical_plus_recast,xgb_aft,"{""colsample_bytree"": 0.8, ""eta"": 0.03, ""lambda"": 2.0, ""max_depth"": 1, ""min_child_weight"": 5, ""num_boost_round"": 150, ""subsample"": 0.8}",0.5356107284812349,,nested_tuning
6,0,clinical_plus_recast,xgb_aft,"{""colsample_bytree"": 0.8, ""eta"": 0.03, ""lambda"": 2.0, ""max_depth"": 2, ""min_child_weight"": 5, ""num_boost_round"": 150, ""subsample"": 0.8}",0.5165097332648929,,nested_tuning
6,0,clinical_plus_recast,xgb_aft,"{""colsample_bytree"": 0.8, ""eta"": 0.1, ""lambda"": 2.0, ""max_depth"": 1, ""min_child_weight"": 5, ""num_boost_round"": 150, ""subsample"": 0.8}",0.561677789044922,,nested_tuning
6,0,clinical_plus_recast,xgb_aft,"{""colsample_bytree"": 0.8, ""eta"": 0.1, ""lambda"": 2.0, ""max_depth"": 2, ""min_child_weight"": 5, ""num_boost_round"": 150, ""subsample"": 0.8}",0.5096904801963976,,nested_tuning
6,0,clinical_plus_recast,random_survival_forest,"{""max_features"": ""sqrt"", ""min_samples_leaf"": 5, ""n_estimators"": 500}",0.5805941942606224,,nested_tuning
6,0,clinical_plus_recast,random_survival_forest,"{""max_features"": 0.5, ""min_samples_leaf"": 5, ""n_estimators"": 500}",0.5897057446697735,,nested_tuning
6,0,clinical_plus_recast,random_survival_forest,"{""max_features"": ""sqrt"", ""min_samples_leaf"": 10, ""n_estimators"": 500}",0.5711491969191281,,nested_tuning
6,0,clinical_plus_recast,random_survival_forest,"{""max_features"": 0.5, ""min_samples_leaf"": 10, ""n_estimators"": 500}",0.5872314999681422,,nested_tuning
6,0,full,survivalpfn,{},,,single_candidate_no_tuning
6,0,full,elastic_net_cox,"{""l1_ratio"": 0.0, ""penalizer"": 0.01}",0.5781906345478398,,nested_tuning
6,0,full,elastic_net_cox,"{""l1_ratio"": 0.5, ""penalizer"": 0.01}",0.582066187654103,,nested_tuning
6,0,full,elastic_net_cox,"{""l1_ratio"": 0.0, ""penalizer"": 0.1}",0.5647397096294933,,nested_tuning
6,0,full,elastic_net_cox,"{""l1_ratio"": 0.5, ""penalizer"": 0.1}",0.624314237769666,,nested_tuning
6,0,full,elastic_net_cox,"{""l1_ratio"": 0.0, ""penalizer"": 1.0}",0.556439142698836,,nested_tuning
6,0,full,elastic_net_cox,"{""l1_ratio"": 0.5, ""penalizer"": 1.0}",0.49267622400259026,,nested_tuning
6,0,full,elastic_net_cox,"{""l1_ratio"": 1.0, ""penalizer"": 0.1}",0.6108409228282848,,nested_tuning
6,0,full,elastic_net_cox,"{""l1_ratio"": 1.0, ""penalizer"": 1.0}",0.49220430217547606,,nested_tuning
6,0,full,xgb_aft,"{""colsample_bytree"": 0.8, ""eta"": 0.03, ""lambda"": 2.0, ""max_depth"": 1, ""min_child_weight"": 5, ""num_boost_round"": 150, ""subsample"": 0.8}",0.49818196542101123,,nested_tuning
6,0,full,xgb_aft,"{""colsample_bytree"": 0.8, ""eta"": 0.03, ""lambda"": 2.0, ""max_depth"": 2, ""min_child_weight"": 5, ""num_boost_round"": 150, ""subsample"": 0.8}",0.4544892543547426,,nested_tuning
6,0,full,xgb_aft,"{""colsample_bytree"": 0.8, ""eta"": 0.1, ""lambda"": 2.0, ""max_depth"": 1, ""min_child_weight"": 5, ""num_boost_round"": 150, ""subsample"": 0.8}",0.5188744368874578,,nested_tuning
6,0,full,xgb_aft,"{""colsample_bytree"": 0.8, ""eta"": 0.1, ""lambda"": 2.0, ""max_depth"": 2, ""min_child_weight"": 5, ""num_boost_round"": 150, ""subsample"": 0.8}",0.49561486507807007,,nested_tuning
6,0,full,random_survival_forest,"{""max_features"": ""sqrt"", ""min_samples_leaf"": 5, ""n_estimators"": 500}",0.4835104772379515,,nested_tuning
6,0,full,random_survival_forest,"{""max_features"": 0.5, ""min_samples_leaf"": 5, ""n_estimators"": 500}",0.4820600771250928,,nested_tuning
6,0,full,random_survival_forest,"{""max_features"": ""sqrt"", ""min_samples_leaf"": 10, ""n_estimators"": 500}",0.5069888914178009,,nested_tuning
6,0,full,random_survival_forest,"{""max_features"": 0.5, ""min_samples_leaf"": 10, ""n_estimators"": 500}",0.5367788648702688,,nested_tuning
6,1,clinical,survivalpfn,{},,,single_candidate_no_tuning
6,1,clinical,elastic_net_cox,"{""l1_ratio"": 0.0, ""penalizer"": 0.01}",0.5797280596899472,,nested_tuning
6,1,clinical,elastic_net_cox,"{""l1_ratio"": 0.5, ""penalizer"": 0.01}",0.5797719230746574,,nested_tuning
6,1,clinical,elastic_net_cox,"{""l1_ratio"": 0.0, ""penalizer"": 0.1}",0.5808432072016345,,nested_tuning
6,1,clinical,elastic_net_cox,"{""l1_ratio"": 0.5, ""penalizer"": 0.1}",0.5784510928745183,,nested_tuning
6,1,clinical,elastic_net_cox,"{""l1_ratio"": 0.0, ""penalizer"": 1.0}",0.5843203394367982,,nested_tuning
6,1,clinical,elastic_net_cox,"{""l1_ratio"": 0.5, ""penalizer"": 1.0}",0.5945568801572666,,nested_tuning
6,1,clinical,elastic_net_cox,"{""l1_ratio"": 1.0, ""penalizer"": 0.1}",0.5868384245008692,,nested_tuning
6,1,clinical,elastic_net_cox,"{""l1_ratio"": 1.0, ""penalizer"": 1.0}",0.5945568801572666,,nested_tuning
6,1,clinical,xgb_aft,"{""colsample_bytree"": 0.8, ""eta"": 0.03, ""lambda"": 2.0, ""max_depth"": 1, ""min_child_weight"": 5, ""num_boost_round"": 150, ""subsample"": 0.8}",0.5309583696572162,,nested_tuning
6,1,clinical,xgb_aft,"{""colsample_bytree"": 0.8, ""eta"": 0.03, ""lambda"": 2.0, ""max_depth"": 2, ""min_child_weight"": 5, ""num_boost_round"": 150, ""subsample"": 0.8}",0.5753089198156774,,nested_tuning
6,1,clinical,xgb_aft,"{""colsample_bytree"": 0.8, ""eta"": 0.1, ""lambda"": 2.0, ""max_depth"": 1, ""min_child_weight"": 5, ""num_boost_round"": 150, ""subsample"": 0.8}",0.5505146460415489,,nested_tuning
6,1,clinical,xgb_aft,"{""colsample_bytree"": 0.8, ""eta"": 0.1, ""lambda"": 2.0, ""max_depth"": 2, ""min_child_weight"": 5, ""num_boost_round"": 150, ""subsample"": 0.8}",0.5789698087507054,,nested_tuning
6,1,clinical,random_survival_forest,"{""max_features"": ""sqrt"", ""min_samples_leaf"": 5, ""n_estimators"": 500}",0.6065473360276417,,nested_tuning
6,1,clinical,random_survival_forest,"{""max_features"": 0.5, ""min_samples_leaf"": 5, ""n_estimators"": 500}",0.6062710594468864,,nested_tuning
6,1,clinical,random_survival_forest,"{""max_features"": ""sqrt"", ""min_samples_leaf"": 10, ""n_estimators"": 500}",0.5868784172691475,,nested_tuning
6,1,clinical,random_survival_forest,"{""max_features"": 0.5, ""min_samples_leaf"": 10, ""n_estimators"": 500}",0.5770944232425856,,nested_tuning
6,1,clinical_plus_pathway,survivalpfn,{},,,single_candidate_no_tuning
6,1,clinical_plus_pathway,elastic_net_cox,"{""l1_ratio"": 0.0, ""penalizer"": 0.01}",0.48940511861518055,,nested_tuning
6,1,clinical_plus_pathway,elastic_net_cox,"{""l1_ratio"": 0.5, ""penalizer"": 0.01}",0.4929722136791463,,nested_tuning
6,1,clinical_plus_pathway,elastic_net_cox,"{""l1_ratio"": 0.0, ""penalizer"": 0.1}",0.48917106946067596,,nested_tuning
6,1,clinical_plus_pathway,elastic_net_cox,"{""l1_ratio"": 0.5, ""penalizer"": 0.1}",0.5704480910032961,,nested_tuning
6,1,clinical_plus_pathway,elastic_net_cox,"{""l1_ratio"": 0.0, ""penalizer"": 1.0}",0.5220309055493204,,nested_tuning
6,1,clinical_plus_pathway,elastic_net_cox,"{""l1_ratio"": 0.5, ""penalizer"": 1.0}",0.4933948214640424,,nested_tuning
6,1,clinical_plus_pathway,elastic_net_cox,"{""l1_ratio"": 1.0, ""penalizer"": 0.1}",0.578972283447745,,nested_tuning
6,1,clinical_plus_pathway,elastic_net_cox,"{""l1_ratio"": 1.0, ""penalizer"": 1.0}",0.4933948214640424,,nested_tuning
6,1,clinical_plus_pathway,xgb_aft,"{""colsample_bytree"": 0.8, ""eta"": 0.03, ""lambda"": 2.0, ""max_depth"": 1, ""min_child_weight"": 5, ""num_boost_round"": 150, ""subsample"": 0.8}",0.45422181146836677,,nested_tuning
6,1,clinical_plus_pathway,xgb_aft,"{""colsample_bytree"": 0.8, ""eta"": 0.03, ""lambda"": 2.0, ""max_depth"": 2, ""min_child_weight"": 5, ""num_boost_round"": 150, ""subsample"": 0.8}",0.4760521949576182,,nested_tuning
6,1,clinical_plus_pathway,xgb_aft,"{""colsample_bytree"": 0.8, ""eta"": 0.1, ""lambda"": 2.0, ""max_depth"": 1, ""min_child_weight"": 5, ""num_boost_round"": 150, ""subsample"": 0.8}",0.4847450812813773,,nested_tuning
6,1,clinical_plus_pathway,xgb_aft,"{""colsample_bytree"": 0.8, ""eta"": 0.1, ""lambda"": 2.0, ""max_depth"": 2, ""min_child_weight"": 5, ""num_boost_round"": 150, ""subsample"": 0.8}",0.504562314001386,,nested_tuning
6,1,clinical_plus_pathway,random_survival_forest,"{""max_features"": ""sqrt"", ""min_samples_leaf"": 5, ""n_estimators"": 500}",0.5236843179939094,,nested_tuning
6,1,clinical_plus_pathway,random_survival_forest,"{""max_features"": 0.5, ""min_samples_leaf"": 5, ""n_estimators"": 500}",0.5119535325883688,,nested_tuning
6,1,clinical_plus_pathway,random_survival_forest,"{""max_features"": ""sqrt"", ""min_samples_leaf"": 10, ""n_estimators"": 500}",0.492633972486249,,nested_tuning
6,1,clinical_plus_pathway,random_survival_forest,"{""max_features"": 0.5, ""min_samples_leaf"": 10, ""n_estimators"": 500}",0.5014161042248849,,nested_tuning
6,1,clinical_plus_recast,survivalpfn,{},,,single_candidate_no_tuning
6,1,clinical_plus_recast,elastic_net_cox,"{""l1_ratio"": 0.0, ""penalizer"": 0.01}",0.5275323849697683,,nested_tuning
6,1,clinical_plus_recast,elastic_net_cox,"{""l1_ratio"": 0.5, ""penalizer"": 0.01}",0.5418822722876385,,nested_tuning
6,1,clinical_plus_recast,elastic_net_cox,"{""l1_ratio"": 0.0, ""penalizer"": 0.1}",0.5364377862638878,,nested_tuning
6,1,clinical_plus_recast,elastic_net_cox,"{""l1_ratio"": 0.5, ""penalizer"": 0.1}",0.5695908677415932,,nested_tuning
6,1,clinical_plus_recast,elastic_net_cox,"{""l1_ratio"": 0.0, ""penalizer"": 1.0}",0.5460888590330147,,nested_tuning
6,1,clinical_plus_recast,elastic_net_cox,"{""l1_ratio"": 0.5, ""penalizer"": 1.0}",0.5573538141456557,,nested_tuning
6,1,clinical_plus_recast,elastic_net_cox,"{""l1_ratio"": 1.0, ""penalizer"": 0.1}",0.5497664528008493,,nested_tuning
6,1,clinical_plus_recast,elastic_net_cox,"{""l1_ratio"": 1.0, ""penalizer"": 1.0}",0.5579738386338211,,nested_tuning
6,1,clinical_plus_recast,xgb_aft,"{""colsample_bytree"": 0.8, ""eta"": 0.03, ""lambda"": 2.0, ""max_depth"": 1, ""min_child_weight"": 5, ""num_boost_round"": 150, ""subsample"": 0.8}",0.49316179127649323,,nested_tuning
6,1,clinical_plus_recast,xgb_aft,"{""colsample_bytree"": 0.8, ""eta"": 0.03, ""lambda"": 2.0, ""max_depth"": 2, ""min_child_weight"": 5, ""num_boost_round"": 150, ""subsample"": 0.8}",0.5415729014988563,,nested_tuning
6,1,clinical_plus_recast,xgb_aft,"{""colsample_bytree"": 0.8, ""eta"": 0.1, ""lambda"": 2.0, ""max_depth"": 1, ""min_child_weight"": 5, ""num_boost_round"": 150, ""subsample"": 0.8}",0.5035016112006339,,nested_tuning
6,1,clinical_plus_recast,xgb_aft,"{""colsample_bytree"": 0.8, ""eta"": 0.1, ""lambda"": 2.0, ""max_depth"": 2, ""min_child_weight"": 5, ""num_boost_round"": 150, ""subsample"": 0.8}",0.5495387227453279,,nested_tuning
6,1,clinical_plus_recast,random_survival_forest,"{""max_features"": ""sqrt"", ""min_samples_leaf"": 5, ""n_estimators"": 500}",0.5769591729243836,,nested_tuning
6,1,clinical_plus_recast,random_survival_forest,"{""max_features"": 0.5, ""min_samples_leaf"": 5, ""n_estimators"": 500}",0.5469913995193744,,nested_tuning
6,1,clinical_plus_recast,random_survival_forest,"{""max_features"": ""sqrt"", ""min_samples_leaf"": 10, ""n_estimators"": 500}",0.5470720106963107,,nested_tuning
6,1,clinical_plus_recast,random_survival_forest,"{""max_features"": 0.5, ""min_samples_leaf"": 10, ""n_estimators"": 500}",0.5334337200784991,,nested_tuning
6,1,full,survivalpfn,{},,,single_candidate_no_tuning
6,1,full,elastic_net_cox,"{""l1_ratio"": 0.0, ""penalizer"": 0.01}",0.5168872872070642,,nested_tuning
6,1,full,elastic_net_cox,"{""l1_ratio"": 0.5, ""penalizer"": 0.01}",0.5067127366071921,,nested_tuning
6,1,full,elastic_net_cox,"{""l1_ratio"": 0.0, ""penalizer"": 0.1}",0.49108666367057086,,nested_tuning
6,1,full,elastic_net_cox,"{""l1_ratio"": 0.5, ""penalizer"": 0.1}",0.5769597857008917,,nested_tuning
6,1,full,elastic_net_cox,"{""l1_ratio"": 0.0, ""penalizer"": 1.0}",0.5063542002805023,,nested_tuning
6,1,full,elastic_net_cox,"{""l1_ratio"": 0.5, ""penalizer"": 1.0}",0.48871110190599387,,nested_tuning
6,1,full,elastic_net_cox,"{""l1_ratio"": 1.0, ""penalizer"": 0.1}",0.5721109521233262,,nested_tuning
6,1,full,elastic_net_cox,"{""l1_ratio"": 1.0, ""penalizer"": 1.0}",0.4876476111677758,,nested_tuning
6,1,full,xgb_aft,"{""colsample_bytree"": 0.8, ""eta"": 0.03, ""lambda"": 2.0, ""max_depth"": 1, ""min_child_weight"": 5, ""num_boost_round"": 150, ""subsample"": 0.8}",0.4315715793963514,,nested_tuning
6,1,full,xgb_aft,"{""colsample_bytree"": 0.8, ""eta"": 0.03, ""lambda"": 2.0, ""max_depth"": 2, ""min_child_weight"": 5, ""num_boost_round"": 150, ""subsample"": 0.8}",0.4598923343956819,,nested_tuning
6,1,full,xgb_aft,"{""colsample_bytree"": 0.8, ""eta"": 0.1, ""lambda"": 2.0, ""max_depth"": 1, ""min_child_weight"": 5, ""num_boost_round"": 150, ""subsample"": 0.8}",0.4749756991173395,,nested_tuning
6,1,full,xgb_aft,"{""colsample_bytree"": 0.8, ""eta"": 0.1, ""lambda"": 2.0, ""max_depth"": 2, ""min_child_weight"": 5, ""num_boost_round"": 150, ""subsample"": 0.8}",0.4853448168242527,,nested_tuning
6,1,full,random_survival_forest,"{""max_features"": ""sqrt"", ""min_samples_leaf"": 5, ""n_estimators"": 500}",0.48013034373858765,,nested_tuning
6,1,full,random_survival_forest,"{""max_features"": 0.5, ""min_samples_leaf"": 5, ""n_estimators"": 500}",0.47118466598996667,,nested_tuning
6,1,full,random_survival_forest,"{""max_features"": ""sqrt"", ""min_samples_leaf"": 10, ""n_estimators"": 500}",0.48122399783886627,,nested_tuning
6,1,full,random_survival_forest,"{""max_features"": 0.5, ""min_samples_leaf"": 10, ""n_estimators"": 500}",0.4830610787340782,,nested_tuning
6,2,clinical,survivalpfn,{},,,single_candidate_no_tuning
6,2,clinical,elastic_net_cox,"{""l1_ratio"": 0.0, ""penalizer"": 0.01}",0.5442509283045079,,nested_tuning
6,2,clinical,elastic_net_cox,"{""l1_ratio"": 0.5, ""penalizer"": 0.01}",0.5437975436441295,,nested_tuning
6,2,clinical,elastic_net_cox,"{""l1_ratio"": 0.0, ""penalizer"": 0.1}",0.5549588272664818,,nested_tuning
6,2,clinical,elastic_net_cox,"{""l1_ratio"": 0.5, ""penalizer"": 0.1}",0.5667158431044651,,nested_tuning
6,2,clinical,elastic_net_cox,"{""l1_ratio"": 0.0, ""penalizer"": 1.0}",0.5776503710842406,,nested_tuning
6,2,clinical,elastic_net_cox,"{""l1_ratio"": 0.5, ""penalizer"": 1.0}",0.5574931583944457,,nested_tuning
6,2,clinical,elastic_net_cox,"{""l1_ratio"": 1.0, ""penalizer"": 0.1}",0.569127744187562,,nested_tuning
6,2,clinical,elastic_net_cox,"{""l1_ratio"": 1.0, ""penalizer"": 1.0}",0.5584460325259943,,nested_tuning
6,2,clinical,xgb_aft,"{""colsample_bytree"": 0.8, ""eta"": 0.03, ""lambda"": 2.0, ""max_depth"": 1, ""min_child_weight"": 5, ""num_boost_round"": 150, ""subsample"": 0.8}",0.4989493422969912,,nested_tuning
6,2,clinical,xgb_aft,"{""colsample_bytree"": 0.8, ""eta"": 0.03, ""lambda"": 2.0, ""max_depth"": 2, ""min_child_weight"": 5, ""num_boost_round"": 150, ""subsample"": 0.8}",0.5349203962332462,,nested_tuning
6,2,clinical,xgb_aft,"{""colsample_bytree"": 0.8, ""eta"": 0.1, ""lambda"": 2.0, ""max_depth"": 1, ""min_child_weight"": 5, ""num_boost_round"": 150, ""subsample"": 0.8}",0.48192126739559205,,nested_tuning
6,2,clinical,xgb_aft,"{""colsample_bytree"": 0.8, ""eta"": 0.1, ""lambda"": 2.0, ""max_depth"": 2, ""min_child_weight"": 5, ""num_boost_round"": 150, ""subsample"": 0.8}",0.5264917440105684,,nested_tuning
6,2,clinical,random_survival_forest,"{""max_features"": ""sqrt"", ""min_samples_leaf"": 5, ""n_estimators"": 500}",0.5524369744833071,,nested_tuning
6,2,clinical,random_survival_forest,"{""max_features"": 0.5, ""min_samples_leaf"": 5, ""n_estimators"": 500}",0.5353544515576264,,nested_tuning
6,2,clinical,random_survival_forest,"{""max_features"": ""sqrt"", ""min_samples_leaf"": 10, ""n_estimators"": 500}",0.5403686005664665,,nested_tuning
6,2,clinical,random_survival_forest,"{""max_features"": 0.5, ""min_samples_leaf"": 10, ""n_estimators"": 500}",0.5456258872345259,,nested_tuning
6,2,clinical_plus_pathway,survivalpfn,{},,,single_candidate_no_tuning
6,2,clinical_plus_pathway,elastic_net_cox,"{""l1_ratio"": 0.0, ""penalizer"": 0.01}",0.5562314254118292,,nested_tuning
6,2,clinical_plus_pathway,elastic_net_cox,"{""l1_ratio"": 0.5, ""penalizer"": 0.01}",0.5402425316471156,,nested_tuning
6,2,clinical_plus_pathway,elastic_net_cox,"{""l1_ratio"": 0.0, ""penalizer"": 0.1}",0.5295544304294315,,nested_tuning
6,2,clinical_plus_pathway,elastic_net_cox,"{""l1_ratio"": 0.5, ""penalizer"": 0.1}",0.5521757954901101,,nested_tuning
6,2,clinical_plus_pathway,elastic_net_cox,"{""l1_ratio"": 0.0, ""penalizer"": 1.0}",0.5407197996987538,,nested_tuning
6,2,clinical_plus_pathway,elastic_net_cox,"{""l1_ratio"": 0.5, ""penalizer"": 1.0}",0.4535731309067503,,nested_tuning
6,2,clinical_plus_pathway,elastic_net_cox,"{""l1_ratio"": 1.0, ""penalizer"": 0.1}",0.5444330069569479,,nested_tuning
6,2,clinical_plus_pathway,elastic_net_cox,"{""l1_ratio"": 1.0, ""penalizer"": 1.0}",0.4522119539388683,,nested_tuning
6,2,clinical_plus_pathway,xgb_aft,"{""colsample_bytree"": 0.8, ""eta"": 0.03, ""lambda"": 2.0, ""max_depth"": 1, ""min_child_weight"": 5, ""num_boost_round"": 150, ""subsample"": 0.8}",0.4847995604931871,,nested_tuning
6,2,clinical_plus_pathway,xgb_aft,"{""colsample_bytree"": 0.8, ""eta"": 0.03, ""lambda"": 2.0, ""max_depth"": 2, ""min_child_weight"": 5, ""num_boost_round"": 150, ""subsample"": 0.8}",0.5073023613265419,,nested_tuning
6,2,clinical_plus_pathway,xgb_aft,"{""colsample_bytree"": 0.8, ""eta"": 0.1, ""lambda"": 2.0, ""max_depth"": 1, ""min_child_weight"": 5, ""num_boost_round"": 150, ""subsample"": 0.8}",0.5107545020509032,,nested_tuning
6,2,clinical_plus_pathway,xgb_aft,"{""colsample_bytree"": 0.8, ""eta"": 0.1, ""lambda"": 2.0, ""max_depth"": 2, ""min_child_weight"": 5, ""num_boost_round"": 150, ""subsample"": 0.8}",0.5606065861238421,,nested_tuning
6,2,clinical_plus_pathway,random_survival_forest,"{""max_features"": ""sqrt"", ""min_samples_leaf"": 5, ""n_estimators"": 500}",0.5878470767125269,,nested_tuning
6,2,clinical_plus_pathway,random_survival_forest,"{""max_features"": 0.5, ""min_samples_leaf"": 5, ""n_estimators"": 500}",0.5895970155342544,,nested_tuning
6,2,clinical_plus_pathway,random_survival_forest,"{""max_features"": ""sqrt"", ""min_samples_leaf"": 10, ""n_estimators"": 500}",0.525249130335967,,nested_tuning
6,2,clinical_plus_pathway,random_survival_forest,"{""max_features"": 0.5, ""min_samples_leaf"": 10, ""n_estimators"": 500}",0.571055023779235,,nested_tuning
6,2,clinical_plus_recast,survivalpfn,{},,,single_candidate_no_tuning
6,2,clinical_plus_recast,elastic_net_cox,"{""l1_ratio"": 0.0, ""penalizer"": 0.01}",0.5365202108055526,,nested_tuning
6,2,clinical_plus_recast,elastic_net_cox,"{""l1_ratio"": 0.5, ""penalizer"": 0.01}",0.5380198907350965,,nested_tuning
6,2,clinical_plus_recast,elastic_net_cox,"{""l1_ratio"": 0.0, ""penalizer"": 0.1}",0.5325272125826921,,nested_tuning
6,2,clinical_plus_recast,elastic_net_cox,"{""l1_ratio"": 0.5, ""penalizer"": 0.1}",0.5397657339593763,,nested_tuning
6,2,clinical_plus_recast,elastic_net_cox,"{""l1_ratio"": 0.0, ""penalizer"": 1.0}",0.5097931133523961,,nested_tuning
6,2,clinical_plus_recast,elastic_net_cox,"{""l1_ratio"": 0.5, ""penalizer"": 1.0}",0.49162860162104316,,nested_tuning
6,2,clinical_plus_recast,elastic_net_cox,"{""l1_ratio"": 1.0, ""penalizer"": 0.1}",0.5625297116141326,,nested_tuning
6,2,clinical_plus_recast,elastic_net_cox,"{""l1_ratio"": 1.0, ""penalizer"": 1.0}",0.4882906106503597,,nested_tuning
6,2,clinical_plus_recast,xgb_aft,"{""colsample_bytree"": 0.8, ""eta"": 0.03, ""lambda"": 2.0, ""max_depth"": 1, ""min_child_weight"": 5, ""num_boost_round"": 150, ""subsample"": 0.8}",0.4562117266635616,,nested_tuning
6,2,clinical_plus_recast,xgb_aft,"{""colsample_bytree"": 0.8, ""eta"": 0.03, ""lambda"": 2.0, ""max_depth"": 2, ""min_child_weight"": 5, ""num_boost_round"": 150, ""subsample"": 0.8}",0.43210941052559154,,nested_tuning
6,2,clinical_plus_recast,xgb_aft,"{""colsample_bytree"": 0.8, ""eta"": 0.1, ""lambda"": 2.0, ""max_depth"": 1, ""min_child_weight"": 5, ""num_boost_round"": 150, ""subsample"": 0.8}",0.4478056982022958,,nested_tuning
6,2,clinical_plus_recast,xgb_aft,"{""colsample_bytree"": 0.8, ""eta"": 0.1, ""lambda"": 2.0, ""max_depth"": 2, ""min_child_weight"": 5, ""num_boost_round"": 150, ""subsample"": 0.8}",0.4001615316809979,,nested_tuning
6,2,clinical_plus_recast,random_survival_forest,"{""max_features"": ""sqrt"", ""min_samples_leaf"": 5, ""n_estimators"": 500}",0.4870831203522029,,nested_tuning
6,2,clinical_plus_recast,random_survival_forest,"{""max_features"": 0.5, ""min_samples_leaf"": 5, ""n_estimators"": 500}",0.46493661269893477,,nested_tuning
6,2,clinical_plus_recast,random_survival_forest,"{""max_features"": ""sqrt"", ""min_samples_leaf"": 10, ""n_estimators"": 500}",0.429462922076165,,nested_tuning
6,2,clinical_plus_recast,random_survival_forest,"{""max_features"": 0.5, ""min_samples_leaf"": 10, ""n_estimators"": 500}",0.41277034246838995,,nested_tuning
6,2,full,survivalpfn,{},,,single_candidate_no_tuning
6,2,full,elastic_net_cox,"{""l1_ratio"": 0.0, ""penalizer"": 0.01}",0.5341827686602949,,nested_tuning
6,2,full,elastic_net_cox,"{""l1_ratio"": 0.5, ""penalizer"": 0.01}",0.5214355577548786,,nested_tuning
6,2,full,elastic_net_cox,"{""l1_ratio"": 0.0, ""penalizer"": 0.1}",0.5229314456288994,,nested_tuning
6,2,full,elastic_net_cox,"{""l1_ratio"": 0.5, ""penalizer"": 0.1}",0.5425265084097989,,nested_tuning
6,2,full,elastic_net_cox,"{""l1_ratio"": 0.0, ""penalizer"": 1.0}",0.5249125132864262,,nested_tuning
6,2,full,elastic_net_cox,"{""l1_ratio"": 0.5, ""penalizer"": 1.0}",0.43509047201293727,,nested_tuning
6,2,full,elastic_net_cox,"{""l1_ratio"": 1.0, ""penalizer"": 0.1}",0.5323716337270756,,nested_tuning
6,2,full,elastic_net_cox,"{""l1_ratio"": 1.0, ""penalizer"": 1.0}",0.4302367775720008,,nested_tuning
6,2,full,xgb_aft,"{""colsample_bytree"": 0.8, ""eta"": 0.03, ""lambda"": 2.0, ""max_depth"": 1, ""min_child_weight"": 5, ""num_boost_round"": 150, ""subsample"": 0.8}",0.447528589377605,,nested_tuning
6,2,full,xgb_aft,"{""colsample_bytree"": 0.8, ""eta"": 0.03, ""lambda"": 2.0, ""max_depth"": 2, ""min_child_weight"": 5, ""num_boost_round"": 150, ""subsample"": 0.8}",0.510263447103444,,nested_tuning
6,2,full,xgb_aft,"{""colsample_bytree"": 0.8, ""eta"": 0.1, ""lambda"": 2.0, ""max_depth"": 1, ""min_child_weight"": 5, ""num_boost_round"": 150, ""subsample"": 0.8}",0.4828917687722274,,nested_tuning
6,2,full,xgb_aft,"{""colsample_bytree"": 0.8, ""eta"": 0.1, ""lambda"": 2.0, ""max_depth"": 2, ""min_child_weight"": 5, ""num_boost_round"": 150, ""subsample"": 0.8}",0.5613578244846525,,nested_tuning
6,2,full,random_survival_forest,"{""max_features"": ""sqrt"", ""min_samples_leaf"": 5, ""n_estimators"": 500}",0.5933223370221052,,nested_tuning
6,2,full,random_survival_forest,"{""max_features"": 0.5, ""min_samples_leaf"": 5, ""n_estimators"": 500}",0.5189243484761424,,nested_tuning
6,2,full,random_survival_forest,"{""max_features"": ""sqrt"", ""min_samples_leaf"": 10, ""n_estimators"": 500}",0.5116463917570628,,nested_tuning
6,2,full,random_survival_forest,"{""max_features"": 0.5, ""min_samples_leaf"": 10, ""n_estimators"": 500}",0.5283732911627603,,nested_tuning
6,3,clinical,survivalpfn,{},,,single_candidate_no_tuning
6,3,clinical,elastic_net_cox,"{""l1_ratio"": 0.0, ""penalizer"": 0.01}",0.6439871764006492,,nested_tuning
6,3,clinical,elastic_net_cox,"{""l1_ratio"": 0.5, ""penalizer"": 0.01}",0.6417583149313535,,nested_tuning
6,3,clinical,elastic_net_cox,"{""l1_ratio"": 0.0, ""penalizer"": 0.1}",0.646026487143522,,nested_tuning
6,3,clinical,elastic_net_cox,"{""l1_ratio"": 0.5, ""penalizer"": 0.1}",0.5836415739615117,,nested_tuning
6,3,clinical,elastic_net_cox,"{""l1_ratio"": 0.0, ""penalizer"": 1.0}",0.5908070950022896,,nested_tuning
6,3,clinical,elastic_net_cox,"{""l1_ratio"": 0.5, ""penalizer"": 1.0}",0.6076956704751028,,nested_tuning
6,3,clinical,elastic_net_cox,"{""l1_ratio"": 1.0, ""penalizer"": 0.1}",0.5873481888350497,,nested_tuning
6,3,clinical,elastic_net_cox,"{""l1_ratio"": 1.0, ""penalizer"": 1.0}",0.6076956704751028,,nested_tuning
6,3,clinical,xgb_aft,"{""colsample_bytree"": 0.8, ""eta"": 0.03, ""lambda"": 2.0, ""max_depth"": 1, ""min_child_weight"": 5, ""num_boost_round"": 150, ""subsample"": 0.8}",0.5175698709433878,,nested_tuning
6,3,clinical,xgb_aft,"{""colsample_bytree"": 0.8, ""eta"": 0.03, ""lambda"": 2.0, ""max_depth"": 2, ""min_child_weight"": 5, ""num_boost_round"": 150, ""subsample"": 0.8}",0.5220798898873851,,nested_tuning
6,3,clinical,xgb_aft,"{""colsample_bytree"": 0.8, ""eta"": 0.1, ""lambda"": 2.0, ""max_depth"": 1, ""min_child_weight"": 5, ""num_boost_round"": 150, ""subsample"": 0.8}",0.5332583747950632,,nested_tuning
6,3,clinical,xgb_aft,"{""colsample_bytree"": 0.8, ""eta"": 0.1, ""lambda"": 2.0, ""max_depth"": 2, ""min_child_weight"": 5, ""num_boost_round"": 150, ""subsample"": 0.8}",0.5062652969211093,,nested_tuning
6,3,clinical,random_survival_forest,"{""max_features"": ""sqrt"", ""min_samples_leaf"": 5, ""n_estimators"": 500}",0.5070317341731881,,nested_tuning
6,3,clinical,random_survival_forest,"{""max_features"": 0.5, ""min_samples_leaf"": 5, ""n_estimators"": 500}",0.49156562663346315,,nested_tuning
6,3,clinical,random_survival_forest,"{""max_features"": ""sqrt"", ""min_samples_leaf"": 10, ""n_estimators"": 500}",0.5121230297739292,,nested_tuning
6,3,clinical,random_survival_forest,"{""max_features"": 0.5, ""min_samples_leaf"": 10, ""n_estimators"": 500}",0.5089254696184209,,nested_tuning
6,3,clinical_plus_pathway,survivalpfn,{},,,single_candidate_no_tuning
6,3,clinical_plus_pathway,elastic_net_cox,"{""l1_ratio"": 0.0, ""penalizer"": 0.01}",0.6648023816624699,,nested_tuning
6,3,clinical_plus_pathway,elastic_net_cox,"{""l1_ratio"": 0.5, ""penalizer"": 0.01}",0.6508950933138895,,nested_tuning
6,3,clinical_plus_pathway,elastic_net_cox,"{""l1_ratio"": 0.0, ""penalizer"": 0.1}",0.6523633723434993,,nested_tuning
6,3,clinical_plus_pathway,elastic_net_cox,"{""l1_ratio"": 0.5, ""penalizer"": 0.1}",0.5258295119186787,,nested_tuning
6,3,clinical_plus_pathway,elastic_net_cox,"{""l1_ratio"": 0.0, ""penalizer"": 1.0}",0.5822270789211161,,nested_tuning
6,3,clinical_plus_pathway,elastic_net_cox,"{""l1_ratio"": 0.5, ""penalizer"": 1.0}",0.5407916227984004,,nested_tuning
6,3,clinical_plus_pathway,elastic_net_cox,"{""l1_ratio"": 1.0, ""penalizer"": 0.1}",0.5204825962529859,,nested_tuning
6,3,clinical_plus_pathway,elastic_net_cox,"{""l1_ratio"": 1.0, ""penalizer"": 1.0}",0.5407916227984004,,nested_tuning
6,3,clinical_plus_pathway,xgb_aft,"{""colsample_bytree"": 0.8, ""eta"": 0.03, ""lambda"": 2.0, ""max_depth"": 1, ""min_child_weight"": 5, ""num_boost_round"": 150, ""subsample"": 0.8}",0.5759513486682821,,nested_tuning
6,3,clinical_plus_pathway,xgb_aft,"{""colsample_bytree"": 0.8, ""eta"": 0.03, ""lambda"": 2.0, ""max_depth"": 2, ""min_child_weight"": 5, ""num_boost_round"": 150, ""subsample"": 0.8}",0.5775514511849531,,nested_tuning
6,3,clinical_plus_pathway,xgb_aft,"{""colsample_bytree"": 0.8, ""eta"": 0.1, ""lambda"": 2.0, ""max_depth"": 1, ""min_child_weight"": 5, ""num_boost_round"": 150, ""subsample"": 0.8}",0.5631208076649336,,nested_tuning
6,3,clinical_plus_pathway,xgb_aft,"{""colsample_bytree"": 0.8, ""eta"": 0.1, ""lambda"": 2.0, ""max_depth"": 2, ""min_child_weight"": 5, ""num_boost_round"": 150, ""subsample"": 0.8}",0.5790486223295435,,nested_tuning
6,3,clinical_plus_pathway,random_survival_forest,"{""max_features"": ""sqrt"", ""min_samples_leaf"": 5, ""n_estimators"": 500}",0.5390032237793638,,nested_tuning
6,3,clinical_plus_pathway,random_survival_forest,"{""max_features"": 0.5, ""min_samples_leaf"": 5, ""n_estimators"": 500}",0.5445544643024959,,nested_tuning
6,3,clinical_plus_pathway,random_survival_forest,"{""max_features"": ""sqrt"", ""min_samples_leaf"": 10, ""n_estimators"": 500}",0.5612499814799594,,nested_tuning
6,3,clinical_plus_pathway,random_survival_forest,"{""max_features"": 0.5, ""min_samples_leaf"": 10, ""n_estimators"": 500}",0.5702993234953943,,nested_tuning
6,3,clinical_plus_recast,survivalpfn,{},,,single_candidate_no_tuning
6,3,clinical_plus_recast,elastic_net_cox,"{""l1_ratio"": 0.0, ""penalizer"": 0.01}",0.6728066866488445,,nested_tuning
6,3,clinical_plus_recast,elastic_net_cox,"{""l1_ratio"": 0.5, ""penalizer"": 0.01}",0.6736391401947033,,nested_tuning
6,3,clinical_plus_recast,elastic_net_cox,"{""l1_ratio"": 0.0, ""penalizer"": 0.1}",0.6281469640497237,,nested_tuning
6,3,clinical_plus_recast,elastic_net_cox,"{""l1_ratio"": 0.5, ""penalizer"": 0.1}",0.6002245324507214,,nested_tuning
6,3,clinical_plus_recast,elastic_net_cox,"{""l1_ratio"": 0.0, ""penalizer"": 1.0}",0.5888945621227831,,nested_tuning
6,3,clinical_plus_recast,elastic_net_cox,"{""l1_ratio"": 0.5, ""penalizer"": 1.0}",0.5946035681805448,,nested_tuning
6,3,clinical_plus_recast,elastic_net_cox,"{""l1_ratio"": 1.0, ""penalizer"": 0.1}",0.5887943542528485,,nested_tuning
6,3,clinical_plus_recast,elastic_net_cox,"{""l1_ratio"": 1.0, ""penalizer"": 1.0}",0.5946035681805448,,nested_tuning
6,3,clinical_plus_recast,xgb_aft,"{""colsample_bytree"": 0.8, ""eta"": 0.03, ""lambda"": 2.0, ""max_depth"": 1, ""min_child_weight"": 5, ""num_boost_round"": 150, ""subsample"": 0.8}",0.5197318618199047,,nested_tuning
6,3,clinical_plus_recast,xgb_aft,"{""colsample_bytree"": 0.8, ""eta"": 0.03, ""lambda"": 2.0, ""max_depth"": 2, ""min_child_weight"": 5, ""num_boost_round"": 150, ""subsample"": 0.8}",0.5421056332007356,,nested_tuning
6,3,clinical_plus_recast,xgb_aft,"{""colsample_bytree"": 0.8, ""eta"": 0.1, ""lambda"": 2.0, ""max_depth"": 1, ""min_child_weight"": 5, ""num_boost_round"": 150, ""subsample"": 0.8}",0.5180692231726558,,nested_tuning
6,3,clinical_plus_recast,xgb_aft,"{""colsample_bytree"": 0.8, ""eta"": 0.1, ""lambda"": 2.0, ""max_depth"": 2, ""min_child_weight"": 5, ""num_boost_round"": 150, ""subsample"": 0.8}",0.53587232195353,,nested_tuning
6,3,clinical_plus_recast,random_survival_forest,"{""max_features"": ""sqrt"", ""min_samples_leaf"": 5, ""n_estimators"": 500}",0.48751669871316505,,nested_tuning
6,3,clinical_plus_recast,random_survival_forest,"{""max_features"": 0.5, ""min_samples_leaf"": 5, ""n_estimators"": 500}",0.4982981491031171,,nested_tuning
6,3,clinical_plus_recast,random_survival_forest,"{""max_features"": ""sqrt"", ""min_samples_leaf"": 10, ""n_estimators"": 500}",0.5081026358559304,,nested_tuning
6,3,clinical_plus_recast,random_survival_forest,"{""max_features"": 0.5, ""min_samples_leaf"": 10, ""n_estimators"": 500}",0.5073973861321803,,nested_tuning
6,3,full,survivalpfn,{},,,single_candidate_no_tuning
6,3,full,elastic_net_cox,"{""l1_ratio"": 0.0, ""penalizer"": 0.01}",0.654857191558814,,nested_tuning
6,3,full,elastic_net_cox,"{""l1_ratio"": 0.5, ""penalizer"": 0.01}",0.6448468313583735,,nested_tuning
6,3,full,elastic_net_cox,"{""l1_ratio"": 0.0, ""penalizer"": 0.1}",0.6506991158870241,,nested_tuning
6,3,full,elastic_net_cox,"{""l1_ratio"": 0.5, ""penalizer"": 0.1}",0.5509871077643607,,nested_tuning
6,3,full,elastic_net_cox,"{""l1_ratio"": 0.0, ""penalizer"": 1.0}",0.6040823652263387,,nested_tuning
6,3,full,elastic_net_cox,"{""l1_ratio"": 0.5, ""penalizer"": 1.0}",0.5215938320447495,,nested_tuning
6,3,full,elastic_net_cox,"{""l1_ratio"": 1.0, ""penalizer"": 0.1}",0.5184547613424585,,nested_tuning
6,3,full,elastic_net_cox,"{""l1_ratio"": 1.0, ""penalizer"": 1.0}",0.5220098209608827,,nested_tuning
6,3,full,xgb_aft,"{""colsample_bytree"": 0.8, ""eta"": 0.03, ""lambda"": 2.0, ""max_depth"": 1, ""min_child_weight"": 5, ""num_boost_round"": 150, ""subsample"": 0.8}",0.5479841407887014,,nested_tuning
6,3,full,xgb_aft,"{""colsample_bytree"": 0.8, ""eta"": 0.03, ""lambda"": 2.0, ""max_depth"": 2, ""min_child_weight"": 5, ""num_boost_round"": 150, ""subsample"": 0.8}",0.520959867655015,,nested_tuning
6,3,full,xgb_aft,"{""colsample_bytree"": 0.8, ""eta"": 0.1, ""lambda"": 2.0, ""max_depth"": 1, ""min_child_weight"": 5, ""num_boost_round"": 150, ""subsample"": 0.8}",0.514556366842386,,nested_tuning
6,3,full,xgb_aft,"{""colsample_bytree"": 0.8, ""eta"": 0.1, ""lambda"": 2.0, ""max_depth"": 2, ""min_child_weight"": 5, ""num_boost_round"": 150, ""subsample"": 0.8}",0.5545605110586888,,nested_tuning
6,3,full,random_survival_forest,"{""max_features"": ""sqrt"", ""min_samples_leaf"": 5, ""n_estimators"": 500}",0.4956798200117676,,nested_tuning
6,3,full,random_survival_forest,"{""max_features"": 0.5, ""min_samples_leaf"": 5, ""n_estimators"": 500}",0.517455553683311,,nested_tuning
6,3,full,random_survival_forest,"{""max_features"": ""sqrt"", ""min_samples_leaf"": 10, ""n_estimators"": 500}",0.5279384312802347,,nested_tuning
6,3,full,random_survival_forest,"{""max_features"": 0.5, ""min_samples_leaf"": 10, ""n_estimators"": 500}",0.5552742045434317,,nested_tuning
6,4,clinical,survivalpfn,{},,,single_candidate_no_tuning
6,4,clinical,elastic_net_cox,"{""l1_ratio"": 0.0, ""penalizer"": 0.01}",0.6094782917919918,,nested_tuning
6,4,clinical,elastic_net_cox,"{""l1_ratio"": 0.5, ""penalizer"": 0.01}",0.6138884074889307,,nested_tuning
6,4,clinical,elastic_net_cox,"{""l1_ratio"": 0.0, ""penalizer"": 0.1}",0.6120714001690954,,nested_tuning
6,4,clinical,elastic_net_cox,"{""l1_ratio"": 0.5, ""penalizer"": 0.1}",0.5648020336490477,,nested_tuning
6,4,clinical,elastic_net_cox,"{""l1_ratio"": 0.0, ""penalizer"": 1.0}",0.5640258558132054,,nested_tuning
6,4,clinical,elastic_net_cox,"{""l1_ratio"": 0.5, ""penalizer"": 1.0}",0.571698880521208,,nested_tuning
6,4,clinical,elastic_net_cox,"{""l1_ratio"": 1.0, ""penalizer"": 0.1}",0.5565485807751227,,nested_tuning
6,4,clinical,elastic_net_cox,"{""l1_ratio"": 1.0, ""penalizer"": 1.0}",0.5727077417509108,,nested_tuning
6,4,clinical,xgb_aft,"{""colsample_bytree"": 0.8, ""eta"": 0.03, ""lambda"": 2.0, ""max_depth"": 1, ""min_child_weight"": 5, ""num_boost_round"": 150, ""subsample"": 0.8}",0.5231334971526918,,nested_tuning
6,4,clinical,xgb_aft,"{""colsample_bytree"": 0.8, ""eta"": 0.03, ""lambda"": 2.0, ""max_depth"": 2, ""min_child_weight"": 5, ""num_boost_round"": 150, ""subsample"": 0.8}",0.5315759905365088,,nested_tuning
6,4,clinical,xgb_aft,"{""colsample_bytree"": 0.8, ""eta"": 0.1, ""lambda"": 2.0, ""max_depth"": 1, ""min_child_weight"": 5, ""num_boost_round"": 150, ""subsample"": 0.8}",0.5435046072475789,,nested_tuning
6,4,clinical,xgb_aft,"{""colsample_bytree"": 0.8, ""eta"": 0.1, ""lambda"": 2.0, ""max_depth"": 2, ""min_child_weight"": 5, ""num_boost_round"": 150, ""subsample"": 0.8}",0.5529078646993667,,nested_tuning
6,4,clinical,random_survival_forest,"{""max_features"": ""sqrt"", ""min_samples_leaf"": 5, ""n_estimators"": 500}",0.5470447004258163,,nested_tuning
6,4,clinical,random_survival_forest,"{""max_features"": 0.5, ""min_samples_leaf"": 5, ""n_estimators"": 500}",0.5309826475794521,,nested_tuning
6,4,clinical,random_survival_forest,"{""max_features"": ""sqrt"", ""min_samples_leaf"": 10, ""n_estimators"": 500}",0.545904953324897,,nested_tuning
6,4,clinical,random_survival_forest,"{""max_features"": 0.5, ""min_samples_leaf"": 10, ""n_estimators"": 500}",0.5413571395964281,,nested_tuning
6,4,clinical_plus_pathway,survivalpfn,{},,,single_candidate_no_tuning
6,4,clinical_plus_pathway,elastic_net_cox,"{""l1_ratio"": 0.0, ""penalizer"": 0.01}",0.5861708195491346,,nested_tuning
6,4,clinical_plus_pathway,elastic_net_cox,"{""l1_ratio"": 0.5, ""penalizer"": 0.01}",0.6088755644139814,,nested_tuning
6,4,clinical_plus_pathway,elastic_net_cox,"{""l1_ratio"": 0.0, ""penalizer"": 0.1}",0.601516027595445,,nested_tuning
6,4,clinical_plus_pathway,elastic_net_cox,"{""l1_ratio"": 0.5, ""penalizer"": 0.1}",0.5818900278603633,,nested_tuning
6,4,clinical_plus_pathway,elastic_net_cox,"{""l1_ratio"": 0.0, ""penalizer"": 1.0}",0.5610219684367158,,nested_tuning
6,4,clinical_plus_pathway,elastic_net_cox,"{""l1_ratio"": 0.5, ""penalizer"": 1.0}",0.5095980013433866,,nested_tuning
6,4,clinical_plus_pathway,elastic_net_cox,"{""l1_ratio"": 1.0, ""penalizer"": 0.1}",0.5508686062940802,,nested_tuning
6,4,clinical_plus_pathway,elastic_net_cox,"{""l1_ratio"": 1.0, ""penalizer"": 1.0}",0.5095980013433866,,nested_tuning
6,4,clinical_plus_pathway,xgb_aft,"{""colsample_bytree"": 0.8, ""eta"": 0.03, ""lambda"": 2.0, ""max_depth"": 1, ""min_child_weight"": 5, ""num_boost_round"": 150, ""subsample"": 0.8}",0.475375898365996,,nested_tuning
6,4,clinical_plus_pathway,xgb_aft,"{""colsample_bytree"": 0.8, ""eta"": 0.03, ""lambda"": 2.0, ""max_depth"": 2, ""min_child_weight"": 5, ""num_boost_round"": 150, ""subsample"": 0.8}",0.488400733577122,,nested_tuning
6,4,clinical_plus_pathway,xgb_aft,"{""colsample_bytree"": 0.8, ""eta"": 0.1, ""lambda"": 2.0, ""max_depth"": 1, ""min_child_weight"": 5, ""num_boost_round"": 150, ""subsample"": 0.8}",0.5008363394704555,,nested_tuning
6,4,clinical_plus_pathway,xgb_aft,"{""colsample_bytree"": 0.8, ""eta"": 0.1, ""lambda"": 2.0, ""max_depth"": 2, ""min_child_weight"": 5, ""num_boost_round"": 150, ""subsample"": 0.8}",0.4817810453360306,,nested_tuning
6,4,clinical_plus_pathway,random_survival_forest,"{""max_features"": ""sqrt"", ""min_samples_leaf"": 5, ""n_estimators"": 500}",0.4708395041901328,,nested_tuning
6,4,clinical_plus_pathway,random_survival_forest,"{""max_features"": 0.5, ""min_samples_leaf"": 5, ""n_estimators"": 500}",0.4842474558579872,,nested_tuning
6,4,clinical_plus_pathway,random_survival_forest,"{""max_features"": ""sqrt"", ""min_samples_leaf"": 10, ""n_estimators"": 500}",0.5102863749891349,,nested_tuning
6,4,clinical_plus_pathway,random_survival_forest,"{""max_features"": 0.5, ""min_samples_leaf"": 10, ""n_estimators"": 500}",0.48094252365811163,,nested_tuning
6,4,clinical_plus_recast,survivalpfn,{},,,single_candidate_no_tuning
6,4,clinical_plus_recast,elastic_net_cox,"{""l1_ratio"": 0.0, ""penalizer"": 0.01}",0.6233445774285349,,nested_tuning
6,4,clinical_plus_recast,elastic_net_cox,"{""l1_ratio"": 0.5, ""penalizer"": 0.01}",0.6201827280683485,,nested_tuning
6,4,clinical_plus_recast,elastic_net_cox,"{""l1_ratio"": 0.0, ""penalizer"": 0.1}",0.6162841739849587,,nested_tuning
6,4,clinical_plus_recast,elastic_net_cox,"{""l1_ratio"": 0.5, ""penalizer"": 0.1}",0.5887135315034635,,nested_tuning
6,4,clinical_plus_recast,elastic_net_cox,"{""l1_ratio"": 0.0, ""penalizer"": 1.0}",0.5568173428665009,,nested_tuning
6,4,clinical_plus_recast,elastic_net_cox,"{""l1_ratio"": 0.5, ""penalizer"": 1.0}",0.5234834956522479,,nested_tuning
6,4,clinical_plus_recast,elastic_net_cox,"{""l1_ratio"": 1.0, ""penalizer"": 0.1}",0.5164390541463718,,nested_tuning
6,4,clinical_plus_recast,elastic_net_cox,"{""l1_ratio"": 1.0, ""penalizer"": 1.0}",0.5245844225954922,,nested_tuning
6,4,clinical_plus_recast,xgb_aft,"{""colsample_bytree"": 0.8, ""eta"": 0.03, ""lambda"": 2.0, ""max_depth"": 1, ""min_child_weight"": 5, ""num_boost_round"": 150, ""subsample"": 0.8}",0.45504315064188816,,nested_tuning
6,4,clinical_plus_recast,xgb_aft,"{""colsample_bytree"": 0.8, ""eta"": 0.03, ""lambda"": 2.0, ""max_depth"": 2, ""min_child_weight"": 5, ""num_boost_round"": 150, ""subsample"": 0.8}",0.4503274046281627,,nested_tuning
6,4,clinical_plus_recast,xgb_aft,"{""colsample_bytree"": 0.8, ""eta"": 0.1, ""lambda"": 2.0, ""max_depth"": 1, ""min_child_weight"": 5, ""num_boost_round"": 150, ""subsample"": 0.8}",0.4460467527727256,,nested_tuning
6,4,clinical_plus_recast,xgb_aft,"{""colsample_bytree"": 0.8, ""eta"": 0.1, ""lambda"": 2.0, ""max_depth"": 2, ""min_child_weight"": 5, ""num_boost_round"": 150, ""subsample"": 0.8}",0.4477325383040387,,nested_tuning
6,4,clinical_plus_recast,random_survival_forest,"{""max_features"": ""sqrt"", ""min_samples_leaf"": 5, ""n_estimators"": 500}",0.4490967604735599,,nested_tuning
6,4,clinical_plus_recast,random_survival_forest,"{""max_features"": 0.5, ""min_samples_leaf"": 5, ""n_estimators"": 500}",0.45586224841350287,,nested_tuning
6,4,clinical_plus_recast,random_survival_forest,"{""max_features"": ""sqrt"", ""min_samples_leaf"": 10, ""n_estimators"": 500}",0.4482069867548044,,nested_tuning
6,4,clinical_plus_recast,random_survival_forest,"{""max_features"": 0.5, ""min_samples_leaf"": 10, ""n_estimators"": 500}",0.4527373646102107,,nested_tuning
6,4,full,survivalpfn,{},,,single_candidate_no_tuning
6,4,full,elastic_net_cox,"{""l1_ratio"": 0.0, ""penalizer"": 0.01}",0.6013033791488074,,nested_tuning
6,4,full,elastic_net_cox,"{""l1_ratio"": 0.5, ""penalizer"": 0.01}",0.5966981429584888,,nested_tuning
6,4,full,elastic_net_cox,"{""l1_ratio"": 0.0, ""penalizer"": 0.1}",0.5892948225994339,,nested_tuning
6,4,full,elastic_net_cox,"{""l1_ratio"": 0.5, ""penalizer"": 0.1}",0.5835391368417723,,nested_tuning
6,4,full,elastic_net_cox,"{""l1_ratio"": 0.0, ""penalizer"": 1.0}",0.5552305449990289,,nested_tuning
6,4,full,elastic_net_cox,"{""l1_ratio"": 0.5, ""penalizer"": 1.0}",0.46262535757082807,,nested_tuning
6,4,full,elastic_net_cox,"{""l1_ratio"": 1.0, ""penalizer"": 0.1}",0.5297303295238487,,nested_tuning
6,4,full,elastic_net_cox,"{""l1_ratio"": 1.0, ""penalizer"": 1.0}",0.4629211007908865,,nested_tuning
6,4,full,xgb_aft,"{""colsample_bytree"": 0.8, ""eta"": 0.03, ""lambda"": 2.0, ""max_depth"": 1, ""min_child_weight"": 5, ""num_boost_round"": 150, ""subsample"": 0.8}",0.43435336421698134,,nested_tuning
6,4,full,xgb_aft,"{""colsample_bytree"": 0.8, ""eta"": 0.03, ""lambda"": 2.0, ""max_depth"": 2, ""min_child_weight"": 5, ""num_boost_round"": 150, ""subsample"": 0.8}",0.4545339684105096,,nested_tuning
6,4,full,xgb_aft,"{""colsample_bytree"": 0.8, ""eta"": 0.1, ""lambda"": 2.0, ""max_depth"": 1, ""min_child_weight"": 5, ""num_boost_round"": 150, ""subsample"": 0.8}",0.4367923481350221,,nested_tuning
6,4,full,xgb_aft,"{""colsample_bytree"": 0.8, ""eta"": 0.1, ""lambda"": 2.0, ""max_depth"": 2, ""min_child_weight"": 5, ""num_boost_round"": 150, ""subsample"": 0.8}",0.4521316567705224,,nested_tuning
6,4,full,random_survival_forest,"{""max_features"": ""sqrt"", ""min_samples_leaf"": 5, ""n_estimators"": 500}",0.4864636999451677,,nested_tuning
6,4,full,random_survival_forest,"{""max_features"": 0.5, ""min_samples_leaf"": 5, ""n_estimators"": 500}",0.4565019415886057,,nested_tuning
6,4,full,random_survival_forest,"{""max_features"": ""sqrt"", ""min_samples_leaf"": 10, ""n_estimators"": 500}",0.47766269580469445,,nested_tuning
6,4,full,random_survival_forest,"{""max_features"": 0.5, ""min_samples_leaf"": 10, ""n_estimators"": 500}",0.4648518007713177,,nested_tuning
7,0,clinical,survivalpfn,{},,,single_candidate_no_tuning
7,0,clinical,elastic_net_cox,"{""l1_ratio"": 0.0, ""penalizer"": 0.01}",0.6524987904209805,,nested_tuning
7,0,clinical,elastic_net_cox,"{""l1_ratio"": 0.5, ""penalizer"": 0.01}",0.6563746368153679,,nested_tuning
7,0,clinical,elastic_net_cox,"{""l1_ratio"": 0.0, ""penalizer"": 0.1}",0.6419454149369237,,nested_tuning
7,0,clinical,elastic_net_cox,"{""l1_ratio"": 0.5, ""penalizer"": 0.1}",0.6258068193663364,,nested_tuning
7,0,clinical,elastic_net_cox,"{""l1_ratio"": 0.0, ""penalizer"": 1.0}",0.6306667632250612,,nested_tuning
7,0,clinical,elastic_net_cox,"{""l1_ratio"": 0.5, ""penalizer"": 1.0}",0.6268763028749506,,nested_tuning
7,0,clinical,elastic_net_cox,"{""l1_ratio"": 1.0, ""penalizer"": 0.1}",0.6219761418845902,,nested_tuning
7,0,clinical,elastic_net_cox,"{""l1_ratio"": 1.0, ""penalizer"": 1.0}",0.6275388093720863,,nested_tuning
7,0,clinical,xgb_aft,"{""colsample_bytree"": 0.8, ""eta"": 0.03, ""lambda"": 2.0, ""max_depth"": 1, ""min_child_weight"": 5, ""num_boost_round"": 150, ""subsample"": 0.8}",0.5863235955295734,,nested_tuning
7,0,clinical,xgb_aft,"{""colsample_bytree"": 0.8, ""eta"": 0.03, ""lambda"": 2.0, ""max_depth"": 2, ""min_child_weight"": 5, ""num_boost_round"": 150, ""subsample"": 0.8}",0.5913031426312433,,nested_tuning
7,0,clinical,xgb_aft,"{""colsample_bytree"": 0.8, ""eta"": 0.1, ""lambda"": 2.0, ""max_depth"": 1, ""min_child_weight"": 5, ""num_boost_round"": 150, ""subsample"": 0.8}",0.6204613943449591,,nested_tuning
7,0,clinical,xgb_aft,"{""colsample_bytree"": 0.8, ""eta"": 0.1, ""lambda"": 2.0, ""max_depth"": 2, ""min_child_weight"": 5, ""num_boost_round"": 150, ""subsample"": 0.8}",0.5583197766477752,,nested_tuning
7,0,clinical,random_survival_forest,"{""max_features"": ""sqrt"", ""min_samples_leaf"": 5, ""n_estimators"": 500}",0.5824102247747134,,nested_tuning
7,0,clinical,random_survival_forest,"{""max_features"": 0.5, ""min_samples_leaf"": 5, ""n_estimators"": 500}",0.5745157754502875,,nested_tuning
7,0,clinical,random_survival_forest,"{""max_features"": ""sqrt"", ""min_samples_leaf"": 10, ""n_estimators"": 500}",0.566679592401755,,nested_tuning
7,0,clinical,random_survival_forest,"{""max_features"": 0.5, ""min_samples_leaf"": 10, ""n_estimators"": 500}",0.5670823111860834,,nested_tuning
7,0,clinical_plus_pathway,survivalpfn,{},,,single_candidate_no_tuning
7,0,clinical_plus_pathway,elastic_net_cox,"{""l1_ratio"": 0.0, ""penalizer"": 0.01}",0.639551468444257,,nested_tuning
7,0,clinical_plus_pathway,elastic_net_cox,"{""l1_ratio"": 0.5, ""penalizer"": 0.01}",0.6270991160335058,,nested_tuning
7,0,clinical_plus_pathway,elastic_net_cox,"{""l1_ratio"": 0.0, ""penalizer"": 0.1}",0.6264155159173451,,nested_tuning
7,0,clinical_plus_pathway,elastic_net_cox,"{""l1_ratio"": 0.5, ""penalizer"": 0.1}",0.6096564943794865,,nested_tuning
7,0,clinical_plus_pathway,elastic_net_cox,"{""l1_ratio"": 0.0, ""penalizer"": 1.0}",0.5910629367235619,,nested_tuning
7,0,clinical_plus_pathway,elastic_net_cox,"{""l1_ratio"": 0.5, ""penalizer"": 1.0}",0.5090361889296454,,nested_tuning
7,0,clinical_plus_pathway,elastic_net_cox,"{""l1_ratio"": 1.0, ""penalizer"": 0.1}",0.6130844176516399,,nested_tuning
7,0,clinical_plus_pathway,elastic_net_cox,"{""l1_ratio"": 1.0, ""penalizer"": 1.0}",0.5090361889296454,,nested_tuning
7,0,clinical_plus_pathway,xgb_aft,"{""colsample_bytree"": 0.8, ""eta"": 0.03, ""lambda"": 2.0, ""max_depth"": 1, ""min_child_weight"": 5, ""num_boost_round"": 150, ""subsample"": 0.8}",0.5211832346421496,,nested_tuning
7,0,clinical_plus_pathway,xgb_aft,"{""colsample_bytree"": 0.8, ""eta"": 0.03, ""lambda"": 2.0, ""max_depth"": 2, ""min_child_weight"": 5, ""num_boost_round"": 150, ""subsample"": 0.8}",0.5205905948697716,,nested_tuning
7,0,clinical_plus_pathway,xgb_aft,"{""colsample_bytree"": 0.8, ""eta"": 0.1, ""lambda"": 2.0, ""max_depth"": 1, ""min_child_weight"": 5, ""num_boost_round"": 150, ""subsample"": 0.8}",0.5315070613267777,,nested_tuning
7,0,clinical_plus_pathway,xgb_aft,"{""colsample_bytree"": 0.8, ""eta"": 0.1, ""lambda"": 2.0, ""max_depth"": 2, ""min_child_weight"": 5, ""num_boost_round"": 150, ""subsample"": 0.8}",0.5613507954766936,,nested_tuning
7,0,clinical_plus_pathway,random_survival_forest,"{""max_features"": ""sqrt"", ""min_samples_leaf"": 5, ""n_estimators"": 500}",0.5647346417362018,,nested_tuning
7,0,clinical_plus_pathway,random_survival_forest,"{""max_features"": 0.5, ""min_samples_leaf"": 5, ""n_estimators"": 500}",0.5412031197661342,,nested_tuning
7,0,clinical_plus_pathway,random_survival_forest,"{""max_features"": ""sqrt"", ""min_samples_leaf"": 10, ""n_estimators"": 500}",0.5346734294260185,,nested_tuning
7,0,clinical_plus_pathway,random_survival_forest,"{""max_features"": 0.5, ""min_samples_leaf"": 10, ""n_estimators"": 500}",0.5341020856505695,,nested_tuning
7,0,clinical_plus_recast,survivalpfn,{},,,single_candidate_no_tuning
7,0,clinical_plus_recast,elastic_net_cox,"{""l1_ratio"": 0.0, ""penalizer"": 0.01}",0.6199743326445489,,nested_tuning
7,0,clinical_plus_recast,elastic_net_cox,"{""l1_ratio"": 0.5, ""penalizer"": 0.01}",0.6114839630345354,,nested_tuning
7,0,clinical_plus_recast,elastic_net_cox,"{""l1_ratio"": 0.0, ""penalizer"": 0.1}",0.6087465146137911,,nested_tuning
7,0,clinical_plus_recast,elastic_net_cox,"{""l1_ratio"": 0.5, ""penalizer"": 0.1}",0.6027748869447069,,nested_tuning
7,0,clinical_plus_recast,elastic_net_cox,"{""l1_ratio"": 0.0, ""penalizer"": 1.0}",0.5909083782156794,,nested_tuning
7,0,clinical_plus_recast,elastic_net_cox,"{""l1_ratio"": 0.5, ""penalizer"": 1.0}",0.5812404933347642,,nested_tuning
7,0,clinical_plus_recast,elastic_net_cox,"{""l1_ratio"": 1.0, ""penalizer"": 0.1}",0.5960974810249249,,nested_tuning
7,0,clinical_plus_recast,elastic_net_cox,"{""l1_ratio"": 1.0, ""penalizer"": 1.0}",0.5798872289060081,,nested_tuning
7,0,clinical_plus_recast,xgb_aft,"{""colsample_bytree"": 0.8, ""eta"": 0.03, ""lambda"": 2.0, ""max_depth"": 1, ""min_child_weight"": 5, ""num_boost_round"": 150, ""subsample"": 0.8}",0.3952888753602034,,nested_tuning
7,0,clinical_plus_recast,xgb_aft,"{""colsample_bytree"": 0.8, ""eta"": 0.03, ""lambda"": 2.0, ""max_depth"": 2, ""min_child_weight"": 5, ""num_boost_round"": 150, ""subsample"": 0.8}",0.45827893936783537,,nested_tuning
7,0,clinical_plus_recast,xgb_aft,"{""colsample_bytree"": 0.8, ""eta"": 0.1, ""lambda"": 2.0, ""max_depth"": 1, ""min_child_weight"": 5, ""num_boost_round"": 150, ""subsample"": 0.8}",0.44055598026988074,,nested_tuning
7,0,clinical_plus_recast,xgb_aft,"{""colsample_bytree"": 0.8, ""eta"": 0.1, ""lambda"": 2.0, ""max_depth"": 2, ""min_child_weight"": 5, ""num_boost_round"": 150, ""subsample"": 0.8}",0.49887819060040817,,nested_tuning
7,0,clinical_plus_recast,random_survival_forest,"{""max_features"": ""sqrt"", ""min_samples_leaf"": 5, ""n_estimators"": 500}",0.4615457899019929,,nested_tuning
7,0,clinical_plus_recast,random_survival_forest,"{""max_features"": 0.5, ""min_samples_leaf"": 5, ""n_estimators"": 500}",0.4713154110882015,,nested_tuning
7,0,clinical_plus_recast,random_survival_forest,"{""max_features"": ""sqrt"", ""min_samples_leaf"": 10, ""n_estimators"": 500}",0.4548008029003093,,nested_tuning
7,0,clinical_plus_recast,random_survival_forest,"{""max_features"": 0.5, ""min_samples_leaf"": 10, ""n_estimators"": 500}",0.4367838449750473,,nested_tuning
7,0,full,survivalpfn,{},,,single_candidate_no_tuning
7,0,full,elastic_net_cox,"{""l1_ratio"": 0.0, ""penalizer"": 0.01}",0.6353491740628592,,nested_tuning
7,0,full,elastic_net_cox,"{""l1_ratio"": 0.5, ""penalizer"": 0.01}",0.628317559847923,,nested_tuning
7,0,full,elastic_net_cox,"{""l1_ratio"": 0.0, ""penalizer"": 0.1}",0.5973469613854454,,nested_tuning
7,0,full,elastic_net_cox,"{""l1_ratio"": 0.5, ""penalizer"": 0.1}",0.5968475673092837,,nested_tuning
7,0,full,elastic_net_cox,"{""l1_ratio"": 0.0, ""penalizer"": 1.0}",0.5578131308003761,,nested_tuning
7,0,full,elastic_net_cox,"{""l1_ratio"": 0.5, ""penalizer"": 1.0}",0.4781753563427247,,nested_tuning
7,0,full,elastic_net_cox,"{""l1_ratio"": 1.0, ""penalizer"": 0.1}",0.6130844176516399,,nested_tuning
7,0,full,elastic_net_cox,"{""l1_ratio"": 1.0, ""penalizer"": 1.0}",0.47751284984558895,,nested_tuning
7,0,full,xgb_aft,"{""colsample_bytree"": 0.8, ""eta"": 0.03, ""lambda"": 2.0, ""max_depth"": 1, ""min_child_weight"": 5, ""num_boost_round"": 150, ""subsample"": 0.8}",0.46552774219585413,,nested_tuning
7,0,full,xgb_aft,"{""colsample_bytree"": 0.8, ""eta"": 0.03, ""lambda"": 2.0, ""max_depth"": 2, ""min_child_weight"": 5, ""num_boost_round"": 150, ""subsample"": 0.8}",0.4878015208426709,,nested_tuning
7,0,full,xgb_aft,"{""colsample_bytree"": 0.8, ""eta"": 0.1, ""lambda"": 2.0, ""max_depth"": 1, ""min_child_weight"": 5, ""num_boost_round"": 150, ""subsample"": 0.8}",0.4778823218342992,,nested_tuning
7,0,full,xgb_aft,"{""colsample_bytree"": 0.8, ""eta"": 0.1, ""lambda"": 2.0, ""max_depth"": 2, ""min_child_weight"": 5, ""num_boost_round"": 150, ""subsample"": 0.8}",0.5040586915787285,,nested_tuning
7,0,full,random_survival_forest,"{""max_features"": ""sqrt"", ""min_samples_leaf"": 5, ""n_estimators"": 500}",0.5227464716816244,,nested_tuning
7,0,full,random_survival_forest,"{""max_features"": 0.5, ""min_samples_leaf"": 5, ""n_estimators"": 500}",0.5290720378200285,,nested_tuning
7,0,full,random_survival_forest,"{""max_features"": ""sqrt"", ""min_samples_leaf"": 10, ""n_estimators"": 500}",0.5053107674740172,,nested_tuning
7,0,full,random_survival_forest,"{""max_features"": 0.5, ""min_samples_leaf"": 10, ""n_estimators"": 500}",0.5032989540052126,,nested_tuning
7,1,clinical,survivalpfn,{},,,single_candidate_no_tuning
7,1,clinical,elastic_net_cox,"{""l1_ratio"": 0.0, ""penalizer"": 0.01}",0.5495985934711427,,nested_tuning
7,1,clinical,elastic_net_cox,"{""l1_ratio"": 0.5, ""penalizer"": 0.01}",0.5473821343978477,,nested_tuning
7,1,clinical,elastic_net_cox,"{""l1_ratio"": 0.0, ""penalizer"": 0.1}",0.5647616414852137,,nested_tuning
7,1,clinical,elastic_net_cox,"{""l1_ratio"": 0.5, ""penalizer"": 0.1}",0.5129065633172779,,nested_tuning
7,1,clinical,elastic_net_cox,"{""l1_ratio"": 0.0, ""penalizer"": 1.0}",0.5255137087257051,,nested_tuning
7,1,clinical,elastic_net_cox,"{""l1_ratio"": 0.5, ""penalizer"": 1.0}",0.5435294776281334,,nested_tuning
7,1,clinical,elastic_net_cox,"{""l1_ratio"": 1.0, ""penalizer"": 0.1}",0.5402194410894348,,nested_tuning
7,1,clinical,elastic_net_cox,"{""l1_ratio"": 1.0, ""penalizer"": 1.0}",0.5441390957298844,,nested_tuning
7,1,clinical,xgb_aft,"{""colsample_bytree"": 0.8, ""eta"": 0.03, ""lambda"": 2.0, ""max_depth"": 1, ""min_child_weight"": 5, ""num_boost_round"": 150, ""subsample"": 0.8}",0.5438473463392395,,nested_tuning
7,1,clinical,xgb_aft,"{""colsample_bytree"": 0.8, ""eta"": 0.03, ""lambda"": 2.0, ""max_depth"": 2, ""min_child_weight"": 5, ""num_boost_round"": 150, ""subsample"": 0.8}",0.5170068320774415,,nested_tuning
7,1,clinical,xgb_aft,"{""colsample_bytree"": 0.8, ""eta"": 0.1, ""lambda"": 2.0, ""max_depth"": 1, ""min_child_weight"": 5, ""num_boost_round"": 150, ""subsample"": 0.8}",0.5228466781630887,,nested_tuning
7,1,clinical,xgb_aft,"{""colsample_bytree"": 0.8, ""eta"": 0.1, ""lambda"": 2.0, ""max_depth"": 2, ""min_child_weight"": 5, ""num_boost_round"": 150, ""subsample"": 0.8}",0.49599115351992173,,nested_tuning
7,1,clinical,random_survival_forest,"{""max_features"": ""sqrt"", ""min_samples_leaf"": 5, ""n_estimators"": 500}",0.5136384251472513,,nested_tuning
7,1,clinical,random_survival_forest,"{""max_features"": 0.5, ""min_samples_leaf"": 5, ""n_estimators"": 500}",0.5156548010209554,,nested_tuning
7,1,clinical,random_survival_forest,"{""max_features"": ""sqrt"", ""min_samples_leaf"": 10, ""n_estimators"": 500}",0.5000215403473695,,nested_tuning
7,1,clinical,random_survival_forest,"{""max_features"": 0.5, ""min_samples_leaf"": 10, ""n_estimators"": 500}",0.5123580546597889,,nested_tuning
7,1,clinical_plus_pathway,survivalpfn,{},,,single_candidate_no_tuning
7,1,clinical_plus_pathway,elastic_net_cox,"{""l1_ratio"": 0.0, ""penalizer"": 0.01}",0.5144714260556991,,nested_tuning
7,1,clinical_plus_pathway,elastic_net_cox,"{""l1_ratio"": 0.5, ""penalizer"": 0.01}",0.5082627193246206,,nested_tuning
7,1,clinical_plus_pathway,elastic_net_cox,"{""l1_ratio"": 0.0, ""penalizer"": 0.1}",0.5357960597110898,,nested_tuning
7,1,clinical_plus_pathway,elastic_net_cox,"{""l1_ratio"": 0.5, ""penalizer"": 0.1}",0.5125160252430561,,nested_tuning
7,1,clinical_plus_pathway,elastic_net_cox,"{""l1_ratio"": 0.0, ""penalizer"": 1.0}",0.5264086002686745,,nested_tuning
7,1,clinical_plus_pathway,elastic_net_cox,"{""l1_ratio"": 0.5, ""penalizer"": 1.0}",0.5080581076222087,,nested_tuning
7,1,clinical_plus_pathway,elastic_net_cox,"{""l1_ratio"": 1.0, ""penalizer"": 0.1}",0.4909837793641515,,nested_tuning
7,1,clinical_plus_pathway,elastic_net_cox,"{""l1_ratio"": 1.0, ""penalizer"": 1.0}",0.5080581076222087,,nested_tuning
7,1,clinical_plus_pathway,xgb_aft,"{""colsample_bytree"": 0.8, ""eta"": 0.03, ""lambda"": 2.0, ""max_depth"": 1, ""min_child_weight"": 5, ""num_boost_round"": 150, ""subsample"": 0.8}",0.4934907171172338,,nested_tuning
7,1,clinical_plus_pathway,xgb_aft,"{""colsample_bytree"": 0.8, ""eta"": 0.03, ""lambda"": 2.0, ""max_depth"": 2, ""min_child_weight"": 5, ""num_boost_round"": 150, ""subsample"": 0.8}",0.5218509631086543,,nested_tuning
7,1,clinical_plus_pathway,xgb_aft,"{""colsample_bytree"": 0.8, ""eta"": 0.1, ""lambda"": 2.0, ""max_depth"": 1, ""min_child_weight"": 5, ""num_boost_round"": 150, ""subsample"": 0.8}",0.5749961856567727,,nested_tuning
7,1,clinical_plus_pathway,xgb_aft,"{""colsample_bytree"": 0.8, ""eta"": 0.1, ""lambda"": 2.0, ""max_depth"": 2, ""min_child_weight"": 5, ""num_boost_round"": 150, ""subsample"": 0.8}",0.5684282480263467,,nested_tuning
7,1,clinical_plus_pathway,random_survival_forest,"{""max_features"": ""sqrt"", ""min_samples_leaf"": 5, ""n_estimators"": 500}",0.5786843419761805,,nested_tuning
7,1,clinical_plus_pathway,random_survival_forest,"{""max_features"": 0.5, ""min_samples_leaf"": 5, ""n_estimators"": 500}",0.5812210345896093,,nested_tuning
7,1,clinical_plus_pathway,random_survival_forest,"{""max_features"": ""sqrt"", ""min_samples_leaf"": 10, ""n_estimators"": 500}",0.5605713619681536,,nested_tuning
7,1,clinical_plus_pathway,random_survival_forest,"{""max_features"": 0.5, ""min_samples_leaf"": 10, ""n_estimators"": 500}",0.5745475783057584,,nested_tuning
7,1,clinical_plus_recast,survivalpfn,{},,,single_candidate_no_tuning
7,1,clinical_plus_recast,elastic_net_cox,"{""l1_ratio"": 0.0, ""penalizer"": 0.01}",0.4753369005929743,,nested_tuning
7,1,clinical_plus_recast,elastic_net_cox,"{""l1_ratio"": 0.5, ""penalizer"": 0.01}",0.48898101542517763,,nested_tuning
7,1,clinical_plus_recast,elastic_net_cox,"{""l1_ratio"": 0.0, ""penalizer"": 0.1}",0.506614031060894,,nested_tuning
7,1,clinical_plus_recast,elastic_net_cox,"{""l1_ratio"": 0.5, ""penalizer"": 0.1}",0.49963279670182575,,nested_tuning
7,1,clinical_plus_recast,elastic_net_cox,"{""l1_ratio"": 0.0, ""penalizer"": 1.0}",0.5260314788975341,,nested_tuning
7,1,clinical_plus_recast,elastic_net_cox,"{""l1_ratio"": 0.5, ""penalizer"": 1.0}",0.5126449452252289,,nested_tuning
7,1,clinical_plus_recast,elastic_net_cox,"{""l1_ratio"": 1.0, ""penalizer"": 0.1}",0.4842163617356522,,nested_tuning
7,1,clinical_plus_recast,elastic_net_cox,"{""l1_ratio"": 1.0, ""penalizer"": 1.0}",0.5126449452252289,,nested_tuning
7,1,clinical_plus_recast,xgb_aft,"{""colsample_bytree"": 0.8, ""eta"": 0.03, ""lambda"": 2.0, ""max_depth"": 1, ""min_child_weight"": 5, ""num_boost_round"": 150, ""subsample"": 0.8}",0.45765643232372144,,nested_tuning
7,1,clinical_plus_recast,xgb_aft,"{""colsample_bytree"": 0.8, ""eta"": 0.03, ""lambda"": 2.0, ""max_depth"": 2, ""min_child_weight"": 5, ""num_boost_round"": 150, ""subsample"": 0.8}",0.4669787725485463,,nested_tuning
7,1,clinical_plus_recast,xgb_aft,"{""colsample_bytree"": 0.8, ""eta"": 0.1, ""lambda"": 2.0, ""max_depth"": 1, ""min_child_weight"": 5, ""num_boost_round"": 150, ""subsample"": 0.8}",0.461929095534945,,nested_tuning
7,1,clinical_plus_recast,xgb_aft,"{""colsample_bytree"": 0.8, ""eta"": 0.1, ""lambda"": 2.0, ""max_depth"": 2, ""min_child_weight"": 5, ""num_boost_round"": 150, ""subsample"": 0.8}",0.45419092370802794,,nested_tuning
7,1,clinical_plus_recast,random_survival_forest,"{""max_features"": ""sqrt"", ""min_samples_leaf"": 5, ""n_estimators"": 500}",0.5066647637487448,,nested_tuning
7,1,clinical_plus_recast,random_survival_forest,"{""max_features"": 0.5, ""min_samples_leaf"": 5, ""n_estimators"": 500}",0.4684767016655575,,nested_tuning
7,1,clinical_plus_recast,random_survival_forest,"{""max_features"": ""sqrt"", ""min_samples_leaf"": 10, ""n_estimators"": 500}",0.5150444314680729,,nested_tuning
7,1,clinical_plus_recast,random_survival_forest,"{""max_features"": 0.5, ""min_samples_leaf"": 10, ""n_estimators"": 500}",0.4627083766530381,,nested_tuning
7,1,full,survivalpfn,{},,,single_candidate_no_tuning
7,1,full,elastic_net_cox,"{""l1_ratio"": 0.0, ""penalizer"": 0.01}",0.5186292170506909,,nested_tuning
7,1,full,elastic_net_cox,"{""l1_ratio"": 0.5, ""penalizer"": 0.01}",0.5101891911073948,,nested_tuning
7,1,full,elastic_net_cox,"{""l1_ratio"": 0.0, ""penalizer"": 0.1}",0.5365246012944683,,nested_tuning
7,1,full,elastic_net_cox,"{""l1_ratio"": 0.5, ""penalizer"": 0.1}",0.4982589792650398,,nested_tuning
7,1,full,elastic_net_cox,"{""l1_ratio"": 0.0, ""penalizer"": 1.0}",0.5136020069491597,,nested_tuning
7,1,full,elastic_net_cox,"{""l1_ratio"": 0.5, ""penalizer"": 1.0}",0.4879516740150278,,nested_tuning
7,1,full,elastic_net_cox,"{""l1_ratio"": 1.0, ""penalizer"": 0.1}",0.48390503061436285,,nested_tuning
7,1,full,elastic_net_cox,"{""l1_ratio"": 1.0, ""penalizer"": 1.0}",0.4875158611053313,,nested_tuning
7,1,full,xgb_aft,"{""colsample_bytree"": 0.8, ""eta"": 0.03, ""lambda"": 2.0, ""max_depth"": 1, ""min_child_weight"": 5, ""num_boost_round"": 150, ""subsample"": 0.8}",0.48716590718485697,,nested_tuning
7,1,full,xgb_aft,"{""colsample_bytree"": 0.8, ""eta"": 0.03, ""lambda"": 2.0, ""max_depth"": 2, ""min_child_weight"": 5, ""num_boost_round"": 150, ""subsample"": 0.8}",0.5127123274155487,,nested_tuning
7,1,full,xgb_aft,"{""colsample_bytree"": 0.8, ""eta"": 0.1, ""lambda"": 2.0, ""max_depth"": 1, ""min_child_weight"": 5, ""num_boost_round"": 150, ""subsample"": 0.8}",0.5541975293395897,,nested_tuning
7,1,full,xgb_aft,"{""colsample_bytree"": 0.8, ""eta"": 0.1, ""lambda"": 2.0, ""max_depth"": 2, ""min_child_weight"": 5, ""num_boost_round"": 150, ""subsample"": 0.8}",0.5436111222709594,,nested_tuning
7,1,full,random_survival_forest,"{""max_features"": ""sqrt"", ""min_samples_leaf"": 5, ""n_estimators"": 500}",0.53602479688112,,nested_tuning
7,1,full,random_survival_forest,"{""max_features"": 0.5, ""min_samples_leaf"": 5, ""n_estimators"": 500}",0.571543350432757,,nested_tuning
7,1,full,random_survival_forest,"{""max_features"": ""sqrt"", ""min_samples_leaf"": 10, ""n_estimators"": 500}",0.5312818613813695,,nested_tuning
7,1,full,random_survival_forest,"{""max_features"": 0.5, ""min_samples_leaf"": 10, ""n_estimators"": 500}",0.5708135321914325,,nested_tuning
7,2,clinical,survivalpfn,{},,,single_candidate_no_tuning
7,2,clinical,elastic_net_cox,"{""l1_ratio"": 0.0, ""penalizer"": 0.01}",0.6069921121470946,,nested_tuning
7,2,clinical,elastic_net_cox,"{""l1_ratio"": 0.5, ""penalizer"": 0.01}",0.6062055079944513,,nested_tuning
7,2,clinical,elastic_net_cox,"{""l1_ratio"": 0.0, ""penalizer"": 0.1}",0.5655461097994969,,nested_tuning
7,2,clinical,elastic_net_cox,"{""l1_ratio"": 0.5, ""penalizer"": 0.1}",0.5549537987358325,,nested_tuning
7,2,clinical,elastic_net_cox,"{""l1_ratio"": 0.0, ""penalizer"": 1.0}",0.5585406366219996,,nested_tuning
7,2,clinical,elastic_net_cox,"{""l1_ratio"": 0.5, ""penalizer"": 1.0}",0.55075918851842,,nested_tuning
7,2,clinical,elastic_net_cox,"{""l1_ratio"": 1.0, ""penalizer"": 0.1}",0.5791235087816011,,nested_tuning
7,2,clinical,elastic_net_cox,"{""l1_ratio"": 1.0, ""penalizer"": 1.0}",0.55075918851842,,nested_tuning
7,2,clinical,xgb_aft,"{""colsample_bytree"": 0.8, ""eta"": 0.03, ""lambda"": 2.0, ""max_depth"": 1, ""min_child_weight"": 5, ""num_boost_round"": 150, ""subsample"": 0.8}",0.5512156174435928,,nested_tuning
7,2,clinical,xgb_aft,"{""colsample_bytree"": 0.8, ""eta"": 0.03, ""lambda"": 2.0, ""max_depth"": 2, ""min_child_weight"": 5, ""num_boost_round"": 150, ""subsample"": 0.8}",0.5599596562136233,,nested_tuning
7,2,clinical,xgb_aft,"{""colsample_bytree"": 0.8, ""eta"": 0.1, ""lambda"": 2.0, ""max_depth"": 1, ""min_child_weight"": 5, ""num_boost_round"": 150, ""subsample"": 0.8}",0.5793296079820529,,nested_tuning
7,2,clinical,xgb_aft,"{""colsample_bytree"": 0.8, ""eta"": 0.1, ""lambda"": 2.0, ""max_depth"": 2, ""min_child_weight"": 5, ""num_boost_round"": 150, ""subsample"": 0.8}",0.5523977724870623,,nested_tuning
7,2,clinical,random_survival_forest,"{""max_features"": ""sqrt"", ""min_samples_leaf"": 5, ""n_estimators"": 500}",0.5598615281930646,,nested_tuning
7,2,clinical,random_survival_forest,"{""max_features"": 0.5, ""min_samples_leaf"": 5, ""n_estimators"": 500}",0.5549339317891366,,nested_tuning
7,2,clinical,random_survival_forest,"{""max_features"": ""sqrt"", ""min_samples_leaf"": 10, ""n_estimators"": 500}",0.5857590437615403,,nested_tuning
7,2,clinical,random_survival_forest,"{""max_features"": 0.5, ""min_samples_leaf"": 10, ""n_estimators"": 500}",0.5695403325904298,,nested_tuning
7,2,clinical_plus_pathway,survivalpfn,{},,,single_candidate_no_tuning
7,2,clinical_plus_pathway,elastic_net_cox,"{""l1_ratio"": 0.0, ""penalizer"": 0.01}",0.6217586696144578,,nested_tuning
7,2,clinical_plus_pathway,elastic_net_cox,"{""l1_ratio"": 0.5, ""penalizer"": 0.01}",0.621702070654496,,nested_tuning
7,2,clinical_plus_pathway,elastic_net_cox,"{""l1_ratio"": 0.0, ""penalizer"": 0.1}",0.5950183925664675,,nested_tuning
7,2,clinical_plus_pathway,elastic_net_cox,"{""l1_ratio"": 0.5, ""penalizer"": 0.1}",0.6002882622618381,,nested_tuning
7,2,clinical_plus_pathway,elastic_net_cox,"{""l1_ratio"": 0.0, ""penalizer"": 1.0}",0.5948570450727494,,nested_tuning
7,2,clinical_plus_pathway,elastic_net_cox,"{""l1_ratio"": 0.5, ""penalizer"": 1.0}",0.5633642386953744,,nested_tuning
7,2,clinical_plus_pathway,elastic_net_cox,"{""l1_ratio"": 1.0, ""penalizer"": 0.1}",0.6192943776840264,,nested_tuning
7,2,clinical_plus_pathway,elastic_net_cox,"{""l1_ratio"": 1.0, ""penalizer"": 1.0}",0.5643234445600793,,nested_tuning
7,2,clinical_plus_pathway,xgb_aft,"{""colsample_bytree"": 0.8, ""eta"": 0.03, ""lambda"": 2.0, ""max_depth"": 1, ""min_child_weight"": 5, ""num_boost_round"": 150, ""subsample"": 0.8}",0.5399173982266364,,nested_tuning
7,2,clinical_plus_pathway,xgb_aft,"{""colsample_bytree"": 0.8, ""eta"": 0.03, ""lambda"": 2.0, ""max_depth"": 2, ""min_child_weight"": 5, ""num_boost_round"": 150, ""subsample"": 0.8}",0.5218756241267668,,nested_tuning
7,2,clinical_plus_pathway,xgb_aft,"{""colsample_bytree"": 0.8, ""eta"": 0.1, ""lambda"": 2.0, ""max_depth"": 1, ""min_child_weight"": 5, ""num_boost_round"": 150, ""subsample"": 0.8}",0.5709383340272747,,nested_tuning
7,2,clinical_plus_pathway,xgb_aft,"{""colsample_bytree"": 0.8, ""eta"": 0.1, ""lambda"": 2.0, ""max_depth"": 2, ""min_child_weight"": 5, ""num_boost_round"": 150, ""subsample"": 0.8}",0.5628411021082419,,nested_tuning
7,2,clinical_plus_pathway,random_survival_forest,"{""max_features"": ""sqrt"", ""min_samples_leaf"": 5, ""n_estimators"": 500}",0.509744140270892,,nested_tuning
7,2,clinical_plus_pathway,random_survival_forest,"{""max_features"": 0.5, ""min_samples_leaf"": 5, ""n_estimators"": 500}",0.5062274344814953,,nested_tuning
7,2,clinical_plus_pathway,random_survival_forest,"{""max_features"": ""sqrt"", ""min_samples_leaf"": 10, ""n_estimators"": 500}",0.4931289333519811,,nested_tuning
7,2,clinical_plus_pathway,random_survival_forest,"{""max_features"": 0.5, ""min_samples_leaf"": 10, ""n_estimators"": 500}",0.5187311702453284,,nested_tuning
7,2,clinical_plus_recast,survivalpfn,{},,,single_candidate_no_tuning
7,2,clinical_plus_recast,elastic_net_cox,"{""l1_ratio"": 0.0, ""penalizer"": 0.01}",0.6036098586364029,,nested_tuning
7,2,clinical_plus_recast,elastic_net_cox,"{""l1_ratio"": 0.5, ""penalizer"": 0.01}",0.5965355371131442,,nested_tuning
7,2,clinical_plus_recast,elastic_net_cox,"{""l1_ratio"": 0.0, ""penalizer"": 0.1}",0.592713255302377,,nested_tuning
7,2,clinical_plus_recast,elastic_net_cox,"{""l1_ratio"": 0.5, ""penalizer"": 0.1}",0.5702789871456884,,nested_tuning
7,2,clinical_plus_recast,elastic_net_cox,"{""l1_ratio"": 0.0, ""penalizer"": 1.0}",0.5876064566382442,,nested_tuning
7,2,clinical_plus_recast,elastic_net_cox,"{""l1_ratio"": 0.5, ""penalizer"": 1.0}",0.5545395044624677,,nested_tuning
7,2,clinical_plus_recast,elastic_net_cox,"{""l1_ratio"": 1.0, ""penalizer"": 0.1}",0.6018937074507036,,nested_tuning
7,2,clinical_plus_recast,elastic_net_cox,"{""l1_ratio"": 1.0, ""penalizer"": 1.0}",0.5536259039545867,,nested_tuning
7,2,clinical_plus_recast,xgb_aft,"{""colsample_bytree"": 0.8, ""eta"": 0.03, ""lambda"": 2.0, ""max_depth"": 1, ""min_child_weight"": 5, ""num_boost_round"": 150, ""subsample"": 0.8}",0.5279048681909999,,nested_tuning
7,2,clinical_plus_recast,xgb_aft,"{""colsample_bytree"": 0.8, ""eta"": 0.03, ""lambda"": 2.0, ""max_depth"": 2, ""min_child_weight"": 5, ""num_boost_round"": 150, ""subsample"": 0.8}",0.5493545510125413,,nested_tuning
7,2,clinical_plus_recast,xgb_aft,"{""colsample_bytree"": 0.8, ""eta"": 0.1, ""lambda"": 2.0, ""max_depth"": 1, ""min_child_weight"": 5, ""num_boost_round"": 150, ""subsample"": 0.8}",0.5181389692438833,,nested_tuning
7,2,clinical_plus_recast,xgb_aft,"{""colsample_bytree"": 0.8, ""eta"": 0.1, ""lambda"": 2.0, ""max_depth"": 2, ""min_child_weight"": 5, ""num_boost_round"": 150, ""subsample"": 0.8}",0.5672718449662424,,nested_tuning
7,2,clinical_plus_recast,random_survival_forest,"{""max_features"": ""sqrt"", ""min_samples_leaf"": 5, ""n_estimators"": 500}",0.5279173611125494,,nested_tuning
7,2,clinical_plus_recast,random_survival_forest,"{""max_features"": 0.5, ""min_samples_leaf"": 5, ""n_estimators"": 500}",0.5072740296762818,,nested_tuning
7,2,clinical_plus_recast,random_survival_forest,"{""max_features"": ""sqrt"", ""min_samples_leaf"": 10, ""n_estimators"": 500}",0.5312644892883539,,nested_tuning
7,2,clinical_plus_recast,random_survival_forest,"{""max_features"": 0.5, ""min_samples_leaf"": 10, ""n_estimators"": 500}",0.541234813219849,,nested_tuning
7,2,full,survivalpfn,{},,,single_candidate_no_tuning
7,2,full,elastic_net_cox,"{""l1_ratio"": 0.0, ""penalizer"": 0.01}",0.6208352288114988,,nested_tuning
7,2,full,elastic_net_cox,"{""l1_ratio"": 0.5, ""penalizer"": 0.01}",0.6140462438518138,,nested_tuning
7,2,full,elastic_net_cox,"{""l1_ratio"": 0.0, ""penalizer"": 0.1}",0.5994606977738006,,nested_tuning
7,2,full,elastic_net_cox,"{""l1_ratio"": 0.5, ""penalizer"": 0.1}",0.602294589560813,,nested_tuning
7,2,full,elastic_net_cox,"{""l1_ratio"": 0.0, ""penalizer"": 1.0}",0.5901250961861424,,nested_tuning
7,2,full,elastic_net_cox,"{""l1_ratio"": 0.5, ""penalizer"": 1.0}",0.5450573389389236,,nested_tuning
7,2,full,elastic_net_cox,"{""l1_ratio"": 1.0, ""penalizer"": 0.1}",0.6186916030598603,,nested_tuning
7,2,full,elastic_net_cox,"{""l1_ratio"": 1.0, ""penalizer"": 1.0}",0.5452278212134571,,nested_tuning
7,2,full,xgb_aft,"{""colsample_bytree"": 0.8, ""eta"": 0.03, ""lambda"": 2.0, ""max_depth"": 1, ""min_child_weight"": 5, ""num_boost_round"": 150, ""subsample"": 0.8}",0.5268193842836061,,nested_tuning
7,2,full,xgb_aft,"{""colsample_bytree"": 0.8, ""eta"": 0.03, ""lambda"": 2.0, ""max_depth"": 2, ""min_child_weight"": 5, ""num_boost_round"": 150, ""subsample"": 0.8}",0.5048194841585558,,nested_tuning
7,2,full,xgb_aft,"{""colsample_bytree"": 0.8, ""eta"": 0.1, ""lambda"": 2.0, ""max_depth"": 1, ""min_child_weight"": 5, ""num_boost_round"": 150, ""subsample"": 0.8}",0.590002222215849,,nested_tuning
7,2,full,xgb_aft,"{""colsample_bytree"": 0.8, ""eta"": 0.1, ""lambda"": 2.0, ""max_depth"": 2, ""min_child_weight"": 5, ""num_boost_round"": 150, ""subsample"": 0.8}",0.5502049540955739,,nested_tuning
7,2,full,random_survival_forest,"{""max_features"": ""sqrt"", ""min_samples_leaf"": 5, ""n_estimators"": 500}",0.4771614104640499,,nested_tuning
7,2,full,random_survival_forest,"{""max_features"": 0.5, ""min_samples_leaf"": 5, ""n_estimators"": 500}",0.4995445248388775,,nested_tuning
7,2,full,random_survival_forest,"{""max_features"": ""sqrt"", ""min_samples_leaf"": 10, ""n_estimators"": 500}",0.4916809807202372,,nested_tuning
7,2,full,random_survival_forest,"{""max_features"": 0.5, ""min_samples_leaf"": 10, ""n_estimators"": 500}",0.4820341594281031,,nested_tuning
7,3,clinical,survivalpfn,{},,,single_candidate_no_tuning
7,3,clinical,elastic_net_cox,"{""l1_ratio"": 0.0, ""penalizer"": 0.01}",,"ConvergenceWarning: Column x5 have very low variance when conditioned on death event present or not. This may harm convergence. This could be a form of 'complete separation'. For example, try the following code:

>>> events = df['event'].astype(bool)
>>> print(df.loc[events, 'x5'].var())
>>> print(df.loc[~events, 'x5'].var())

A very low variance means that the column x5 completely determines whether a subject dies or not. See https://stats.stackexchange.com/questions/11109/how-to-deal-with-perfect-separation-in-logistic-regression.
",nested_tuning
7,3,clinical,elastic_net_cox,"{""l1_ratio"": 0.5, ""penalizer"": 0.01}",,"ConvergenceWarning: Column x5 have very low variance when conditioned on death event present or not. This may harm convergence. This could be a form of 'complete separation'. For example, try the following code:

>>> events = df['event'].astype(bool)
>>> print(df.loc[events, 'x5'].var())
>>> print(df.loc[~events, 'x5'].var())

A very low variance means that the column x5 completely determines whether a subject dies or not. See https://stats.stackexchange.com/questions/11109/how-to-deal-with-perfect-separation-in-logistic-regression.
",nested_tuning
7,3,clinical,elastic_net_cox,"{""l1_ratio"": 0.0, ""penalizer"": 0.1}",0.44457742771808545,,nested_tuning
7,3,clinical,elastic_net_cox,"{""l1_ratio"": 0.5, ""penalizer"": 0.1}",0.5106654339255369,,nested_tuning
7,3,clinical,elastic_net_cox,"{""l1_ratio"": 0.0, ""penalizer"": 1.0}",0.5163943542519588,,nested_tuning
7,3,clinical,elastic_net_cox,"{""l1_ratio"": 0.5, ""penalizer"": 1.0}",0.5286014609321877,,nested_tuning
7,3,clinical,elastic_net_cox,"{""l1_ratio"": 1.0, ""penalizer"": 0.1}",,LinAlgWarning: An ill-conditioned matrix detected: slice 0 has rcond = 0.0.,nested_tuning
7,3,clinical,elastic_net_cox,"{""l1_ratio"": 1.0, ""penalizer"": 1.0}",0.5286014609321877,,nested_tuning
7,3,clinical,xgb_aft,"{""colsample_bytree"": 0.8, ""eta"": 0.03, ""lambda"": 2.0, ""max_depth"": 1, ""min_child_weight"": 5, ""num_boost_round"": 150, ""subsample"": 0.8}",0.4677338827062993,,nested_tuning
7,3,clinical,xgb_aft,"{""colsample_bytree"": 0.8, ""eta"": 0.03, ""lambda"": 2.0, ""max_depth"": 2, ""min_child_weight"": 5, ""num_boost_round"": 150, ""subsample"": 0.8}",0.5041627193463569,,nested_tuning
7,3,clinical,xgb_aft,"{""colsample_bytree"": 0.8, ""eta"": 0.1, ""lambda"": 2.0, ""max_depth"": 1, ""min_child_weight"": 5, ""num_boost_round"": 150, ""subsample"": 0.8}",0.5388621137653498,,nested_tuning
7,3,clinical,xgb_aft,"{""colsample_bytree"": 0.8, ""eta"": 0.1, ""lambda"": 2.0, ""max_depth"": 2, ""min_child_weight"": 5, ""num_boost_round"": 150, ""subsample"": 0.8}",0.5068541942135548,,nested_tuning
7,3,clinical,random_survival_forest,"{""max_features"": ""sqrt"", ""min_samples_leaf"": 5, ""n_estimators"": 500}",0.5735377338030935,,nested_tuning
7,3,clinical,random_survival_forest,"{""max_features"": 0.5, ""min_samples_leaf"": 5, ""n_estimators"": 500}",0.5525477628048845,,nested_tuning
7,3,clinical,random_survival_forest,"{""max_features"": ""sqrt"", ""min_samples_leaf"": 10, ""n_estimators"": 500}",0.5868420653730473,,nested_tuning
7,3,clinical,random_survival_forest,"{""max_features"": 0.5, ""min_samples_leaf"": 10, ""n_estimators"": 500}",0.577098422600812,,nested_tuning
7,3,clinical_plus_pathway,survivalpfn,{},,,single_candidate_no_tuning
7,3,clinical_plus_pathway,elastic_net_cox,"{""l1_ratio"": 0.0, ""penalizer"": 0.01}",,"ConvergenceWarning: Column x5 have very low variance when conditioned on death event present or not. This may harm convergence. This could be a form of 'complete separation'. For example, try the following code:

>>> events = df['event'].astype(bool)
>>> print(df.loc[events, 'x5'].var())
>>> print(df.loc[~events, 'x5'].var())

A very low variance means that the column x5 completely determines whether a subject dies or not. See https://stats.stackexchange.com/questions/11109/how-to-deal-with-perfect-separation-in-logistic-regression.
",nested_tuning
7,3,clinical_plus_pathway,elastic_net_cox,"{""l1_ratio"": 0.5, ""penalizer"": 0.01}",,"ConvergenceWarning: Column x5 have very low variance when conditioned on death event present or not. This may harm convergence. This could be a form of 'complete separation'. For example, try the following code:

>>> events = df['event'].astype(bool)
>>> print(df.loc[events, 'x5'].var())
>>> print(df.loc[~events, 'x5'].var())

A very low variance means that the column x5 completely determines whether a subject dies or not. See https://stats.stackexchange.com/questions/11109/how-to-deal-with-perfect-separation-in-logistic-regression.
",nested_tuning
7,3,clinical_plus_pathway,elastic_net_cox,"{""l1_ratio"": 0.0, ""penalizer"": 0.1}",0.5242863179307367,,nested_tuning
7,3,clinical_plus_pathway,elastic_net_cox,"{""l1_ratio"": 0.5, ""penalizer"": 0.1}",0.44983910562624946,,nested_tuning
7,3,clinical_plus_pathway,elastic_net_cox,"{""l1_ratio"": 0.0, ""penalizer"": 1.0}",0.4567035799127903,,nested_tuning
7,3,clinical_plus_pathway,elastic_net_cox,"{""l1_ratio"": 0.5, ""penalizer"": 1.0}",0.4479010421517399,,nested_tuning
7,3,clinical_plus_pathway,elastic_net_cox,"{""l1_ratio"": 1.0, ""penalizer"": 0.1}",0.4674295089906695,,nested_tuning
7,3,clinical_plus_pathway,elastic_net_cox,"{""l1_ratio"": 1.0, ""penalizer"": 1.0}",0.44709889426216926,,nested_tuning
7,3,clinical_plus_pathway,xgb_aft,"{""colsample_bytree"": 0.8, ""eta"": 0.03, ""lambda"": 2.0, ""max_depth"": 1, ""min_child_weight"": 5, ""num_boost_round"": 150, ""subsample"": 0.8}",0.43614959057895314,,nested_tuning
7,3,clinical_plus_pathway,xgb_aft,"{""colsample_bytree"": 0.8, ""eta"": 0.03, ""lambda"": 2.0, ""max_depth"": 2, ""min_child_weight"": 5, ""num_boost_round"": 150, ""subsample"": 0.8}",0.5459213415601434,,nested_tuning
7,3,clinical_plus_pathway,xgb_aft,"{""colsample_bytree"": 0.8, ""eta"": 0.1, ""lambda"": 2.0, ""max_depth"": 1, ""min_child_weight"": 5, ""num_boost_round"": 150, ""subsample"": 0.8}",0.5054529566773203,,nested_tuning
7,3,clinical_plus_pathway,xgb_aft,"{""colsample_bytree"": 0.8, ""eta"": 0.1, ""lambda"": 2.0, ""max_depth"": 2, ""min_child_weight"": 5, ""num_boost_round"": 150, ""subsample"": 0.8}",0.6129246059551964,,nested_tuning
7,3,clinical_plus_pathway,random_survival_forest,"{""max_features"": ""sqrt"", ""min_samples_leaf"": 5, ""n_estimators"": 500}",0.537921996903802,,nested_tuning
7,3,clinical_plus_pathway,random_survival_forest,"{""max_features"": 0.5, ""min_samples_leaf"": 5, ""n_estimators"": 500}",0.5337762409045422,,nested_tuning
7,3,clinical_plus_pathway,random_survival_forest,"{""max_features"": ""sqrt"", ""min_samples_leaf"": 10, ""n_estimators"": 500}",0.4778627030182271,,nested_tuning
7,3,clinical_plus_pathway,random_survival_forest,"{""max_features"": 0.5, ""min_samples_leaf"": 10, ""n_estimators"": 500}",0.47650884184282943,,nested_tuning
7,3,clinical_plus_recast,survivalpfn,{},,,single_candidate_no_tuning
7,3,clinical_plus_recast,elastic_net_cox,"{""l1_ratio"": 0.0, ""penalizer"": 0.01}",,"ConvergenceWarning: Column x5 have very low variance when conditioned on death event present or not. This may harm convergence. This could be a form of 'complete separation'. For example, try the following code:

>>> events = df['event'].astype(bool)
>>> print(df.loc[events, 'x5'].var())
>>> print(df.loc[~events, 'x5'].var())

A very low variance means that the column x5 completely determines whether a subject dies or not. See https://stats.stackexchange.com/questions/11109/how-to-deal-with-perfect-separation-in-logistic-regression.
",nested_tuning
7,3,clinical_plus_recast,elastic_net_cox,"{""l1_ratio"": 0.5, ""penalizer"": 0.01}",,"ConvergenceWarning: Column x5 have very low variance when conditioned on death event present or not. This may harm convergence. This could be a form of 'complete separation'. For example, try the following code:

>>> events = df['event'].astype(bool)
>>> print(df.loc[events, 'x5'].var())
>>> print(df.loc[~events, 'x5'].var())

A very low variance means that the column x5 completely determines whether a subject dies or not. See https://stats.stackexchange.com/questions/11109/how-to-deal-with-perfect-separation-in-logistic-regression.
",nested_tuning
7,3,clinical_plus_recast,elastic_net_cox,"{""l1_ratio"": 0.0, ""penalizer"": 0.1}",0.47257114476238,,nested_tuning
7,3,clinical_plus_recast,elastic_net_cox,"{""l1_ratio"": 0.5, ""penalizer"": 0.1}",0.46717863384049835,,nested_tuning
7,3,clinical_plus_recast,elastic_net_cox,"{""l1_ratio"": 0.0, ""penalizer"": 1.0}",0.45378670053230374,,nested_tuning
7,3,clinical_plus_recast,elastic_net_cox,"{""l1_ratio"": 0.5, ""penalizer"": 1.0}",0.5223446388297158,,nested_tuning
7,3,clinical_plus_recast,elastic_net_cox,"{""l1_ratio"": 1.0, ""penalizer"": 0.1}",0.5268044667489331,,nested_tuning
7,3,clinical_plus_recast,elastic_net_cox,"{""l1_ratio"": 1.0, ""penalizer"": 1.0}",0.5198617368193774,,nested_tuning
7,3,clinical_plus_recast,xgb_aft,"{""colsample_bytree"": 0.8, ""eta"": 0.03, ""lambda"": 2.0, ""max_depth"": 1, ""min_child_weight"": 5, ""num_boost_round"": 150, ""subsample"": 0.8}",0.4535370771001584,,nested_tuning
7,3,clinical_plus_recast,xgb_aft,"{""colsample_bytree"": 0.8, ""eta"": 0.03, ""lambda"": 2.0, ""max_depth"": 2, ""min_child_weight"": 5, ""num_boost_round"": 150, ""subsample"": 0.8}",0.4548977912937999,,nested_tuning
7,3,clinical_plus_recast,xgb_aft,"{""colsample_bytree"": 0.8, ""eta"": 0.1, ""lambda"": 2.0, ""max_depth"": 1, ""min_child_weight"": 5, ""num_boost_round"": 150, ""subsample"": 0.8}",0.4946854539519101,,nested_tuning
7,3,clinical_plus_recast,xgb_aft,"{""colsample_bytree"": 0.8, ""eta"": 0.1, ""lambda"": 2.0, ""max_depth"": 2, ""min_child_weight"": 5, ""num_boost_round"": 150, ""subsample"": 0.8}",0.5094192728787094,,nested_tuning
7,3,clinical_plus_recast,random_survival_forest,"{""max_features"": ""sqrt"", ""min_samples_leaf"": 5, ""n_estimators"": 500}",0.4776395520589517,,nested_tuning
7,3,clinical_plus_recast,random_survival_forest,"{""max_features"": 0.5, ""min_samples_leaf"": 5, ""n_estimators"": 500}",0.4727245735079386,,nested_tuning
7,3,clinical_plus_recast,random_survival_forest,"{""max_features"": ""sqrt"", ""min_samples_leaf"": 10, ""n_estimators"": 500}",0.4790541415923359,,nested_tuning
7,3,clinical_plus_recast,random_survival_forest,"{""max_features"": 0.5, ""min_samples_leaf"": 10, ""n_estimators"": 500}",0.495908867948576,,nested_tuning
7,3,full,survivalpfn,{},,,single_candidate_no_tuning
7,3,full,elastic_net_cox,"{""l1_ratio"": 0.0, ""penalizer"": 0.01}",,"ConvergenceWarning: Column x5 have very low variance when conditioned on death event present or not. This may harm convergence. This could be a form of 'complete separation'. For example, try the following code:

>>> events = df['event'].astype(bool)
>>> print(df.loc[events, 'x5'].var())
>>> print(df.loc[~events, 'x5'].var())

A very low variance means that the column x5 completely determines whether a subject dies or not. See https://stats.stackexchange.com/questions/11109/how-to-deal-with-perfect-separation-in-logistic-regression.
",nested_tuning
7,3,full,elastic_net_cox,"{""l1_ratio"": 0.5, ""penalizer"": 0.01}",,"ConvergenceWarning: Column x5 have very low variance when conditioned on death event present or not. This may harm convergence. This could be a form of 'complete separation'. For example, try the following code:

>>> events = df['event'].astype(bool)
>>> print(df.loc[events, 'x5'].var())
>>> print(df.loc[~events, 'x5'].var())

A very low variance means that the column x5 completely determines whether a subject dies or not. See https://stats.stackexchange.com/questions/11109/how-to-deal-with-perfect-separation-in-logistic-regression.
",nested_tuning
7,3,full,elastic_net_cox,"{""l1_ratio"": 0.0, ""penalizer"": 0.1}",0.5262181955508957,,nested_tuning
7,3,full,elastic_net_cox,"{""l1_ratio"": 0.5, ""penalizer"": 0.1}",0.4494775258339015,,nested_tuning
7,3,full,elastic_net_cox,"{""l1_ratio"": 0.0, ""penalizer"": 1.0}",0.4475170568025587,,nested_tuning
7,3,full,elastic_net_cox,"{""l1_ratio"": 0.5, ""penalizer"": 1.0}",0.43890310671494204,,nested_tuning
7,3,full,elastic_net_cox,"{""l1_ratio"": 1.0, ""penalizer"": 0.1}",0.4709721647227846,,nested_tuning
7,3,full,elastic_net_cox,"{""l1_ratio"": 1.0, ""penalizer"": 1.0}",0.4359994305638209,,nested_tuning
7,3,full,xgb_aft,"{""colsample_bytree"": 0.8, ""eta"": 0.03, ""lambda"": 2.0, ""max_depth"": 1, ""min_child_weight"": 5, ""num_boost_round"": 150, ""subsample"": 0.8}",0.44811177066695895,,nested_tuning
7,3,full,xgb_aft,"{""colsample_bytree"": 0.8, ""eta"": 0.03, ""lambda"": 2.0, ""max_depth"": 2, ""min_child_weight"": 5, ""num_boost_round"": 150, ""subsample"": 0.8}",0.538613217784251,,nested_tuning
7,3,full,xgb_aft,"{""colsample_bytree"": 0.8, ""eta"": 0.1, ""lambda"": 2.0, ""max_depth"": 1, ""min_child_weight"": 5, ""num_boost_round"": 150, ""subsample"": 0.8}",0.44662404364877445,,nested_tuning
7,3,full,xgb_aft,"{""colsample_bytree"": 0.8, ""eta"": 0.1, ""lambda"": 2.0, ""max_depth"": 2, ""min_child_weight"": 5, ""num_boost_round"": 150, ""subsample"": 0.8}",0.4729555067353158,,nested_tuning
7,3,full,random_survival_forest,"{""max_features"": ""sqrt"", ""min_samples_leaf"": 5, ""n_estimators"": 500}",0.4829245191125806,,nested_tuning
7,3,full,random_survival_forest,"{""max_features"": 0.5, ""min_samples_leaf"": 5, ""n_estimators"": 500}",0.450993990082375,,nested_tuning
7,3,full,random_survival_forest,"{""max_features"": ""sqrt"", ""min_samples_leaf"": 10, ""n_estimators"": 500}",0.4784476435881907,,nested_tuning
7,3,full,random_survival_forest,"{""max_features"": 0.5, ""min_samples_leaf"": 10, ""n_estimators"": 500}",0.48090703059555595,,nested_tuning
7,4,clinical,survivalpfn,{},,,single_candidate_no_tuning
7,4,clinical,elastic_net_cox,"{""l1_ratio"": 0.0, ""penalizer"": 0.01}",0.6955136015638833,,nested_tuning
7,4,clinical,elastic_net_cox,"{""l1_ratio"": 0.5, ""penalizer"": 0.01}",0.698700685340899,,nested_tuning
7,4,clinical,elastic_net_cox,"{""l1_ratio"": 0.0, ""penalizer"": 0.1}",0.6936931609593431,,nested_tuning
7,4,clinical,elastic_net_cox,"{""l1_ratio"": 0.5, ""penalizer"": 0.1}",0.6760637770426285,,nested_tuning
7,4,clinical,elastic_net_cox,"{""l1_ratio"": 0.0, ""penalizer"": 1.0}",0.678165512929724,,nested_tuning
7,4,clinical,elastic_net_cox,"{""l1_ratio"": 0.5, ""penalizer"": 1.0}",0.6674522265824618,,nested_tuning
7,4,clinical,elastic_net_cox,"{""l1_ratio"": 1.0, ""penalizer"": 0.1}",0.6441399264179399,,nested_tuning
7,4,clinical,elastic_net_cox,"{""l1_ratio"": 1.0, ""penalizer"": 1.0}",0.6670764270445633,,nested_tuning
7,4,clinical,xgb_aft,"{""colsample_bytree"": 0.8, ""eta"": 0.03, ""lambda"": 2.0, ""max_depth"": 1, ""min_child_weight"": 5, ""num_boost_round"": 150, ""subsample"": 0.8}",0.604741116733615,,nested_tuning
7,4,clinical,xgb_aft,"{""colsample_bytree"": 0.8, ""eta"": 0.03, ""lambda"": 2.0, ""max_depth"": 2, ""min_child_weight"": 5, ""num_boost_round"": 150, ""subsample"": 0.8}",0.597675289606287,,nested_tuning
7,4,clinical,xgb_aft,"{""colsample_bytree"": 0.8, ""eta"": 0.1, ""lambda"": 2.0, ""max_depth"": 1, ""min_child_weight"": 5, ""num_boost_round"": 150, ""subsample"": 0.8}",0.6650465536779449,,nested_tuning
7,4,clinical,xgb_aft,"{""colsample_bytree"": 0.8, ""eta"": 0.1, ""lambda"": 2.0, ""max_depth"": 2, ""min_child_weight"": 5, ""num_boost_round"": 150, ""subsample"": 0.8}",0.6805790626441468,,nested_tuning
7,4,clinical,random_survival_forest,"{""max_features"": ""sqrt"", ""min_samples_leaf"": 5, ""n_estimators"": 500}",0.6449219561193739,,nested_tuning
7,4,clinical,random_survival_forest,"{""max_features"": 0.5, ""min_samples_leaf"": 5, ""n_estimators"": 500}",0.6763044820672035,,nested_tuning
7,4,clinical,random_survival_forest,"{""max_features"": ""sqrt"", ""min_samples_leaf"": 10, ""n_estimators"": 500}",0.6476940686535853,,nested_tuning
7,4,clinical,random_survival_forest,"{""max_features"": 0.5, ""min_samples_leaf"": 10, ""n_estimators"": 500}",0.6482386607935022,,nested_tuning
7,4,clinical_plus_pathway,survivalpfn,{},,,single_candidate_no_tuning
7,4,clinical_plus_pathway,elastic_net_cox,"{""l1_ratio"": 0.0, ""penalizer"": 0.01}",0.6489790706915557,,nested_tuning
7,4,clinical_plus_pathway,elastic_net_cox,"{""l1_ratio"": 0.5, ""penalizer"": 0.01}",0.6371543981092,,nested_tuning
7,4,clinical_plus_pathway,elastic_net_cox,"{""l1_ratio"": 0.0, ""penalizer"": 0.1}",0.545644904146639,,nested_tuning
7,4,clinical_plus_pathway,elastic_net_cox,"{""l1_ratio"": 0.5, ""penalizer"": 0.1}",0.5350072056250639,,nested_tuning
7,4,clinical_plus_pathway,elastic_net_cox,"{""l1_ratio"": 0.0, ""penalizer"": 1.0}",0.54149864786807,,nested_tuning
7,4,clinical_plus_pathway,elastic_net_cox,"{""l1_ratio"": 0.5, ""penalizer"": 1.0}",0.4870421915437237,,nested_tuning
7,4,clinical_plus_pathway,elastic_net_cox,"{""l1_ratio"": 1.0, ""penalizer"": 0.1}",0.45382891259344876,,nested_tuning
7,4,clinical_plus_pathway,elastic_net_cox,"{""l1_ratio"": 1.0, ""penalizer"": 1.0}",0.48705659383580285,,nested_tuning
7,4,clinical_plus_pathway,xgb_aft,"{""colsample_bytree"": 0.8, ""eta"": 0.03, ""lambda"": 2.0, ""max_depth"": 1, ""min_child_weight"": 5, ""num_boost_round"": 150, ""subsample"": 0.8}",0.5316286802366985,,nested_tuning
7,4,clinical_plus_pathway,xgb_aft,"{""colsample_bytree"": 0.8, ""eta"": 0.03, ""lambda"": 2.0, ""max_depth"": 2, ""min_child_weight"": 5, ""num_boost_round"": 150, ""subsample"": 0.8}",0.5538357650556971,,nested_tuning
7,4,clinical_plus_pathway,xgb_aft,"{""colsample_bytree"": 0.8, ""eta"": 0.1, ""lambda"": 2.0, ""max_depth"": 1, ""min_child_weight"": 5, ""num_boost_round"": 150, ""subsample"": 0.8}",0.5753437632006253,,nested_tuning
7,4,clinical_plus_pathway,xgb_aft,"{""colsample_bytree"": 0.8, ""eta"": 0.1, ""lambda"": 2.0, ""max_depth"": 2, ""min_child_weight"": 5, ""num_boost_round"": 150, ""subsample"": 0.8}",0.5659694467614773,,nested_tuning
7,4,clinical_plus_pathway,random_survival_forest,"{""max_features"": ""sqrt"", ""min_samples_leaf"": 5, ""n_estimators"": 500}",0.4598028530125,,nested_tuning
7,4,clinical_plus_pathway,random_survival_forest,"{""max_features"": 0.5, ""min_samples_leaf"": 5, ""n_estimators"": 500}",0.44517337076693364,,nested_tuning
7,4,clinical_plus_pathway,random_survival_forest,"{""max_features"": ""sqrt"", ""min_samples_leaf"": 10, ""n_estimators"": 500}",0.46733187278000726,,nested_tuning
7,4,clinical_plus_pathway,random_survival_forest,"{""max_features"": 0.5, ""min_samples_leaf"": 10, ""n_estimators"": 500}",0.46228470044140185,,nested_tuning
7,4,clinical_plus_recast,survivalpfn,{},,,single_candidate_no_tuning
7,4,clinical_plus_recast,elastic_net_cox,"{""l1_ratio"": 0.0, ""penalizer"": 0.01}",0.5663226900777297,,nested_tuning
7,4,clinical_plus_recast,elastic_net_cox,"{""l1_ratio"": 0.5, ""penalizer"": 0.01}",0.5735105159536099,,nested_tuning
7,4,clinical_plus_recast,elastic_net_cox,"{""l1_ratio"": 0.0, ""penalizer"": 0.1}",0.5930488728886855,,nested_tuning
7,4,clinical_plus_recast,elastic_net_cox,"{""l1_ratio"": 0.5, ""penalizer"": 0.1}",0.5628367532476167,,nested_tuning
7,4,clinical_plus_recast,elastic_net_cox,"{""l1_ratio"": 0.0, ""penalizer"": 1.0}",0.5590572853194864,,nested_tuning
7,4,clinical_plus_recast,elastic_net_cox,"{""l1_ratio"": 0.5, ""penalizer"": 1.0}",0.6512031032576573,,nested_tuning
7,4,clinical_plus_recast,elastic_net_cox,"{""l1_ratio"": 1.0, ""penalizer"": 0.1}",0.5277638946667107,,nested_tuning
7,4,clinical_plus_recast,elastic_net_cox,"{""l1_ratio"": 1.0, ""penalizer"": 1.0}",0.6521724245380515,,nested_tuning
7,4,clinical_plus_recast,xgb_aft,"{""colsample_bytree"": 0.8, ""eta"": 0.03, ""lambda"": 2.0, ""max_depth"": 1, ""min_child_weight"": 5, ""num_boost_round"": 150, ""subsample"": 0.8}",0.5532996854502904,,nested_tuning
7,4,clinical_plus_recast,xgb_aft,"{""colsample_bytree"": 0.8, ""eta"": 0.03, ""lambda"": 2.0, ""max_depth"": 2, ""min_child_weight"": 5, ""num_boost_round"": 150, ""subsample"": 0.8}",0.5163337558555943,,nested_tuning
7,4,clinical_plus_recast,xgb_aft,"{""colsample_bytree"": 0.8, ""eta"": 0.1, ""lambda"": 2.0, ""max_depth"": 1, ""min_child_weight"": 5, ""num_boost_round"": 150, ""subsample"": 0.8}",0.5093189808889533,,nested_tuning
7,4,clinical_plus_recast,xgb_aft,"{""colsample_bytree"": 0.8, ""eta"": 0.1, ""lambda"": 2.0, ""max_depth"": 2, ""min_child_weight"": 5, ""num_boost_round"": 150, ""subsample"": 0.8}",0.544956239739689,,nested_tuning
7,4,clinical_plus_recast,random_survival_forest,"{""max_features"": ""sqrt"", ""min_samples_leaf"": 5, ""n_estimators"": 500}",0.5070104852682608,,nested_tuning
7,4,clinical_plus_recast,random_survival_forest,"{""max_features"": 0.5, ""min_samples_leaf"": 5, ""n_estimators"": 500}",0.5192040234140913,,nested_tuning
7,4,clinical_plus_recast,random_survival_forest,"{""max_features"": ""sqrt"", ""min_samples_leaf"": 10, ""n_estimators"": 500}",0.4760898525432812,,nested_tuning
7,4,clinical_plus_recast,random_survival_forest,"{""max_features"": 0.5, ""min_samples_leaf"": 10, ""n_estimators"": 500}",0.4688049657482168,,nested_tuning
7,4,full,survivalpfn,{},,,single_candidate_no_tuning
7,4,full,elastic_net_cox,"{""l1_ratio"": 0.0, ""penalizer"": 0.01}",0.6284712791544679,,nested_tuning
7,4,full,elastic_net_cox,"{""l1_ratio"": 0.5, ""penalizer"": 0.01}",0.5294404366550087,,nested_tuning
7,4,full,elastic_net_cox,"{""l1_ratio"": 0.0, ""penalizer"": 0.1}",0.5279149422005308,,nested_tuning
7,4,full,elastic_net_cox,"{""l1_ratio"": 0.5, ""penalizer"": 0.1}",0.5524908716675646,,nested_tuning
7,4,full,elastic_net_cox,"{""l1_ratio"": 0.0, ""penalizer"": 1.0}",0.5455212852515511,,nested_tuning
7,4,full,elastic_net_cox,"{""l1_ratio"": 0.5, ""penalizer"": 1.0}",0.49322888500712037,,nested_tuning
7,4,full,elastic_net_cox,"{""l1_ratio"": 1.0, ""penalizer"": 0.1}",0.4514290453044747,,nested_tuning
7,4,full,elastic_net_cox,"{""l1_ratio"": 1.0, ""penalizer"": 1.0}",0.49322888500712037,,nested_tuning
7,4,full,xgb_aft,"{""colsample_bytree"": 0.8, ""eta"": 0.03, ""lambda"": 2.0, ""max_depth"": 1, ""min_child_weight"": 5, ""num_boost_round"": 150, ""subsample"": 0.8}",0.48236856719519744,,nested_tuning
7,4,full,xgb_aft,"{""colsample_bytree"": 0.8, ""eta"": 0.03, ""lambda"": 2.0, ""max_depth"": 2, ""min_child_weight"": 5, ""num_boost_round"": 150, ""subsample"": 0.8}",0.5341190941109205,,nested_tuning
7,4,full,xgb_aft,"{""colsample_bytree"": 0.8, ""eta"": 0.1, ""lambda"": 2.0, ""max_depth"": 1, ""min_child_weight"": 5, ""num_boost_round"": 150, ""subsample"": 0.8}",0.5242909749539609,,nested_tuning
7,4,full,xgb_aft,"{""colsample_bytree"": 0.8, ""eta"": 0.1, ""lambda"": 2.0, ""max_depth"": 2, ""min_child_weight"": 5, ""num_boost_round"": 150, ""subsample"": 0.8}",0.5305785483274353,,nested_tuning
7,4,full,random_survival_forest,"{""max_features"": ""sqrt"", ""min_samples_leaf"": 5, ""n_estimators"": 500}",0.4578524576784575,,nested_tuning
7,4,full,random_survival_forest,"{""max_features"": 0.5, ""min_samples_leaf"": 5, ""n_estimators"": 500}",0.44810974594163544,,nested_tuning
7,4,full,random_survival_forest,"{""max_features"": ""sqrt"", ""min_samples_leaf"": 10, ""n_estimators"": 500}",0.4321296305285056,,nested_tuning
7,4,full,random_survival_forest,"{""max_features"": 0.5, ""min_samples_leaf"": 10, ""n_estimators"": 500}",0.4355294486060722,,nested_tuning
8,0,clinical,survivalpfn,{},,,single_candidate_no_tuning
8,0,clinical,elastic_net_cox,"{""l1_ratio"": 0.0, ""penalizer"": 0.01}",0.6008362317771324,,nested_tuning
8,0,clinical,elastic_net_cox,"{""l1_ratio"": 0.5, ""penalizer"": 0.01}",0.6032269341538823,,nested_tuning
8,0,clinical,elastic_net_cox,"{""l1_ratio"": 0.0, ""penalizer"": 0.1}",0.6009436782188804,,nested_tuning
8,0,clinical,elastic_net_cox,"{""l1_ratio"": 0.5, ""penalizer"": 0.1}",0.5788193165872264,,nested_tuning
8,0,clinical,elastic_net_cox,"{""l1_ratio"": 0.0, ""penalizer"": 1.0}",0.5873589667460581,,nested_tuning
8,0,clinical,elastic_net_cox,"{""l1_ratio"": 0.5, ""penalizer"": 1.0}",0.5848298761662898,,nested_tuning
8,0,clinical,elastic_net_cox,"{""l1_ratio"": 1.0, ""penalizer"": 0.1}",0.5647835875881567,,nested_tuning
8,0,clinical,elastic_net_cox,"{""l1_ratio"": 1.0, ""penalizer"": 1.0}",0.5806243603808923,,nested_tuning
8,0,clinical,xgb_aft,"{""colsample_bytree"": 0.8, ""eta"": 0.03, ""lambda"": 2.0, ""max_depth"": 1, ""min_child_weight"": 5, ""num_boost_round"": 150, ""subsample"": 0.8}",0.5396679141996072,,nested_tuning
8,0,clinical,xgb_aft,"{""colsample_bytree"": 0.8, ""eta"": 0.03, ""lambda"": 2.0, ""max_depth"": 2, ""min_child_weight"": 5, ""num_boost_round"": 150, ""subsample"": 0.8}",0.49398406077777623,,nested_tuning
8,0,clinical,xgb_aft,"{""colsample_bytree"": 0.8, ""eta"": 0.1, ""lambda"": 2.0, ""max_depth"": 1, ""min_child_weight"": 5, ""num_boost_round"": 150, ""subsample"": 0.8}",0.5115829560117215,,nested_tuning
8,0,clinical,xgb_aft,"{""colsample_bytree"": 0.8, ""eta"": 0.1, ""lambda"": 2.0, ""max_depth"": 2, ""min_child_weight"": 5, ""num_boost_round"": 150, ""subsample"": 0.8}",0.4649761338030053,,nested_tuning
8,0,clinical,random_survival_forest,"{""max_features"": ""sqrt"", ""min_samples_leaf"": 5, ""n_estimators"": 500}",0.5114628295249959,,nested_tuning
8,0,clinical,random_survival_forest,"{""max_features"": 0.5, ""min_samples_leaf"": 5, ""n_estimators"": 500}",0.4759525355598246,,nested_tuning
8,0,clinical,random_survival_forest,"{""max_features"": ""sqrt"", ""min_samples_leaf"": 10, ""n_estimators"": 500}",0.522134652861651,,nested_tuning
8,0,clinical,random_survival_forest,"{""max_features"": 0.5, ""min_samples_leaf"": 10, ""n_estimators"": 500}",0.492156687489135,,nested_tuning
8,0,clinical_plus_pathway,survivalpfn,{},,,single_candidate_no_tuning
8,0,clinical_plus_pathway,elastic_net_cox,"{""l1_ratio"": 0.0, ""penalizer"": 0.01}",0.6219059725602969,,nested_tuning
8,0,clinical_plus_pathway,elastic_net_cox,"{""l1_ratio"": 0.5, ""penalizer"": 0.01}",0.6210253931893344,,nested_tuning
8,0,clinical_plus_pathway,elastic_net_cox,"{""l1_ratio"": 0.0, ""penalizer"": 0.1}",0.5828547490998779,,nested_tuning
8,0,clinical_plus_pathway,elastic_net_cox,"{""l1_ratio"": 0.5, ""penalizer"": 0.1}",0.5619523375624419,,nested_tuning
8,0,clinical_plus_pathway,elastic_net_cox,"{""l1_ratio"": 0.0, ""penalizer"": 1.0}",0.5378612543876837,,nested_tuning
8,0,clinical_plus_pathway,elastic_net_cox,"{""l1_ratio"": 0.5, ""penalizer"": 1.0}",0.5031255548902348,,nested_tuning
8,0,clinical_plus_pathway,elastic_net_cox,"{""l1_ratio"": 1.0, ""penalizer"": 0.1}",0.5166900239303363,,nested_tuning
8,0,clinical_plus_pathway,elastic_net_cox,"{""l1_ratio"": 1.0, ""penalizer"": 1.0}",0.5029518738809836,,nested_tuning
8,0,clinical_plus_pathway,xgb_aft,"{""colsample_bytree"": 0.8, ""eta"": 0.03, ""lambda"": 2.0, ""max_depth"": 1, ""min_child_weight"": 5, ""num_boost_round"": 150, ""subsample"": 0.8}",0.4723680834924844,,nested_tuning
8,0,clinical_plus_pathway,xgb_aft,"{""colsample_bytree"": 0.8, ""eta"": 0.03, ""lambda"": 2.0, ""max_depth"": 2, ""min_child_weight"": 5, ""num_boost_round"": 150, ""subsample"": 0.8}",0.5228509348200495,,nested_tuning
8,0,clinical_plus_pathway,xgb_aft,"{""colsample_bytree"": 0.8, ""eta"": 0.1, ""lambda"": 2.0, ""max_depth"": 1, ""min_child_weight"": 5, ""num_boost_round"": 150, ""subsample"": 0.8}",0.5315177479991413,,nested_tuning
8,0,clinical_plus_pathway,xgb_aft,"{""colsample_bytree"": 0.8, ""eta"": 0.1, ""lambda"": 2.0, ""max_depth"": 2, ""min_child_weight"": 5, ""num_boost_round"": 150, ""subsample"": 0.8}",0.5449787081035433,,nested_tuning
8,0,clinical_plus_pathway,random_survival_forest,"{""max_features"": ""sqrt"", ""min_samples_leaf"": 5, ""n_estimators"": 500}",0.5223889440157192,,nested_tuning
8,0,clinical_plus_pathway,random_survival_forest,"{""max_features"": 0.5, ""min_samples_leaf"": 5, ""n_estimators"": 500}",0.5234613836231305,,nested_tuning
8,0,clinical_plus_pathway,random_survival_forest,"{""max_features"": ""sqrt"", ""min_samples_leaf"": 10, ""n_estimators"": 500}",0.5487243113894146,,nested_tuning
8,0,clinical_plus_pathway,random_survival_forest,"{""max_features"": 0.5, ""min_samples_leaf"": 10, ""n_estimators"": 500}",0.5582117544311642,,nested_tuning
8,0,clinical_plus_recast,survivalpfn,{},,,single_candidate_no_tuning
8,0,clinical_plus_recast,elastic_net_cox,"{""l1_ratio"": 0.0, ""penalizer"": 0.01}",0.559909166910495,,nested_tuning
8,0,clinical_plus_recast,elastic_net_cox,"{""l1_ratio"": 0.5, ""penalizer"": 0.01}",0.5712329524817914,,nested_tuning
8,0,clinical_plus_recast,elastic_net_cox,"{""l1_ratio"": 0.0, ""penalizer"": 0.1}",0.5675224265868148,,nested_tuning
8,0,clinical_plus_recast,elastic_net_cox,"{""l1_ratio"": 0.5, ""penalizer"": 0.1}",0.5594578005784377,,nested_tuning
8,0,clinical_plus_recast,elastic_net_cox,"{""l1_ratio"": 0.0, ""penalizer"": 1.0}",0.5444202352471159,,nested_tuning
8,0,clinical_plus_recast,elastic_net_cox,"{""l1_ratio"": 0.5, ""penalizer"": 1.0}",0.5078763696410723,,nested_tuning
8,0,clinical_plus_recast,elastic_net_cox,"{""l1_ratio"": 1.0, ""penalizer"": 0.1}",0.5198079598749478,,nested_tuning
8,0,clinical_plus_recast,elastic_net_cox,"{""l1_ratio"": 1.0, ""penalizer"": 1.0}",0.5079063354669359,,nested_tuning
8,0,clinical_plus_recast,xgb_aft,"{""colsample_bytree"": 0.8, ""eta"": 0.03, ""lambda"": 2.0, ""max_depth"": 1, ""min_child_weight"": 5, ""num_boost_round"": 150, ""subsample"": 0.8}",0.4820952800306561,,nested_tuning
8,0,clinical_plus_recast,xgb_aft,"{""colsample_bytree"": 0.8, ""eta"": 0.03, ""lambda"": 2.0, ""max_depth"": 2, ""min_child_weight"": 5, ""num_boost_round"": 150, ""subsample"": 0.8}",0.46824962542177484,,nested_tuning
8,0,clinical_plus_recast,xgb_aft,"{""colsample_bytree"": 0.8, ""eta"": 0.1, ""lambda"": 2.0, ""max_depth"": 1, ""min_child_weight"": 5, ""num_boost_round"": 150, ""subsample"": 0.8}",0.47916081587510917,,nested_tuning
8,0,clinical_plus_recast,xgb_aft,"{""colsample_bytree"": 0.8, ""eta"": 0.1, ""lambda"": 2.0, ""max_depth"": 2, ""min_child_weight"": 5, ""num_boost_round"": 150, ""subsample"": 0.8}",0.5020398126519618,,nested_tuning
8,0,clinical_plus_recast,random_survival_forest,"{""max_features"": ""sqrt"", ""min_samples_leaf"": 5, ""n_estimators"": 500}",0.5003201156306022,,nested_tuning
8,0,clinical_plus_recast,random_survival_forest,"{""max_features"": 0.5, ""min_samples_leaf"": 5, ""n_estimators"": 500}",0.523978532200401,,nested_tuning
8,0,clinical_plus_recast,random_survival_forest,"{""max_features"": ""sqrt"", ""min_samples_leaf"": 10, ""n_estimators"": 500}",0.5071362778268607,,nested_tuning
8,0,clinical_plus_recast,random_survival_forest,"{""max_features"": 0.5, ""min_samples_leaf"": 10, ""n_estimators"": 500}",0.4900565253541486,,nested_tuning
8,0,full,survivalpfn,{},,,single_candidate_no_tuning
8,0,full,elastic_net_cox,"{""l1_ratio"": 0.0, ""penalizer"": 0.01}",0.5763280074859906,,nested_tuning
8,0,full,elastic_net_cox,"{""l1_ratio"": 0.5, ""penalizer"": 0.01}",0.5905396016249651,,nested_tuning
8,0,full,elastic_net_cox,"{""l1_ratio"": 0.0, ""penalizer"": 0.1}",0.5535710031834347,,nested_tuning
8,0,full,elastic_net_cox,"{""l1_ratio"": 0.5, ""penalizer"": 0.1}",0.543685578884768,,nested_tuning
8,0,full,elastic_net_cox,"{""l1_ratio"": 0.0, ""penalizer"": 1.0}",0.5229295449526029,,nested_tuning
8,0,full,elastic_net_cox,"{""l1_ratio"": 0.5, ""penalizer"": 1.0}",0.48439691331840007,,nested_tuning
8,0,full,elastic_net_cox,"{""l1_ratio"": 1.0, ""penalizer"": 0.1}",0.5080720067053837,,nested_tuning
8,0,full,elastic_net_cox,"{""l1_ratio"": 1.0, ""penalizer"": 1.0}",0.48439691331840007,,nested_tuning
8,0,full,xgb_aft,"{""colsample_bytree"": 0.8, ""eta"": 0.03, ""lambda"": 2.0, ""max_depth"": 1, ""min_child_weight"": 5, ""num_boost_round"": 150, ""subsample"": 0.8}",0.4334609838196699,,nested_tuning
8,0,full,xgb_aft,"{""colsample_bytree"": 0.8, ""eta"": 0.03, ""lambda"": 2.0, ""max_depth"": 2, ""min_child_weight"": 5, ""num_boost_round"": 150, ""subsample"": 0.8}",0.4679229605399935,,nested_tuning
8,0,full,xgb_aft,"{""colsample_bytree"": 0.8, ""eta"": 0.1, ""lambda"": 2.0, ""max_depth"": 1, ""min_child_weight"": 5, ""num_boost_round"": 150, ""subsample"": 0.8}",0.46239018996206666,,nested_tuning
8,0,full,xgb_aft,"{""colsample_bytree"": 0.8, ""eta"": 0.1, ""lambda"": 2.0, ""max_depth"": 2, ""min_child_weight"": 5, ""num_boost_round"": 150, ""subsample"": 0.8}",0.5039129726111676,,nested_tuning
8,0,full,random_survival_forest,"{""max_features"": ""sqrt"", ""min_samples_leaf"": 5, ""n_estimators"": 500}",0.4692756337065509,,nested_tuning
8,0,full,random_survival_forest,"{""max_features"": 0.5, ""min_samples_leaf"": 5, ""n_estimators"": 500}",0.5055739899002567,,nested_tuning
8,0,full,random_survival_forest,"{""max_features"": ""sqrt"", ""min_samples_leaf"": 10, ""n_estimators"": 500}",0.4758446327231191,,nested_tuning
8,0,full,random_survival_forest,"{""max_features"": 0.5, ""min_samples_leaf"": 10, ""n_estimators"": 500}",0.49178901576934814,,nested_tuning
8,1,clinical,survivalpfn,{},,,single_candidate_no_tuning
8,1,clinical,elastic_net_cox,"{""l1_ratio"": 0.0, ""penalizer"": 0.01}",0.5585787396885402,,nested_tuning
8,1,clinical,elastic_net_cox,"{""l1_ratio"": 0.5, ""penalizer"": 0.01}",0.5556165751952973,,nested_tuning
8,1,clinical,elastic_net_cox,"{""l1_ratio"": 0.0, ""penalizer"": 0.1}",0.5535751400729745,,nested_tuning
8,1,clinical,elastic_net_cox,"{""l1_ratio"": 0.5, ""penalizer"": 0.1}",0.5477739126366492,,nested_tuning
8,1,clinical,elastic_net_cox,"{""l1_ratio"": 0.0, ""penalizer"": 1.0}",0.5559711532991461,,nested_tuning
8,1,clinical,elastic_net_cox,"{""l1_ratio"": 0.5, ""penalizer"": 1.0}",0.5629808853349414,,nested_tuning
8,1,clinical,elastic_net_cox,"{""l1_ratio"": 1.0, ""penalizer"": 0.1}",0.5579528556171279,,nested_tuning
8,1,clinical,elastic_net_cox,"{""l1_ratio"": 1.0, ""penalizer"": 1.0}",0.5641031082094169,,nested_tuning
8,1,clinical,xgb_aft,"{""colsample_bytree"": 0.8, ""eta"": 0.03, ""lambda"": 2.0, ""max_depth"": 1, ""min_child_weight"": 5, ""num_boost_round"": 150, ""subsample"": 0.8}",0.49430021729490436,,nested_tuning
8,1,clinical,xgb_aft,"{""colsample_bytree"": 0.8, ""eta"": 0.03, ""lambda"": 2.0, ""max_depth"": 2, ""min_child_weight"": 5, ""num_boost_round"": 150, ""subsample"": 0.8}",0.5598419084123982,,nested_tuning
8,1,clinical,xgb_aft,"{""colsample_bytree"": 0.8, ""eta"": 0.1, ""lambda"": 2.0, ""max_depth"": 1, ""min_child_weight"": 5, ""num_boost_round"": 150, ""subsample"": 0.8}",0.547875448415044,,nested_tuning
8,1,clinical,xgb_aft,"{""colsample_bytree"": 0.8, ""eta"": 0.1, ""lambda"": 2.0, ""max_depth"": 2, ""min_child_weight"": 5, ""num_boost_round"": 150, ""subsample"": 0.8}",0.6088855092809231,,nested_tuning
8,1,clinical,random_survival_forest,"{""max_features"": ""sqrt"", ""min_samples_leaf"": 5, ""n_estimators"": 500}",0.5632037076705765,,nested_tuning
8,1,clinical,random_survival_forest,"{""max_features"": 0.5, ""min_samples_leaf"": 5, ""n_estimators"": 500}",0.5581216057484918,,nested_tuning
8,1,clinical,random_survival_forest,"{""max_features"": ""sqrt"", ""min_samples_leaf"": 10, ""n_estimators"": 500}",0.556947507676546,,nested_tuning
8,1,clinical,random_survival_forest,"{""max_features"": 0.5, ""min_samples_leaf"": 10, ""n_estimators"": 500}",0.5677490741216686,,nested_tuning
8,1,clinical_plus_pathway,survivalpfn,{},,,single_candidate_no_tuning
8,1,clinical_plus_pathway,elastic_net_cox,"{""l1_ratio"": 0.0, ""penalizer"": 0.01}",0.587939263137133,,nested_tuning
8,1,clinical_plus_pathway,elastic_net_cox,"{""l1_ratio"": 0.5, ""penalizer"": 0.01}",0.5793687308459051,,nested_tuning
8,1,clinical_plus_pathway,elastic_net_cox,"{""l1_ratio"": 0.0, ""penalizer"": 0.1}",0.545996497616341,,nested_tuning
8,1,clinical_plus_pathway,elastic_net_cox,"{""l1_ratio"": 0.5, ""penalizer"": 0.1}",0.5707998133506033,,nested_tuning
8,1,clinical_plus_pathway,elastic_net_cox,"{""l1_ratio"": 0.0, ""penalizer"": 1.0}",0.5593353256207271,,nested_tuning
8,1,clinical_plus_pathway,elastic_net_cox,"{""l1_ratio"": 0.5, ""penalizer"": 1.0}",0.5526726412019137,,nested_tuning
8,1,clinical_plus_pathway,elastic_net_cox,"{""l1_ratio"": 1.0, ""penalizer"": 0.1}",0.5445593991045392,,nested_tuning
8,1,clinical_plus_pathway,elastic_net_cox,"{""l1_ratio"": 1.0, ""penalizer"": 1.0}",0.5519034270724538,,nested_tuning
8,1,clinical_plus_pathway,xgb_aft,"{""colsample_bytree"": 0.8, ""eta"": 0.03, ""lambda"": 2.0, ""max_depth"": 1, ""min_child_weight"": 5, ""num_boost_round"": 150, ""subsample"": 0.8}",0.5106578431872801,,nested_tuning
8,1,clinical_plus_pathway,xgb_aft,"{""colsample_bytree"": 0.8, ""eta"": 0.03, ""lambda"": 2.0, ""max_depth"": 2, ""min_child_weight"": 5, ""num_boost_round"": 150, ""subsample"": 0.8}",0.5174102173894638,,nested_tuning
8,1,clinical_plus_pathway,xgb_aft,"{""colsample_bytree"": 0.8, ""eta"": 0.1, ""lambda"": 2.0, ""max_depth"": 1, ""min_child_weight"": 5, ""num_boost_round"": 150, ""subsample"": 0.8}",0.529941070378624,,nested_tuning
8,1,clinical_plus_pathway,xgb_aft,"{""colsample_bytree"": 0.8, ""eta"": 0.1, ""lambda"": 2.0, ""max_depth"": 2, ""min_child_weight"": 5, ""num_boost_round"": 150, ""subsample"": 0.8}",0.4896133697779963,,nested_tuning
8,1,clinical_plus_pathway,random_survival_forest,"{""max_features"": ""sqrt"", ""min_samples_leaf"": 5, ""n_estimators"": 500}",0.5498741919270266,,nested_tuning
8,1,clinical_plus_pathway,random_survival_forest,"{""max_features"": 0.5, ""min_samples_leaf"": 5, ""n_estimators"": 500}",0.537485423395233,,nested_tuning
8,1,clinical_plus_pathway,random_survival_forest,"{""max_features"": ""sqrt"", ""min_samples_leaf"": 10, ""n_estimators"": 500}",0.5582111644003186,,nested_tuning
8,1,clinical_plus_pathway,random_survival_forest,"{""max_features"": 0.5, ""min_samples_leaf"": 10, ""n_estimators"": 500}",0.5449572816207776,,nested_tuning
8,1,clinical_plus_recast,survivalpfn,{},,,single_candidate_no_tuning
8,1,clinical_plus_recast,elastic_net_cox,"{""l1_ratio"": 0.0, ""penalizer"": 0.01}",0.5570075690502286,,nested_tuning
8,1,clinical_plus_recast,elastic_net_cox,"{""l1_ratio"": 0.5, ""penalizer"": 0.01}",0.5622799120731623,,nested_tuning
8,1,clinical_plus_recast,elastic_net_cox,"{""l1_ratio"": 0.0, ""penalizer"": 0.1}",0.5564743847362852,,nested_tuning
8,1,clinical_plus_recast,elastic_net_cox,"{""l1_ratio"": 0.5, ""penalizer"": 0.1}",0.5755246657937386,,nested_tuning
8,1,clinical_plus_recast,elastic_net_cox,"{""l1_ratio"": 0.0, ""penalizer"": 1.0}",0.5481935193349975,,nested_tuning
8,1,clinical_plus_recast,elastic_net_cox,"{""l1_ratio"": 0.5, ""penalizer"": 1.0}",0.5408299090752948,,nested_tuning
8,1,clinical_plus_recast,elastic_net_cox,"{""l1_ratio"": 1.0, ""penalizer"": 0.1}",0.5538045071596069,,nested_tuning
8,1,clinical_plus_recast,elastic_net_cox,"{""l1_ratio"": 1.0, ""penalizer"": 1.0}",0.5408299090752948,,nested_tuning
8,1,clinical_plus_recast,xgb_aft,"{""colsample_bytree"": 0.8, ""eta"": 0.03, ""lambda"": 2.0, ""max_depth"": 1, ""min_child_weight"": 5, ""num_boost_round"": 150, ""subsample"": 0.8}",0.4665394577644602,,nested_tuning
8,1,clinical_plus_recast,xgb_aft,"{""colsample_bytree"": 0.8, ""eta"": 0.03, ""lambda"": 2.0, ""max_depth"": 2, ""min_child_weight"": 5, ""num_boost_round"": 150, ""subsample"": 0.8}",0.49133177438679193,,nested_tuning
8,1,clinical_plus_recast,xgb_aft,"{""colsample_bytree"": 0.8, ""eta"": 0.1, ""lambda"": 2.0, ""max_depth"": 1, ""min_child_weight"": 5, ""num_boost_round"": 150, ""subsample"": 0.8}",0.4698813571624707,,nested_tuning
8,1,clinical_plus_recast,xgb_aft,"{""colsample_bytree"": 0.8, ""eta"": 0.1, ""lambda"": 2.0, ""max_depth"": 2, ""min_child_weight"": 5, ""num_boost_round"": 150, ""subsample"": 0.8}",0.5539804446034613,,nested_tuning
8,1,clinical_plus_recast,random_survival_forest,"{""max_features"": ""sqrt"", ""min_samples_leaf"": 5, ""n_estimators"": 500}",0.5380018621721998,,nested_tuning
8,1,clinical_plus_recast,random_survival_forest,"{""max_features"": 0.5, ""min_samples_leaf"": 5, ""n_estimators"": 500}",0.5207859327887021,,nested_tuning
8,1,clinical_plus_recast,random_survival_forest,"{""max_features"": ""sqrt"", ""min_samples_leaf"": 10, ""n_estimators"": 500}",0.48836962136672973,,nested_tuning
8,1,clinical_plus_recast,random_survival_forest,"{""max_features"": 0.5, ""min_samples_leaf"": 10, ""n_estimators"": 500}",0.4573375643907408,,nested_tuning
8,1,full,survivalpfn,{},,,single_candidate_no_tuning
8,1,full,elastic_net_cox,"{""l1_ratio"": 0.0, ""penalizer"": 0.01}",0.577973142771401,,nested_tuning
8,1,full,elastic_net_cox,"{""l1_ratio"": 0.5, ""penalizer"": 0.01}",0.5648556763010952,,nested_tuning
8,1,full,elastic_net_cox,"{""l1_ratio"": 0.0, ""penalizer"": 0.1}",0.552545218844984,,nested_tuning
8,1,full,elastic_net_cox,"{""l1_ratio"": 0.5, ""penalizer"": 0.1}",0.5618531658321909,,nested_tuning
8,1,full,elastic_net_cox,"{""l1_ratio"": 0.0, ""penalizer"": 1.0}",0.5498561170932392,,nested_tuning
8,1,full,elastic_net_cox,"{""l1_ratio"": 0.5, ""penalizer"": 1.0}",0.5218232350256196,,nested_tuning
8,1,full,elastic_net_cox,"{""l1_ratio"": 1.0, ""penalizer"": 0.1}",0.541144928370671,,nested_tuning
8,1,full,elastic_net_cox,"{""l1_ratio"": 1.0, ""penalizer"": 1.0}",0.5208638387153457,,nested_tuning
8,1,full,xgb_aft,"{""colsample_bytree"": 0.8, ""eta"": 0.03, ""lambda"": 2.0, ""max_depth"": 1, ""min_child_weight"": 5, ""num_boost_round"": 150, ""subsample"": 0.8}",0.5126868481887603,,nested_tuning
8,1,full,xgb_aft,"{""colsample_bytree"": 0.8, ""eta"": 0.03, ""lambda"": 2.0, ""max_depth"": 2, ""min_child_weight"": 5, ""num_boost_round"": 150, ""subsample"": 0.8}",0.504008805616891,,nested_tuning
8,1,full,xgb_aft,"{""colsample_bytree"": 0.8, ""eta"": 0.1, ""lambda"": 2.0, ""max_depth"": 1, ""min_child_weight"": 5, ""num_boost_round"": 150, ""subsample"": 0.8}",0.506947335097365,,nested_tuning
8,1,full,xgb_aft,"{""colsample_bytree"": 0.8, ""eta"": 0.1, ""lambda"": 2.0, ""max_depth"": 2, ""min_child_weight"": 5, ""num_boost_round"": 150, ""subsample"": 0.8}",0.49722504400934653,,nested_tuning
8,1,full,random_survival_forest,"{""max_features"": ""sqrt"", ""min_samples_leaf"": 5, ""n_estimators"": 500}",0.5582271018841252,,nested_tuning
8,1,full,random_survival_forest,"{""max_features"": 0.5, ""min_samples_leaf"": 5, ""n_estimators"": 500}",0.501527045187472,,nested_tuning
8,1,full,random_survival_forest,"{""max_features"": ""sqrt"", ""min_samples_leaf"": 10, ""n_estimators"": 500}",0.5566130339894537,,nested_tuning
8,1,full,random_survival_forest,"{""max_features"": 0.5, ""min_samples_leaf"": 10, ""n_estimators"": 500}",0.5483232746923312,,nested_tuning
8,2,clinical,survivalpfn,{},,,single_candidate_no_tuning
8,2,clinical,elastic_net_cox,"{""l1_ratio"": 0.0, ""penalizer"": 0.01}",0.6360161345519733,,nested_tuning
8,2,clinical,elastic_net_cox,"{""l1_ratio"": 0.5, ""penalizer"": 0.01}",0.6379743953222214,,nested_tuning
8,2,clinical,elastic_net_cox,"{""l1_ratio"": 0.0, ""penalizer"": 0.1}",0.6294349954420048,,nested_tuning
8,2,clinical,elastic_net_cox,"{""l1_ratio"": 0.5, ""penalizer"": 0.1}",0.6206833447276886,,nested_tuning
8,2,clinical,elastic_net_cox,"{""l1_ratio"": 0.0, ""penalizer"": 1.0}",0.6248304610071398,,nested_tuning
8,2,clinical,elastic_net_cox,"{""l1_ratio"": 0.5, ""penalizer"": 1.0}",0.6308536002219801,,nested_tuning
8,2,clinical,elastic_net_cox,"{""l1_ratio"": 1.0, ""penalizer"": 0.1}",0.6211751306205326,,nested_tuning
8,2,clinical,elastic_net_cox,"{""l1_ratio"": 1.0, ""penalizer"": 1.0}",0.6308536002219801,,nested_tuning
8,2,clinical,xgb_aft,"{""colsample_bytree"": 0.8, ""eta"": 0.03, ""lambda"": 2.0, ""max_depth"": 1, ""min_child_weight"": 5, ""num_boost_round"": 150, ""subsample"": 0.8}",0.5907227560688944,,nested_tuning
8,2,clinical,xgb_aft,"{""colsample_bytree"": 0.8, ""eta"": 0.03, ""lambda"": 2.0, ""max_depth"": 2, ""min_child_weight"": 5, ""num_boost_round"": 150, ""subsample"": 0.8}",0.610532962333059,,nested_tuning
8,2,clinical,xgb_aft,"{""colsample_bytree"": 0.8, ""eta"": 0.1, ""lambda"": 2.0, ""max_depth"": 1, ""min_child_weight"": 5, ""num_boost_round"": 150, ""subsample"": 0.8}",0.6091692962656389,,nested_tuning
8,2,clinical,xgb_aft,"{""colsample_bytree"": 0.8, ""eta"": 0.1, ""lambda"": 2.0, ""max_depth"": 2, ""min_child_weight"": 5, ""num_boost_round"": 150, ""subsample"": 0.8}",0.6116903358298792,,nested_tuning
8,2,clinical,random_survival_forest,"{""max_features"": ""sqrt"", ""min_samples_leaf"": 5, ""n_estimators"": 500}",0.6225222895654294,,nested_tuning
8,2,clinical,random_survival_forest,"{""max_features"": 0.5, ""min_samples_leaf"": 5, ""n_estimators"": 500}",0.6124530824254051,,nested_tuning
8,2,clinical,random_survival_forest,"{""max_features"": ""sqrt"", ""min_samples_leaf"": 10, ""n_estimators"": 500}",0.6410335363761611,,nested_tuning
8,2,clinical,random_survival_forest,"{""max_features"": 0.5, ""min_samples_leaf"": 10, ""n_estimators"": 500}",0.6334009947076108,,nested_tuning
8,2,clinical_plus_pathway,survivalpfn,{},,,single_candidate_no_tuning
8,2,clinical_plus_pathway,elastic_net_cox,"{""l1_ratio"": 0.0, ""penalizer"": 0.01}",0.5684396369088263,,nested_tuning
8,2,clinical_plus_pathway,elastic_net_cox,"{""l1_ratio"": 0.5, ""penalizer"": 0.01}",0.5780230218411497,,nested_tuning
8,2,clinical_plus_pathway,elastic_net_cox,"{""l1_ratio"": 0.0, ""penalizer"": 0.1}",0.6166609358113584,,nested_tuning
8,2,clinical_plus_pathway,elastic_net_cox,"{""l1_ratio"": 0.5, ""penalizer"": 0.1}",0.6680778697952632,,nested_tuning
8,2,clinical_plus_pathway,elastic_net_cox,"{""l1_ratio"": 0.0, ""penalizer"": 1.0}",0.650333714532089,,nested_tuning
8,2,clinical_plus_pathway,elastic_net_cox,"{""l1_ratio"": 0.5, ""penalizer"": 1.0}",0.5775837153354731,,nested_tuning
8,2,clinical_plus_pathway,elastic_net_cox,"{""l1_ratio"": 1.0, ""penalizer"": 0.1}",0.6475675272502639,,nested_tuning
8,2,clinical_plus_pathway,elastic_net_cox,"{""l1_ratio"": 1.0, ""penalizer"": 1.0}",0.5780454772377392,,nested_tuning
8,2,clinical_plus_pathway,xgb_aft,"{""colsample_bytree"": 0.8, ""eta"": 0.03, ""lambda"": 2.0, ""max_depth"": 1, ""min_child_weight"": 5, ""num_boost_round"": 150, ""subsample"": 0.8}",0.5215180498673873,,nested_tuning
8,2,clinical_plus_pathway,xgb_aft,"{""colsample_bytree"": 0.8, ""eta"": 0.03, ""lambda"": 2.0, ""max_depth"": 2, ""min_child_weight"": 5, ""num_boost_round"": 150, ""subsample"": 0.8}",0.5361861944287011,,nested_tuning
8,2,clinical_plus_pathway,xgb_aft,"{""colsample_bytree"": 0.8, ""eta"": 0.1, ""lambda"": 2.0, ""max_depth"": 1, ""min_child_weight"": 5, ""num_boost_round"": 150, ""subsample"": 0.8}",0.5209993024048771,,nested_tuning
8,2,clinical_plus_pathway,xgb_aft,"{""colsample_bytree"": 0.8, ""eta"": 0.1, ""lambda"": 2.0, ""max_depth"": 2, ""min_child_weight"": 5, ""num_boost_round"": 150, ""subsample"": 0.8}",0.5712396979977885,,nested_tuning
8,2,clinical_plus_pathway,random_survival_forest,"{""max_features"": ""sqrt"", ""min_samples_leaf"": 5, ""n_estimators"": 500}",0.5870605639186368,,nested_tuning
8,2,clinical_plus_pathway,random_survival_forest,"{""max_features"": 0.5, ""min_samples_leaf"": 5, ""n_estimators"": 500}",0.5690889669681036,,nested_tuning
8,2,clinical_plus_pathway,random_survival_forest,"{""max_features"": ""sqrt"", ""min_samples_leaf"": 10, ""n_estimators"": 500}",0.5765698021124613,,nested_tuning
8,2,clinical_plus_pathway,random_survival_forest,"{""max_features"": 0.5, ""min_samples_leaf"": 10, ""n_estimators"": 500}",0.5770451904955709,,nested_tuning
8,2,clinical_plus_recast,survivalpfn,{},,,single_candidate_no_tuning
8,2,clinical_plus_recast,elastic_net_cox,"{""l1_ratio"": 0.0, ""penalizer"": 0.01}",0.6223121058030453,,nested_tuning
8,2,clinical_plus_recast,elastic_net_cox,"{""l1_ratio"": 0.5, ""penalizer"": 0.01}",0.6311127960382923,,nested_tuning
8,2,clinical_plus_recast,elastic_net_cox,"{""l1_ratio"": 0.0, ""penalizer"": 0.1}",0.6177146142410571,,nested_tuning
8,2,clinical_plus_recast,elastic_net_cox,"{""l1_ratio"": 0.5, ""penalizer"": 0.1}",0.6369509383065362,,nested_tuning
8,2,clinical_plus_recast,elastic_net_cox,"{""l1_ratio"": 0.0, ""penalizer"": 1.0}",0.6402658242571474,,nested_tuning
8,2,clinical_plus_recast,elastic_net_cox,"{""l1_ratio"": 0.5, ""penalizer"": 1.0}",0.6098584713126104,,nested_tuning
8,2,clinical_plus_recast,elastic_net_cox,"{""l1_ratio"": 1.0, ""penalizer"": 0.1}",0.6257661625827265,,nested_tuning
8,2,clinical_plus_recast,elastic_net_cox,"{""l1_ratio"": 1.0, ""penalizer"": 1.0}",0.607615004779194,,nested_tuning
8,2,clinical_plus_recast,xgb_aft,"{""colsample_bytree"": 0.8, ""eta"": 0.03, ""lambda"": 2.0, ""max_depth"": 1, ""min_child_weight"": 5, ""num_boost_round"": 150, ""subsample"": 0.8}",0.5215568268711339,,nested_tuning
8,2,clinical_plus_recast,xgb_aft,"{""colsample_bytree"": 0.8, ""eta"": 0.03, ""lambda"": 2.0, ""max_depth"": 2, ""min_child_weight"": 5, ""num_boost_round"": 150, ""subsample"": 0.8}",0.5289452297875934,,nested_tuning
8,2,clinical_plus_recast,xgb_aft,"{""colsample_bytree"": 0.8, ""eta"": 0.1, ""lambda"": 2.0, ""max_depth"": 1, ""min_child_weight"": 5, ""num_boost_round"": 150, ""subsample"": 0.8}",0.5574180487334697,,nested_tuning
8,2,clinical_plus_recast,xgb_aft,"{""colsample_bytree"": 0.8, ""eta"": 0.1, ""lambda"": 2.0, ""max_depth"": 2, ""min_child_weight"": 5, ""num_boost_round"": 150, ""subsample"": 0.8}",0.5339429763261836,,nested_tuning
8,2,clinical_plus_recast,random_survival_forest,"{""max_features"": ""sqrt"", ""min_samples_leaf"": 5, ""n_estimators"": 500}",0.5578750997236637,,nested_tuning
8,2,clinical_plus_recast,random_survival_forest,"{""max_features"": 0.5, ""min_samples_leaf"": 5, ""n_estimators"": 500}",0.5545723126823943,,nested_tuning
8,2,clinical_plus_recast,random_survival_forest,"{""max_features"": ""sqrt"", ""min_samples_leaf"": 10, ""n_estimators"": 500}",0.5522250964039688,,nested_tuning
8,2,clinical_plus_recast,random_survival_forest,"{""max_features"": 0.5, ""min_samples_leaf"": 10, ""n_estimators"": 500}",0.5449380953215248,,nested_tuning
8,2,full,survivalpfn,{},,,single_candidate_no_tuning
8,2,full,elastic_net_cox,"{""l1_ratio"": 0.0, ""penalizer"": 0.01}",0.5771115464891267,,nested_tuning
8,2,full,elastic_net_cox,"{""l1_ratio"": 0.5, ""penalizer"": 0.01}",0.5930535927287449,,nested_tuning
8,2,full,elastic_net_cox,"{""l1_ratio"": 0.0, ""penalizer"": 0.1}",0.6329962589747854,,nested_tuning
8,2,full,elastic_net_cox,"{""l1_ratio"": 0.5, ""penalizer"": 0.1}",0.6751645269839498,,nested_tuning
8,2,full,elastic_net_cox,"{""l1_ratio"": 0.0, ""penalizer"": 1.0}",0.6238611523424761,,nested_tuning
8,2,full,elastic_net_cox,"{""l1_ratio"": 0.5, ""penalizer"": 1.0}",0.5511403366616848,,nested_tuning
8,2,full,elastic_net_cox,"{""l1_ratio"": 1.0, ""penalizer"": 0.1}",0.638069754096479,,nested_tuning
8,2,full,elastic_net_cox,"{""l1_ratio"": 1.0, ""penalizer"": 1.0}",0.5507823854822661,,nested_tuning
8,2,full,xgb_aft,"{""colsample_bytree"": 0.8, ""eta"": 0.03, ""lambda"": 2.0, ""max_depth"": 1, ""min_child_weight"": 5, ""num_boost_round"": 150, ""subsample"": 0.8}",0.5095157559807436,,nested_tuning
8,2,full,xgb_aft,"{""colsample_bytree"": 0.8, ""eta"": 0.03, ""lambda"": 2.0, ""max_depth"": 2, ""min_child_weight"": 5, ""num_boost_round"": 150, ""subsample"": 0.8}",0.5043958878955055,,nested_tuning
8,2,full,xgb_aft,"{""colsample_bytree"": 0.8, ""eta"": 0.1, ""lambda"": 2.0, ""max_depth"": 1, ""min_child_weight"": 5, ""num_boost_round"": 150, ""subsample"": 0.8}",0.4847585508444675,,nested_tuning
8,2,full,xgb_aft,"{""colsample_bytree"": 0.8, ""eta"": 0.1, ""lambda"": 2.0, ""max_depth"": 2, ""min_child_weight"": 5, ""num_boost_round"": 150, ""subsample"": 0.8}",0.4684294350302159,,nested_tuning
8,2,full,random_survival_forest,"{""max_features"": ""sqrt"", ""min_samples_leaf"": 5, ""n_estimators"": 500}",0.5380340263381589,,nested_tuning
8,2,full,random_survival_forest,"{""max_features"": 0.5, ""min_samples_leaf"": 5, ""n_estimators"": 500}",0.5371988371262736,,nested_tuning
8,2,full,random_survival_forest,"{""max_features"": ""sqrt"", ""min_samples_leaf"": 10, ""n_estimators"": 500}",0.533101313272089,,nested_tuning
8,2,full,random_survival_forest,"{""max_features"": 0.5, ""min_samples_leaf"": 10, ""n_estimators"": 500}",0.5431221149062394,,nested_tuning
8,3,clinical,survivalpfn,{},,,single_candidate_no_tuning
8,3,clinical,elastic_net_cox,"{""l1_ratio"": 0.0, ""penalizer"": 0.01}",,"ConvergenceWarning: Column x5 have very low variance when conditioned on death event present or not. This may harm convergence. This could be a form of 'complete separation'. For example, try the following code:

>>> events = df['event'].astype(bool)
>>> print(df.loc[events, 'x5'].var())
>>> print(df.loc[~events, 'x5'].var())

A very low variance means that the column x5 completely determines whether a subject dies or not. See https://stats.stackexchange.com/questions/11109/how-to-deal-with-perfect-separation-in-logistic-regression.
",nested_tuning
8,3,clinical,elastic_net_cox,"{""l1_ratio"": 0.5, ""penalizer"": 0.01}",0.5564331138746621,,nested_tuning
8,3,clinical,elastic_net_cox,"{""l1_ratio"": 0.0, ""penalizer"": 0.1}",0.5304113673184961,,nested_tuning
8,3,clinical,elastic_net_cox,"{""l1_ratio"": 0.5, ""penalizer"": 0.1}",0.5320928254895281,,nested_tuning
8,3,clinical,elastic_net_cox,"{""l1_ratio"": 0.0, ""penalizer"": 1.0}",0.5215572733996148,,nested_tuning
8,3,clinical,elastic_net_cox,"{""l1_ratio"": 0.5, ""penalizer"": 1.0}",0.5259139708333095,,nested_tuning
8,3,clinical,elastic_net_cox,"{""l1_ratio"": 1.0, ""penalizer"": 0.1}",0.5271850649802297,,nested_tuning
8,3,clinical,elastic_net_cox,"{""l1_ratio"": 1.0, ""penalizer"": 1.0}",0.5272465261160706,,nested_tuning
8,3,clinical,xgb_aft,"{""colsample_bytree"": 0.8, ""eta"": 0.03, ""lambda"": 2.0, ""max_depth"": 1, ""min_child_weight"": 5, ""num_boost_round"": 150, ""subsample"": 0.8}",0.5096995332840145,,nested_tuning
8,3,clinical,xgb_aft,"{""colsample_bytree"": 0.8, ""eta"": 0.03, ""lambda"": 2.0, ""max_depth"": 2, ""min_child_weight"": 5, ""num_boost_round"": 150, ""subsample"": 0.8}",0.5074458785689944,,nested_tuning
8,3,clinical,xgb_aft,"{""colsample_bytree"": 0.8, ""eta"": 0.1, ""lambda"": 2.0, ""max_depth"": 1, ""min_child_weight"": 5, ""num_boost_round"": 150, ""subsample"": 0.8}",0.4953938509782414,,nested_tuning
8,3,clinical,xgb_aft,"{""colsample_bytree"": 0.8, ""eta"": 0.1, ""lambda"": 2.0, ""max_depth"": 2, ""min_child_weight"": 5, ""num_boost_round"": 150, ""subsample"": 0.8}",0.519648373557151,,nested_tuning
8,3,clinical,random_survival_forest,"{""max_features"": ""sqrt"", ""min_samples_leaf"": 5, ""n_estimators"": 500}",0.5325423492786487,,nested_tuning
8,3,clinical,random_survival_forest,"{""max_features"": 0.5, ""min_samples_leaf"": 5, ""n_estimators"": 500}",0.522508774052707,,nested_tuning
8,3,clinical,random_survival_forest,"{""max_features"": ""sqrt"", ""min_samples_leaf"": 10, ""n_estimators"": 500}",0.5420550684705508,,nested_tuning
8,3,clinical,random_survival_forest,"{""max_features"": 0.5, ""min_samples_leaf"": 10, ""n_estimators"": 500}",0.5414724831410119,,nested_tuning
8,3,clinical_plus_pathway,survivalpfn,{},,,single_candidate_no_tuning
8,3,clinical_plus_pathway,elastic_net_cox,"{""l1_ratio"": 0.0, ""penalizer"": 0.01}",0.6645859226649424,,nested_tuning
8,3,clinical_plus_pathway,elastic_net_cox,"{""l1_ratio"": 0.5, ""penalizer"": 0.01}",0.6636971768802529,,nested_tuning
8,3,clinical_plus_pathway,elastic_net_cox,"{""l1_ratio"": 0.0, ""penalizer"": 0.1}",0.65406428770755,,nested_tuning
8,3,clinical_plus_pathway,elastic_net_cox,"{""l1_ratio"": 0.5, ""penalizer"": 0.1}",0.5837957854260444,,nested_tuning
8,3,clinical_plus_pathway,elastic_net_cox,"{""l1_ratio"": 0.0, ""penalizer"": 1.0}",0.5455145228887043,,nested_tuning
8,3,clinical_plus_pathway,elastic_net_cox,"{""l1_ratio"": 0.5, ""penalizer"": 1.0}",0.5230590222051936,,nested_tuning
8,3,clinical_plus_pathway,elastic_net_cox,"{""l1_ratio"": 1.0, ""penalizer"": 0.1}",0.5783786267660684,,nested_tuning
8,3,clinical_plus_pathway,elastic_net_cox,"{""l1_ratio"": 1.0, ""penalizer"": 1.0}",0.5244929732999952,,nested_tuning
8,3,clinical_plus_pathway,xgb_aft,"{""colsample_bytree"": 0.8, ""eta"": 0.03, ""lambda"": 2.0, ""max_depth"": 1, ""min_child_weight"": 5, ""num_boost_round"": 150, ""subsample"": 0.8}",0.5256688607026271,,nested_tuning
8,3,clinical_plus_pathway,xgb_aft,"{""colsample_bytree"": 0.8, ""eta"": 0.03, ""lambda"": 2.0, ""max_depth"": 2, ""min_child_weight"": 5, ""num_boost_round"": 150, ""subsample"": 0.8}",0.5954526317567936,,nested_tuning
8,3,clinical_plus_pathway,xgb_aft,"{""colsample_bytree"": 0.8, ""eta"": 0.1, ""lambda"": 2.0, ""max_depth"": 1, ""min_child_weight"": 5, ""num_boost_round"": 150, ""subsample"": 0.8}",0.5507897579615733,,nested_tuning
8,3,clinical_plus_pathway,xgb_aft,"{""colsample_bytree"": 0.8, ""eta"": 0.1, ""lambda"": 2.0, ""max_depth"": 2, ""min_child_weight"": 5, ""num_boost_round"": 150, ""subsample"": 0.8}",0.5568327963326318,,nested_tuning
8,3,clinical_plus_pathway,random_survival_forest,"{""max_features"": ""sqrt"", ""min_samples_leaf"": 5, ""n_estimators"": 500}",0.5840575857396793,,nested_tuning
8,3,clinical_plus_pathway,random_survival_forest,"{""max_features"": 0.5, ""min_samples_leaf"": 5, ""n_estimators"": 500}",0.5637741228688495,,nested_tuning
8,3,clinical_plus_pathway,random_survival_forest,"{""max_features"": ""sqrt"", ""min_samples_leaf"": 10, ""n_estimators"": 500}",0.613953321948835,,nested_tuning
8,3,clinical_plus_pathway,random_survival_forest,"{""max_features"": 0.5, ""min_samples_leaf"": 10, ""n_estimators"": 500}",0.6003785490360882,,nested_tuning
8,3,clinical_plus_recast,survivalpfn,{},,,single_candidate_no_tuning
8,3,clinical_plus_recast,elastic_net_cox,"{""l1_ratio"": 0.0, ""penalizer"": 0.01}",,"ConvergenceWarning: Column x5 have very low variance when conditioned on death event present or not. This may harm convergence. This could be a form of 'complete separation'. For example, try the following code:

>>> events = df['event'].astype(bool)
>>> print(df.loc[events, 'x5'].var())
>>> print(df.loc[~events, 'x5'].var())

A very low variance means that the column x5 completely determines whether a subject dies or not. See https://stats.stackexchange.com/questions/11109/how-to-deal-with-perfect-separation-in-logistic-regression.
",nested_tuning
8,3,clinical_plus_recast,elastic_net_cox,"{""l1_ratio"": 0.5, ""penalizer"": 0.01}",0.550523937171007,,nested_tuning
8,3,clinical_plus_recast,elastic_net_cox,"{""l1_ratio"": 0.0, ""penalizer"": 0.1}",0.5781204276068246,,nested_tuning
8,3,clinical_plus_recast,elastic_net_cox,"{""l1_ratio"": 0.5, ""penalizer"": 0.1}",0.6586274488175494,,nested_tuning
8,3,clinical_plus_recast,elastic_net_cox,"{""l1_ratio"": 0.0, ""penalizer"": 1.0}",0.5788750015201298,,nested_tuning
8,3,clinical_plus_recast,elastic_net_cox,"{""l1_ratio"": 0.5, ""penalizer"": 1.0}",0.5767433835458575,,nested_tuning
8,3,clinical_plus_recast,elastic_net_cox,"{""l1_ratio"": 1.0, ""penalizer"": 0.1}",0.6309738506093469,,nested_tuning
8,3,clinical_plus_recast,elastic_net_cox,"{""l1_ratio"": 1.0, ""penalizer"": 1.0}",0.5771029937700333,,nested_tuning
8,3,clinical_plus_recast,xgb_aft,"{""colsample_bytree"": 0.8, ""eta"": 0.03, ""lambda"": 2.0, ""max_depth"": 1, ""min_child_weight"": 5, ""num_boost_round"": 150, ""subsample"": 0.8}",0.5702617100516854,,nested_tuning
8,3,clinical_plus_recast,xgb_aft,"{""colsample_bytree"": 0.8, ""eta"": 0.03, ""lambda"": 2.0, ""max_depth"": 2, ""min_child_weight"": 5, ""num_boost_round"": 150, ""subsample"": 0.8}",0.5868611683153713,,nested_tuning
8,3,clinical_plus_recast,xgb_aft,"{""colsample_bytree"": 0.8, ""eta"": 0.1, ""lambda"": 2.0, ""max_depth"": 1, ""min_child_weight"": 5, ""num_boost_round"": 150, ""subsample"": 0.8}",0.5446500543613455,,nested_tuning
8,3,clinical_plus_recast,xgb_aft,"{""colsample_bytree"": 0.8, ""eta"": 0.1, ""lambda"": 2.0, ""max_depth"": 2, ""min_child_weight"": 5, ""num_boost_round"": 150, ""subsample"": 0.8}",0.513876430767872,,nested_tuning
8,3,clinical_plus_recast,random_survival_forest,"{""max_features"": ""sqrt"", ""min_samples_leaf"": 5, ""n_estimators"": 500}",0.5154856814135559,,nested_tuning
8,3,clinical_plus_recast,random_survival_forest,"{""max_features"": 0.5, ""min_samples_leaf"": 5, ""n_estimators"": 500}",0.5921710400174977,,nested_tuning
8,3,clinical_plus_recast,random_survival_forest,"{""max_features"": ""sqrt"", ""min_samples_leaf"": 10, ""n_estimators"": 500}",0.5455901940028409,,nested_tuning
8,3,clinical_plus_recast,random_survival_forest,"{""max_features"": 0.5, ""min_samples_leaf"": 10, ""n_estimators"": 500}",0.554530239399025,,nested_tuning
8,3,full,survivalpfn,{},,,single_candidate_no_tuning
8,3,full,elastic_net_cox,"{""l1_ratio"": 0.0, ""penalizer"": 0.01}",0.6605257408122007,,nested_tuning
8,3,full,elastic_net_cox,"{""l1_ratio"": 0.5, ""penalizer"": 0.01}",0.6488141162600507,,nested_tuning
8,3,full,elastic_net_cox,"{""l1_ratio"": 0.0, ""penalizer"": 0.1}",0.6559519727065787,,nested_tuning
8,3,full,elastic_net_cox,"{""l1_ratio"": 0.5, ""penalizer"": 0.1}",0.5840512619242626,,nested_tuning
8,3,full,elastic_net_cox,"{""l1_ratio"": 0.0, ""penalizer"": 1.0}",0.5541119863381617,,nested_tuning
8,3,full,elastic_net_cox,"{""l1_ratio"": 0.5, ""penalizer"": 1.0}",0.5329668744128628,,nested_tuning
8,3,full,elastic_net_cox,"{""l1_ratio"": 1.0, ""penalizer"": 0.1}",0.5676499179856256,,nested_tuning
8,3,full,elastic_net_cox,"{""l1_ratio"": 1.0, ""penalizer"": 1.0}",0.5326072641886871,,nested_tuning
8,3,full,xgb_aft,"{""colsample_bytree"": 0.8, ""eta"": 0.03, ""lambda"": 2.0, ""max_depth"": 1, ""min_child_weight"": 5, ""num_boost_round"": 150, ""subsample"": 0.8}",0.5548606819821954,,nested_tuning
8,3,full,xgb_aft,"{""colsample_bytree"": 0.8, ""eta"": 0.03, ""lambda"": 2.0, ""max_depth"": 2, ""min_child_weight"": 5, ""num_boost_round"": 150, ""subsample"": 0.8}",0.5804935024822675,,nested_tuning
8,3,full,xgb_aft,"{""colsample_bytree"": 0.8, ""eta"": 0.1, ""lambda"": 2.0, ""max_depth"": 1, ""min_child_weight"": 5, ""num_boost_round"": 150, ""subsample"": 0.8}",0.5549911794433272,,nested_tuning
8,3,full,xgb_aft,"{""colsample_bytree"": 0.8, ""eta"": 0.1, ""lambda"": 2.0, ""max_depth"": 2, ""min_child_weight"": 5, ""num_boost_round"": 150, ""subsample"": 0.8}",0.5237801442741072,,nested_tuning
8,3,full,random_survival_forest,"{""max_features"": ""sqrt"", ""min_samples_leaf"": 5, ""n_estimators"": 500}",0.6006815458780833,,nested_tuning
8,3,full,random_survival_forest,"{""max_features"": 0.5, ""min_samples_leaf"": 5, ""n_estimators"": 500}",0.5466560191508718,,nested_tuning
8,3,full,random_survival_forest,"{""max_features"": ""sqrt"", ""min_samples_leaf"": 10, ""n_estimators"": 500}",0.562383695472358,,nested_tuning
8,3,full,random_survival_forest,"{""max_features"": 0.5, ""min_samples_leaf"": 10, ""n_estimators"": 500}",0.5566256132882204,,nested_tuning
8,4,clinical,survivalpfn,{},,,single_candidate_no_tuning
8,4,clinical,elastic_net_cox,"{""l1_ratio"": 0.0, ""penalizer"": 0.01}",0.5974840953296006,,nested_tuning
8,4,clinical,elastic_net_cox,"{""l1_ratio"": 0.5, ""penalizer"": 0.01}",0.5945594384195896,,nested_tuning
8,4,clinical,elastic_net_cox,"{""l1_ratio"": 0.0, ""penalizer"": 0.1}",0.5833855430263137,,nested_tuning
8,4,clinical,elastic_net_cox,"{""l1_ratio"": 0.5, ""penalizer"": 0.1}",0.5460924585849751,,nested_tuning
8,4,clinical,elastic_net_cox,"{""l1_ratio"": 0.0, ""penalizer"": 1.0}",0.5780999374381492,,nested_tuning
8,4,clinical,elastic_net_cox,"{""l1_ratio"": 0.5, ""penalizer"": 1.0}",0.5766783948838832,,nested_tuning
8,4,clinical,elastic_net_cox,"{""l1_ratio"": 1.0, ""penalizer"": 0.1}",0.5807481886015564,,nested_tuning
8,4,clinical,elastic_net_cox,"{""l1_ratio"": 1.0, ""penalizer"": 1.0}",0.5771155239406895,,nested_tuning
8,4,clinical,xgb_aft,"{""colsample_bytree"": 0.8, ""eta"": 0.03, ""lambda"": 2.0, ""max_depth"": 1, ""min_child_weight"": 5, ""num_boost_round"": 150, ""subsample"": 0.8}",0.5035405710998095,,nested_tuning
8,4,clinical,xgb_aft,"{""colsample_bytree"": 0.8, ""eta"": 0.03, ""lambda"": 2.0, ""max_depth"": 2, ""min_child_weight"": 5, ""num_boost_round"": 150, ""subsample"": 0.8}",0.4971434176126846,,nested_tuning
8,4,clinical,xgb_aft,"{""colsample_bytree"": 0.8, ""eta"": 0.1, ""lambda"": 2.0, ""max_depth"": 1, ""min_child_weight"": 5, ""num_boost_round"": 150, ""subsample"": 0.8}",0.5102639296388835,,nested_tuning
8,4,clinical,xgb_aft,"{""colsample_bytree"": 0.8, ""eta"": 0.1, ""lambda"": 2.0, ""max_depth"": 2, ""min_child_weight"": 5, ""num_boost_round"": 150, ""subsample"": 0.8}",0.4941036970532834,,nested_tuning
8,4,clinical,random_survival_forest,"{""max_features"": ""sqrt"", ""min_samples_leaf"": 5, ""n_estimators"": 500}",0.5060876973210673,,nested_tuning
8,4,clinical,random_survival_forest,"{""max_features"": 0.5, ""min_samples_leaf"": 5, ""n_estimators"": 500}",0.4895722296297774,,nested_tuning
8,4,clinical,random_survival_forest,"{""max_features"": ""sqrt"", ""min_samples_leaf"": 10, ""n_estimators"": 500}",0.5488973006193513,,nested_tuning
8,4,clinical,random_survival_forest,"{""max_features"": 0.5, ""min_samples_leaf"": 10, ""n_estimators"": 500}",0.5191225356180234,,nested_tuning
8,4,clinical_plus_pathway,survivalpfn,{},,,single_candidate_no_tuning
8,4,clinical_plus_pathway,elastic_net_cox,"{""l1_ratio"": 0.0, ""penalizer"": 0.01}",0.5539428600688189,,nested_tuning
8,4,clinical_plus_pathway,elastic_net_cox,"{""l1_ratio"": 0.5, ""penalizer"": 0.01}",0.5353048022665499,,nested_tuning
8,4,clinical_plus_pathway,elastic_net_cox,"{""l1_ratio"": 0.0, ""penalizer"": 0.1}",0.5043117147080363,,nested_tuning
8,4,clinical_plus_pathway,elastic_net_cox,"{""l1_ratio"": 0.5, ""penalizer"": 0.1}",0.4804093863882908,,nested_tuning
8,4,clinical_plus_pathway,elastic_net_cox,"{""l1_ratio"": 0.0, ""penalizer"": 1.0}",0.4595941760269657,,nested_tuning
8,4,clinical_plus_pathway,elastic_net_cox,"{""l1_ratio"": 0.5, ""penalizer"": 1.0}",0.4340978939592528,,nested_tuning
8,4,clinical_plus_pathway,elastic_net_cox,"{""l1_ratio"": 1.0, ""penalizer"": 0.1}",0.476501258996979,,nested_tuning
8,4,clinical_plus_pathway,elastic_net_cox,"{""l1_ratio"": 1.0, ""penalizer"": 1.0}",0.4334453189481241,,nested_tuning
8,4,clinical_plus_pathway,xgb_aft,"{""colsample_bytree"": 0.8, ""eta"": 0.03, ""lambda"": 2.0, ""max_depth"": 1, ""min_child_weight"": 5, ""num_boost_round"": 150, ""subsample"": 0.8}",0.3927860400338924,,nested_tuning
8,4,clinical_plus_pathway,xgb_aft,"{""colsample_bytree"": 0.8, ""eta"": 0.03, ""lambda"": 2.0, ""max_depth"": 2, ""min_child_weight"": 5, ""num_boost_round"": 150, ""subsample"": 0.8}",0.43665928330908277,,nested_tuning
8,4,clinical_plus_pathway,xgb_aft,"{""colsample_bytree"": 0.8, ""eta"": 0.1, ""lambda"": 2.0, ""max_depth"": 1, ""min_child_weight"": 5, ""num_boost_round"": 150, ""subsample"": 0.8}",0.44045548700601417,,nested_tuning
8,4,clinical_plus_pathway,xgb_aft,"{""colsample_bytree"": 0.8, ""eta"": 0.1, ""lambda"": 2.0, ""max_depth"": 2, ""min_child_weight"": 5, ""num_boost_round"": 150, ""subsample"": 0.8}",0.49648544489303575,,nested_tuning
8,4,clinical_plus_pathway,random_survival_forest,"{""max_features"": ""sqrt"", ""min_samples_leaf"": 5, ""n_estimators"": 500}",0.5187423420441164,,nested_tuning
8,4,clinical_plus_pathway,random_survival_forest,"{""max_features"": 0.5, ""min_samples_leaf"": 5, ""n_estimators"": 500}",0.5249059112656078,,nested_tuning
8,4,clinical_plus_pathway,random_survival_forest,"{""max_features"": ""sqrt"", ""min_samples_leaf"": 10, ""n_estimators"": 500}",0.5159671290002429,,nested_tuning
8,4,clinical_plus_pathway,random_survival_forest,"{""max_features"": 0.5, ""min_samples_leaf"": 10, ""n_estimators"": 500}",0.5158057684173936,,nested_tuning
8,4,clinical_plus_recast,survivalpfn,{},,,single_candidate_no_tuning
8,4,clinical_plus_recast,elastic_net_cox,"{""l1_ratio"": 0.0, ""penalizer"": 0.01}",0.5294105482108423,,nested_tuning
8,4,clinical_plus_recast,elastic_net_cox,"{""l1_ratio"": 0.5, ""penalizer"": 0.01}",0.5340375282148477,,nested_tuning
8,4,clinical_plus_recast,elastic_net_cox,"{""l1_ratio"": 0.0, ""penalizer"": 0.1}",0.548255083649518,,nested_tuning
8,4,clinical_plus_recast,elastic_net_cox,"{""l1_ratio"": 0.5, ""penalizer"": 0.1}",0.5223073760210035,,nested_tuning
8,4,clinical_plus_recast,elastic_net_cox,"{""l1_ratio"": 0.0, ""penalizer"": 1.0}",0.53654988244742,,nested_tuning
8,4,clinical_plus_recast,elastic_net_cox,"{""l1_ratio"": 0.5, ""penalizer"": 1.0}",0.5040618071146702,,nested_tuning
8,4,clinical_plus_recast,elastic_net_cox,"{""l1_ratio"": 1.0, ""penalizer"": 0.1}",0.5399994637698605,,nested_tuning
8,4,clinical_plus_recast,elastic_net_cox,"{""l1_ratio"": 1.0, ""penalizer"": 1.0}",0.5040618071146702,,nested_tuning
8,4,clinical_plus_recast,xgb_aft,"{""colsample_bytree"": 0.8, ""eta"": 0.03, ""lambda"": 2.0, ""max_depth"": 1, ""min_child_weight"": 5, ""num_boost_round"": 150, ""subsample"": 0.8}",0.4622537775591867,,nested_tuning
8,4,clinical_plus_recast,xgb_aft,"{""colsample_bytree"": 0.8, ""eta"": 0.03, ""lambda"": 2.0, ""max_depth"": 2, ""min_child_weight"": 5, ""num_boost_round"": 150, ""subsample"": 0.8}",0.49481952303283644,,nested_tuning
8,4,clinical_plus_recast,xgb_aft,"{""colsample_bytree"": 0.8, ""eta"": 0.1, ""lambda"": 2.0, ""max_depth"": 1, ""min_child_weight"": 5, ""num_boost_round"": 150, ""subsample"": 0.8}",0.4648839341527105,,nested_tuning
8,4,clinical_plus_recast,xgb_aft,"{""colsample_bytree"": 0.8, ""eta"": 0.1, ""lambda"": 2.0, ""max_depth"": 2, ""min_child_weight"": 5, ""num_boost_round"": 150, ""subsample"": 0.8}",0.49384792935236954,,nested_tuning
8,4,clinical_plus_recast,random_survival_forest,"{""max_features"": ""sqrt"", ""min_samples_leaf"": 5, ""n_estimators"": 500}",0.45943477222673035,,nested_tuning
8,4,clinical_plus_recast,random_survival_forest,"{""max_features"": 0.5, ""min_samples_leaf"": 5, ""n_estimators"": 500}",0.44582197941398655,,nested_tuning
8,4,clinical_plus_recast,random_survival_forest,"{""max_features"": ""sqrt"", ""min_samples_leaf"": 10, ""n_estimators"": 500}",0.41704654704056154,,nested_tuning
8,4,clinical_plus_recast,random_survival_forest,"{""max_features"": 0.5, ""min_samples_leaf"": 10, ""n_estimators"": 500}",0.44637341320110446,,nested_tuning
8,4,full,survivalpfn,{},,,single_candidate_no_tuning
8,4,full,elastic_net_cox,"{""l1_ratio"": 0.0, ""penalizer"": 0.01}",0.5211886851801195,,nested_tuning
8,4,full,elastic_net_cox,"{""l1_ratio"": 0.5, ""penalizer"": 0.01}",0.5150775083348267,,nested_tuning
8,4,full,elastic_net_cox,"{""l1_ratio"": 0.0, ""penalizer"": 0.1}",0.4862053746015592,,nested_tuning
8,4,full,elastic_net_cox,"{""l1_ratio"": 0.5, ""penalizer"": 0.1}",0.48010813613267167,,nested_tuning
8,4,full,elastic_net_cox,"{""l1_ratio"": 0.0, ""penalizer"": 1.0}",0.4536971703209867,,nested_tuning
8,4,full,elastic_net_cox,"{""l1_ratio"": 0.5, ""penalizer"": 1.0}",0.4169463369391575,,nested_tuning
8,4,full,elastic_net_cox,"{""l1_ratio"": 1.0, ""penalizer"": 0.1}",0.47939568312237824,,nested_tuning
8,4,full,elastic_net_cox,"{""l1_ratio"": 1.0, ""penalizer"": 1.0}",0.4169463369391575,,nested_tuning
8,4,full,xgb_aft,"{""colsample_bytree"": 0.8, ""eta"": 0.03, ""lambda"": 2.0, ""max_depth"": 1, ""min_child_weight"": 5, ""num_boost_round"": 150, ""subsample"": 0.8}",0.3725240182226612,,nested_tuning
8,4,full,xgb_aft,"{""colsample_bytree"": 0.8, ""eta"": 0.03, ""lambda"": 2.0, ""max_depth"": 2, ""min_child_weight"": 5, ""num_boost_round"": 150, ""subsample"": 0.8}",0.4335259001921627,,nested_tuning
8,4,full,xgb_aft,"{""colsample_bytree"": 0.8, ""eta"": 0.1, ""lambda"": 2.0, ""max_depth"": 1, ""min_child_weight"": 5, ""num_boost_round"": 150, ""subsample"": 0.8}",0.4216072138920101,,nested_tuning
8,4,full,xgb_aft,"{""colsample_bytree"": 0.8, ""eta"": 0.1, ""lambda"": 2.0, ""max_depth"": 2, ""min_child_weight"": 5, ""num_boost_round"": 150, ""subsample"": 0.8}",0.47219897601732225,,nested_tuning
8,4,full,random_survival_forest,"{""max_features"": ""sqrt"", ""min_samples_leaf"": 5, ""n_estimators"": 500}",0.4637629179715064,,nested_tuning
8,4,full,random_survival_forest,"{""max_features"": 0.5, ""min_samples_leaf"": 5, ""n_estimators"": 500}",0.4715714413326526,,nested_tuning
8,4,full,random_survival_forest,"{""max_features"": ""sqrt"", ""min_samples_leaf"": 10, ""n_estimators"": 500}",0.4709921934910004,,nested_tuning
8,4,full,random_survival_forest,"{""max_features"": 0.5, ""min_samples_leaf"": 10, ""n_estimators"": 500}",0.477225517080511,,nested_tuning
9,0,clinical,survivalpfn,{},,,single_candidate_no_tuning
9,0,clinical,elastic_net_cox,"{""l1_ratio"": 0.0, ""penalizer"": 0.01}",0.5876620338559249,,nested_tuning
9,0,clinical,elastic_net_cox,"{""l1_ratio"": 0.5, ""penalizer"": 0.01}",0.5862871650981921,,nested_tuning
9,0,clinical,elastic_net_cox,"{""l1_ratio"": 0.0, ""penalizer"": 0.1}",0.5879085775343953,,nested_tuning
9,0,clinical,elastic_net_cox,"{""l1_ratio"": 0.5, ""penalizer"": 0.1}",0.5267891802660098,,nested_tuning
9,0,clinical,elastic_net_cox,"{""l1_ratio"": 0.0, ""penalizer"": 1.0}",0.5224349181679969,,nested_tuning
9,0,clinical,elastic_net_cox,"{""l1_ratio"": 0.5, ""penalizer"": 1.0}",0.5318072934888509,,nested_tuning
9,0,clinical,elastic_net_cox,"{""l1_ratio"": 1.0, ""penalizer"": 0.1}",0.5265068112662291,,nested_tuning
9,0,clinical,elastic_net_cox,"{""l1_ratio"": 1.0, ""penalizer"": 1.0}",0.5318072934888509,,nested_tuning
9,0,clinical,xgb_aft,"{""colsample_bytree"": 0.8, ""eta"": 0.03, ""lambda"": 2.0, ""max_depth"": 1, ""min_child_weight"": 5, ""num_boost_round"": 150, ""subsample"": 0.8}",0.5500992806301771,,nested_tuning
9,0,clinical,xgb_aft,"{""colsample_bytree"": 0.8, ""eta"": 0.03, ""lambda"": 2.0, ""max_depth"": 2, ""min_child_weight"": 5, ""num_boost_round"": 150, ""subsample"": 0.8}",0.5670229294925176,,nested_tuning
9,0,clinical,xgb_aft,"{""colsample_bytree"": 0.8, ""eta"": 0.1, ""lambda"": 2.0, ""max_depth"": 1, ""min_child_weight"": 5, ""num_boost_round"": 150, ""subsample"": 0.8}",0.5776458783922792,,nested_tuning
9,0,clinical,xgb_aft,"{""colsample_bytree"": 0.8, ""eta"": 0.1, ""lambda"": 2.0, ""max_depth"": 2, ""min_child_weight"": 5, ""num_boost_round"": 150, ""subsample"": 0.8}",0.5409843261610005,,nested_tuning
9,0,clinical,random_survival_forest,"{""max_features"": ""sqrt"", ""min_samples_leaf"": 5, ""n_estimators"": 500}",0.5621511354726694,,nested_tuning
9,0,clinical,random_survival_forest,"{""max_features"": 0.5, ""min_samples_leaf"": 5, ""n_estimators"": 500}",0.5566917195024992,,nested_tuning
9,0,clinical,random_survival_forest,"{""max_features"": ""sqrt"", ""min_samples_leaf"": 10, ""n_estimators"": 500}",0.5828243314642365,,nested_tuning
9,0,clinical,random_survival_forest,"{""max_features"": 0.5, ""min_samples_leaf"": 10, ""n_estimators"": 500}",0.5796949312387725,,nested_tuning
9,0,clinical_plus_pathway,survivalpfn,{},,,single_candidate_no_tuning
9,0,clinical_plus_pathway,elastic_net_cox,"{""l1_ratio"": 0.0, ""penalizer"": 0.01}",,"ConvergenceWarning: Column x5 have very low variance when conditioned on death event present or not. This may harm convergence. This could be a form of 'complete separation'. For example, try the following code:

>>> events = df['event'].astype(bool)
>>> print(df.loc[events, 'x5'].var())
>>> print(df.loc[~events, 'x5'].var())

A very low variance means that the column x5 completely determines whether a subject dies or not. See https://stats.stackexchange.com/questions/11109/how-to-deal-with-perfect-separation-in-logistic-regression.
",nested_tuning
9,0,clinical_plus_pathway,elastic_net_cox,"{""l1_ratio"": 0.5, ""penalizer"": 0.01}",,"ConvergenceWarning: Column x5 have very low variance when conditioned on death event present or not. This may harm convergence. This could be a form of 'complete separation'. For example, try the following code:

>>> events = df['event'].astype(bool)
>>> print(df.loc[events, 'x5'].var())
>>> print(df.loc[~events, 'x5'].var())

A very low variance means that the column x5 completely determines whether a subject dies or not. See https://stats.stackexchange.com/questions/11109/how-to-deal-with-perfect-separation-in-logistic-regression.
",nested_tuning
9,0,clinical_plus_pathway,elastic_net_cox,"{""l1_ratio"": 0.0, ""penalizer"": 0.1}",0.5808235784498043,,nested_tuning
9,0,clinical_plus_pathway,elastic_net_cox,"{""l1_ratio"": 0.5, ""penalizer"": 0.1}",0.5351606922742422,,nested_tuning
9,0,clinical_plus_pathway,elastic_net_cox,"{""l1_ratio"": 0.0, ""penalizer"": 1.0}",0.5158932065203587,,nested_tuning
9,0,clinical_plus_pathway,elastic_net_cox,"{""l1_ratio"": 0.5, ""penalizer"": 1.0}",0.44274639089009704,,nested_tuning
9,0,clinical_plus_pathway,elastic_net_cox,"{""l1_ratio"": 1.0, ""penalizer"": 0.1}",0.4942658967759848,,nested_tuning
9,0,clinical_plus_pathway,elastic_net_cox,"{""l1_ratio"": 1.0, ""penalizer"": 1.0}",0.4422007629710554,,nested_tuning
9,0,clinical_plus_pathway,xgb_aft,"{""colsample_bytree"": 0.8, ""eta"": 0.03, ""lambda"": 2.0, ""max_depth"": 1, ""min_child_weight"": 5, ""num_boost_round"": 150, ""subsample"": 0.8}",0.5021917916331454,,nested_tuning
9,0,clinical_plus_pathway,xgb_aft,"{""colsample_bytree"": 0.8, ""eta"": 0.03, ""lambda"": 2.0, ""max_depth"": 2, ""min_child_weight"": 5, ""num_boost_round"": 150, ""subsample"": 0.8}",0.5268963739563592,,nested_tuning
9,0,clinical_plus_pathway,xgb_aft,"{""colsample_bytree"": 0.8, ""eta"": 0.1, ""lambda"": 2.0, ""max_depth"": 1, ""min_child_weight"": 5, ""num_boost_round"": 150, ""subsample"": 0.8}",0.5754418174909637,,nested_tuning
9,0,clinical_plus_pathway,xgb_aft,"{""colsample_bytree"": 0.8, ""eta"": 0.1, ""lambda"": 2.0, ""max_depth"": 2, ""min_child_weight"": 5, ""num_boost_round"": 150, ""subsample"": 0.8}",0.6145014059634375,,nested_tuning
9,0,clinical_plus_pathway,random_survival_forest,"{""max_features"": ""sqrt"", ""min_samples_leaf"": 5, ""n_estimators"": 500}",0.5564430806564836,,nested_tuning
9,0,clinical_plus_pathway,random_survival_forest,"{""max_features"": 0.5, ""min_samples_leaf"": 5, ""n_estimators"": 500}",0.5493815262116826,,nested_tuning
9,0,clinical_plus_pathway,random_survival_forest,"{""max_features"": ""sqrt"", ""min_samples_leaf"": 10, ""n_estimators"": 500}",0.5320360579141014,,nested_tuning
9,0,clinical_plus_pathway,random_survival_forest,"{""max_features"": 0.5, ""min_samples_leaf"": 10, ""n_estimators"": 500}",0.5742387422779482,,nested_tuning
9,0,clinical_plus_recast,survivalpfn,{},,,single_candidate_no_tuning
9,0,clinical_plus_recast,elastic_net_cox,"{""l1_ratio"": 0.0, ""penalizer"": 0.01}",0.6142381920858122,,nested_tuning
9,0,clinical_plus_recast,elastic_net_cox,"{""l1_ratio"": 0.5, ""penalizer"": 0.01}",,"ConvergenceWarning: Column x5 have very low variance when conditioned on death event present or not. This may harm convergence. This could be a form of 'complete separation'. For example, try the following code:

>>> events = df['event'].astype(bool)
>>> print(df.loc[events, 'x5'].var())
>>> print(df.loc[~events, 'x5'].var())

A very low variance means that the column x5 completely determines whether a subject dies or not. See https://stats.stackexchange.com/questions/11109/how-to-deal-with-perfect-separation-in-logistic-regression.
",nested_tuning
9,0,clinical_plus_recast,elastic_net_cox,"{""l1_ratio"": 0.0, ""penalizer"": 0.1}",0.6000190383999429,,nested_tuning
9,0,clinical_plus_recast,elastic_net_cox,"{""l1_ratio"": 0.5, ""penalizer"": 0.1}",0.5339693268501771,,nested_tuning
9,0,clinical_plus_recast,elastic_net_cox,"{""l1_ratio"": 0.0, ""penalizer"": 1.0}",0.5805548700324463,,nested_tuning
9,0,clinical_plus_recast,elastic_net_cox,"{""l1_ratio"": 0.5, ""penalizer"": 1.0}",0.5296983654872842,,nested_tuning
9,0,clinical_plus_recast,elastic_net_cox,"{""l1_ratio"": 1.0, ""penalizer"": 0.1}",0.566961796430857,,nested_tuning
9,0,clinical_plus_recast,elastic_net_cox,"{""l1_ratio"": 1.0, ""penalizer"": 1.0}",0.52847738778595,,nested_tuning
9,0,clinical_plus_recast,xgb_aft,"{""colsample_bytree"": 0.8, ""eta"": 0.03, ""lambda"": 2.0, ""max_depth"": 1, ""min_child_weight"": 5, ""num_boost_round"": 150, ""subsample"": 0.8}",0.5332343637219005,,nested_tuning
9,0,clinical_plus_recast,xgb_aft,"{""colsample_bytree"": 0.8, ""eta"": 0.03, ""lambda"": 2.0, ""max_depth"": 2, ""min_child_weight"": 5, ""num_boost_round"": 150, ""subsample"": 0.8}",0.5466574312476182,,nested_tuning
9,0,clinical_plus_recast,xgb_aft,"{""colsample_bytree"": 0.8, ""eta"": 0.1, ""lambda"": 2.0, ""max_depth"": 1, ""min_child_weight"": 5, ""num_boost_round"": 150, ""subsample"": 0.8}",0.5749199357199117,,nested_tuning
9,0,clinical_plus_recast,xgb_aft,"{""colsample_bytree"": 0.8, ""eta"": 0.1, ""lambda"": 2.0, ""max_depth"": 2, ""min_child_weight"": 5, ""num_boost_round"": 150, ""subsample"": 0.8}",0.49572894787708627,,nested_tuning
9,0,clinical_plus_recast,random_survival_forest,"{""max_features"": ""sqrt"", ""min_samples_leaf"": 5, ""n_estimators"": 500}",0.48471689456717104,,nested_tuning
9,0,clinical_plus_recast,random_survival_forest,"{""max_features"": 0.5, ""min_samples_leaf"": 5, ""n_estimators"": 500}",0.4839593259565718,,nested_tuning
9,0,clinical_plus_recast,random_survival_forest,"{""max_features"": ""sqrt"", ""min_samples_leaf"": 10, ""n_estimators"": 500}",0.4486310644631732,,nested_tuning
9,0,clinical_plus_recast,random_survival_forest,"{""max_features"": 0.5, ""min_samples_leaf"": 10, ""n_estimators"": 500}",0.466715079259363,,nested_tuning
9,0,full,survivalpfn,{},,,single_candidate_no_tuning
9,0,full,elastic_net_cox,"{""l1_ratio"": 0.0, ""penalizer"": 0.01}",0.592484426662161,,nested_tuning
9,0,full,elastic_net_cox,"{""l1_ratio"": 0.5, ""penalizer"": 0.01}",0.5886805652052065,,nested_tuning
9,0,full,elastic_net_cox,"{""l1_ratio"": 0.0, ""penalizer"": 0.1}",0.6160351069545296,,nested_tuning
9,0,full,elastic_net_cox,"{""l1_ratio"": 0.5, ""penalizer"": 0.1}",0.5180189468840818,,nested_tuning
9,0,full,elastic_net_cox,"{""l1_ratio"": 0.0, ""penalizer"": 1.0}",0.5051375268452023,,nested_tuning
9,0,full,elastic_net_cox,"{""l1_ratio"": 0.5, ""penalizer"": 1.0}",0.42255959512905894,,nested_tuning
9,0,full,elastic_net_cox,"{""l1_ratio"": 1.0, ""penalizer"": 0.1}",0.49595987285285065,,nested_tuning
9,0,full,elastic_net_cox,"{""l1_ratio"": 1.0, ""penalizer"": 1.0}",0.42296716298537584,,nested_tuning
9,0,full,xgb_aft,"{""colsample_bytree"": 0.8, ""eta"": 0.03, ""lambda"": 2.0, ""max_depth"": 1, ""min_child_weight"": 5, ""num_boost_round"": 150, ""subsample"": 0.8}",0.4183113017790372,,nested_tuning
9,0,full,xgb_aft,"{""colsample_bytree"": 0.8, ""eta"": 0.03, ""lambda"": 2.0, ""max_depth"": 2, ""min_child_weight"": 5, ""num_boost_round"": 150, ""subsample"": 0.8}",0.5075887029884703,,nested_tuning
9,0,full,xgb_aft,"{""colsample_bytree"": 0.8, ""eta"": 0.1, ""lambda"": 2.0, ""max_depth"": 1, ""min_child_weight"": 5, ""num_boost_round"": 150, ""subsample"": 0.8}",0.5351492624943162,,nested_tuning
9,0,full,xgb_aft,"{""colsample_bytree"": 0.8, ""eta"": 0.1, ""lambda"": 2.0, ""max_depth"": 2, ""min_child_weight"": 5, ""num_boost_round"": 150, ""subsample"": 0.8}",0.5625260645779372,,nested_tuning
9,0,full,random_survival_forest,"{""max_features"": ""sqrt"", ""min_samples_leaf"": 5, ""n_estimators"": 500}",0.543275940362146,,nested_tuning
9,0,full,random_survival_forest,"{""max_features"": 0.5, ""min_samples_leaf"": 5, ""n_estimators"": 500}",0.5521244488107249,,nested_tuning
9,0,full,random_survival_forest,"{""max_features"": ""sqrt"", ""min_samples_leaf"": 10, ""n_estimators"": 500}",0.4754154515928307,,nested_tuning
9,0,full,random_survival_forest,"{""max_features"": 0.5, ""min_samples_leaf"": 10, ""n_estimators"": 500}",0.4979439164219537,,nested_tuning
9,1,clinical,survivalpfn,{},,,single_candidate_no_tuning
9,1,clinical,elastic_net_cox,"{""l1_ratio"": 0.0, ""penalizer"": 0.01}",0.6278596299784832,,nested_tuning
9,1,clinical,elastic_net_cox,"{""l1_ratio"": 0.5, ""penalizer"": 0.01}",0.626053278717542,,nested_tuning
9,1,clinical,elastic_net_cox,"{""l1_ratio"": 0.0, ""penalizer"": 0.1}",0.6166924889903759,,nested_tuning
9,1,clinical,elastic_net_cox,"{""l1_ratio"": 0.5, ""penalizer"": 0.1}",0.6075537646306886,,nested_tuning
9,1,clinical,elastic_net_cox,"{""l1_ratio"": 0.0, ""penalizer"": 1.0}",0.5995213376335528,,nested_tuning
9,1,clinical,elastic_net_cox,"{""l1_ratio"": 0.5, ""penalizer"": 1.0}",0.5898607778469868,,nested_tuning
9,1,clinical,elastic_net_cox,"{""l1_ratio"": 1.0, ""penalizer"": 0.1}",0.588202091696072,,nested_tuning
9,1,clinical,elastic_net_cox,"{""l1_ratio"": 1.0, ""penalizer"": 1.0}",0.590375055115863,,nested_tuning
9,1,clinical,xgb_aft,"{""colsample_bytree"": 0.8, ""eta"": 0.03, ""lambda"": 2.0, ""max_depth"": 1, ""min_child_weight"": 5, ""num_boost_round"": 150, ""subsample"": 0.8}",0.5686444292461592,,nested_tuning
9,1,clinical,xgb_aft,"{""colsample_bytree"": 0.8, ""eta"": 0.03, ""lambda"": 2.0, ""max_depth"": 2, ""min_child_weight"": 5, ""num_boost_round"": 150, ""subsample"": 0.8}",0.5499544590024871,,nested_tuning
9,1,clinical,xgb_aft,"{""colsample_bytree"": 0.8, ""eta"": 0.1, ""lambda"": 2.0, ""max_depth"": 1, ""min_child_weight"": 5, ""num_boost_round"": 150, ""subsample"": 0.8}",0.5829817078485441,,nested_tuning
9,1,clinical,xgb_aft,"{""colsample_bytree"": 0.8, ""eta"": 0.1, ""lambda"": 2.0, ""max_depth"": 2, ""min_child_weight"": 5, ""num_boost_round"": 150, ""subsample"": 0.8}",0.5788890085834562,,nested_tuning
9,1,clinical,random_survival_forest,"{""max_features"": ""sqrt"", ""min_samples_leaf"": 5, ""n_estimators"": 500}",0.5581415049049734,,nested_tuning
9,1,clinical,random_survival_forest,"{""max_features"": 0.5, ""min_samples_leaf"": 5, ""n_estimators"": 500}",0.5568714709450894,,nested_tuning
9,1,clinical,random_survival_forest,"{""max_features"": ""sqrt"", ""min_samples_leaf"": 10, ""n_estimators"": 500}",0.5974604805449544,,nested_tuning
9,1,clinical,random_survival_forest,"{""max_features"": 0.5, ""min_samples_leaf"": 10, ""n_estimators"": 500}",0.5949265847848457,,nested_tuning
9,1,clinical_plus_pathway,survivalpfn,{},,,single_candidate_no_tuning
9,1,clinical_plus_pathway,elastic_net_cox,"{""l1_ratio"": 0.0, ""penalizer"": 0.01}",0.5731125176432191,,nested_tuning
9,1,clinical_plus_pathway,elastic_net_cox,"{""l1_ratio"": 0.5, ""penalizer"": 0.01}",0.5742724628133195,,nested_tuning
9,1,clinical_plus_pathway,elastic_net_cox,"{""l1_ratio"": 0.0, ""penalizer"": 0.1}",0.605101680290131,,nested_tuning
9,1,clinical_plus_pathway,elastic_net_cox,"{""l1_ratio"": 0.5, ""penalizer"": 0.1}",0.5900859383458025,,nested_tuning
9,1,clinical_plus_pathway,elastic_net_cox,"{""l1_ratio"": 0.0, ""penalizer"": 1.0}",0.6081853500667985,,nested_tuning
9,1,clinical_plus_pathway,elastic_net_cox,"{""l1_ratio"": 0.5, ""penalizer"": 1.0}",0.5655132666094957,,nested_tuning
9,1,clinical_plus_pathway,elastic_net_cox,"{""l1_ratio"": 1.0, ""penalizer"": 0.1}",0.5911166550081767,,nested_tuning
9,1,clinical_plus_pathway,elastic_net_cox,"{""l1_ratio"": 1.0, ""penalizer"": 1.0}",0.5655132666094957,,nested_tuning
9,1,clinical_plus_pathway,xgb_aft,"{""colsample_bytree"": 0.8, ""eta"": 0.03, ""lambda"": 2.0, ""max_depth"": 1, ""min_child_weight"": 5, ""num_boost_round"": 150, ""subsample"": 0.8}",0.5659425617895149,,nested_tuning
9,1,clinical_plus_pathway,xgb_aft,"{""colsample_bytree"": 0.8, ""eta"": 0.03, ""lambda"": 2.0, ""max_depth"": 2, ""min_child_weight"": 5, ""num_boost_round"": 150, ""subsample"": 0.8}",0.60018044949706,,nested_tuning
9,1,clinical_plus_pathway,xgb_aft,"{""colsample_bytree"": 0.8, ""eta"": 0.1, ""lambda"": 2.0, ""max_depth"": 1, ""min_child_weight"": 5, ""num_boost_round"": 150, ""subsample"": 0.8}",0.5492621256299544,,nested_tuning
9,1,clinical_plus_pathway,xgb_aft,"{""colsample_bytree"": 0.8, ""eta"": 0.1, ""lambda"": 2.0, ""max_depth"": 2, ""min_child_weight"": 5, ""num_boost_round"": 150, ""subsample"": 0.8}",0.5591149486228024,,nested_tuning
9,1,clinical_plus_pathway,random_survival_forest,"{""max_features"": ""sqrt"", ""min_samples_leaf"": 5, ""n_estimators"": 500}",0.6090973853001135,,nested_tuning
9,1,clinical_plus_pathway,random_survival_forest,"{""max_features"": 0.5, ""min_samples_leaf"": 5, ""n_estimators"": 500}",0.5919973061465365,,nested_tuning
9,1,clinical_plus_pathway,random_survival_forest,"{""max_features"": ""sqrt"", ""min_samples_leaf"": 10, ""n_estimators"": 500}",0.6004839775670663,,nested_tuning
9,1,clinical_plus_pathway,random_survival_forest,"{""max_features"": 0.5, ""min_samples_leaf"": 10, ""n_estimators"": 500}",0.6090752373466821,,nested_tuning
9,1,clinical_plus_recast,survivalpfn,{},,,single_candidate_no_tuning
9,1,clinical_plus_recast,elastic_net_cox,"{""l1_ratio"": 0.0, ""penalizer"": 0.01}",0.6087504227297889,,nested_tuning
9,1,clinical_plus_recast,elastic_net_cox,"{""l1_ratio"": 0.5, ""penalizer"": 0.01}",0.6121831464717558,,nested_tuning
9,1,clinical_plus_recast,elastic_net_cox,"{""l1_ratio"": 0.0, ""penalizer"": 0.1}",0.6152367877275712,,nested_tuning
9,1,clinical_plus_recast,elastic_net_cox,"{""l1_ratio"": 0.5, ""penalizer"": 0.1}",0.6157624932552792,,nested_tuning
9,1,clinical_plus_recast,elastic_net_cox,"{""l1_ratio"": 0.0, ""penalizer"": 1.0}",0.6214159472618723,,nested_tuning
9,1,clinical_plus_recast,elastic_net_cox,"{""l1_ratio"": 0.5, ""penalizer"": 1.0}",0.6031297599974549,,nested_tuning
9,1,clinical_plus_recast,elastic_net_cox,"{""l1_ratio"": 1.0, ""penalizer"": 0.1}",0.6111549975361471,,nested_tuning
9,1,clinical_plus_recast,elastic_net_cox,"{""l1_ratio"": 1.0, ""penalizer"": 1.0}",0.6026883972083334,,nested_tuning
9,1,clinical_plus_recast,xgb_aft,"{""colsample_bytree"": 0.8, ""eta"": 0.03, ""lambda"": 2.0, ""max_depth"": 1, ""min_child_weight"": 5, ""num_boost_round"": 150, ""subsample"": 0.8}",0.49013756065764547,,nested_tuning
9,1,clinical_plus_recast,xgb_aft,"{""colsample_bytree"": 0.8, ""eta"": 0.03, ""lambda"": 2.0, ""max_depth"": 2, ""min_child_weight"": 5, ""num_boost_round"": 150, ""subsample"": 0.8}",0.4949917797156525,,nested_tuning
9,1,clinical_plus_recast,xgb_aft,"{""colsample_bytree"": 0.8, ""eta"": 0.1, ""lambda"": 2.0, ""max_depth"": 1, ""min_child_weight"": 5, ""num_boost_round"": 150, ""subsample"": 0.8}",0.5240392615765719,,nested_tuning
9,1,clinical_plus_recast,xgb_aft,"{""colsample_bytree"": 0.8, ""eta"": 0.1, ""lambda"": 2.0, ""max_depth"": 2, ""min_child_weight"": 5, ""num_boost_round"": 150, ""subsample"": 0.8}",0.5102091450418889,,nested_tuning
9,1,clinical_plus_recast,random_survival_forest,"{""max_features"": ""sqrt"", ""min_samples_leaf"": 5, ""n_estimators"": 500}",0.5141898564683911,,nested_tuning
9,1,clinical_plus_recast,random_survival_forest,"{""max_features"": 0.5, ""min_samples_leaf"": 5, ""n_estimators"": 500}",0.49158597921509994,,nested_tuning
9,1,clinical_plus_recast,random_survival_forest,"{""max_features"": ""sqrt"", ""min_samples_leaf"": 10, ""n_estimators"": 500}",0.5516215100455956,,nested_tuning
9,1,clinical_plus_recast,random_survival_forest,"{""max_features"": 0.5, ""min_samples_leaf"": 10, ""n_estimators"": 500}",0.5059750145969585,,nested_tuning
9,1,full,survivalpfn,{},,,single_candidate_no_tuning
9,1,full,elastic_net_cox,"{""l1_ratio"": 0.0, ""penalizer"": 0.01}",0.5372984486403166,,nested_tuning
9,1,full,elastic_net_cox,"{""l1_ratio"": 0.5, ""penalizer"": 0.01}",0.5435046459371738,,nested_tuning
9,1,full,elastic_net_cox,"{""l1_ratio"": 0.0, ""penalizer"": 0.1}",0.5850650523075384,,nested_tuning
9,1,full,elastic_net_cox,"{""l1_ratio"": 0.5, ""penalizer"": 0.1}",0.584253314663171,,nested_tuning
9,1,full,elastic_net_cox,"{""l1_ratio"": 0.0, ""penalizer"": 1.0}",0.5837916306204567,,nested_tuning
9,1,full,elastic_net_cox,"{""l1_ratio"": 0.5, ""penalizer"": 1.0}",0.5448801807897257,,nested_tuning
9,1,full,elastic_net_cox,"{""l1_ratio"": 1.0, ""penalizer"": 0.1}",0.5885635834155314,,nested_tuning
9,1,full,elastic_net_cox,"{""l1_ratio"": 1.0, ""penalizer"": 1.0}",0.5461960482694467,,nested_tuning
9,1,full,xgb_aft,"{""colsample_bytree"": 0.8, ""eta"": 0.03, ""lambda"": 2.0, ""max_depth"": 1, ""min_child_weight"": 5, ""num_boost_round"": 150, ""subsample"": 0.8}",0.4997467601011938,,nested_tuning
9,1,full,xgb_aft,"{""colsample_bytree"": 0.8, ""eta"": 0.03, ""lambda"": 2.0, ""max_depth"": 2, ""min_child_weight"": 5, ""num_boost_round"": 150, ""subsample"": 0.8}",0.552384778448375,,nested_tuning
9,1,full,xgb_aft,"{""colsample_bytree"": 0.8, ""eta"": 0.1, ""lambda"": 2.0, ""max_depth"": 1, ""min_child_weight"": 5, ""num_boost_round"": 150, ""subsample"": 0.8}",0.48899066208753483,,nested_tuning
9,1,full,xgb_aft,"{""colsample_bytree"": 0.8, ""eta"": 0.1, ""lambda"": 2.0, ""max_depth"": 2, ""min_child_weight"": 5, ""num_boost_round"": 150, ""subsample"": 0.8}",0.5049432837251854,,nested_tuning
9,1,full,random_survival_forest,"{""max_features"": ""sqrt"", ""min_samples_leaf"": 5, ""n_estimators"": 500}",0.5760580624616811,,nested_tuning
9,1,full,random_survival_forest,"{""max_features"": 0.5, ""min_samples_leaf"": 5, ""n_estimators"": 500}",0.56217446813693,,nested_tuning
9,1,full,random_survival_forest,"{""max_features"": ""sqrt"", ""min_samples_leaf"": 10, ""n_estimators"": 500}",0.5550028950250323,,nested_tuning
9,1,full,random_survival_forest,"{""max_features"": 0.5, ""min_samples_leaf"": 10, ""n_estimators"": 500}",0.577455760758377,,nested_tuning
9,2,clinical,survivalpfn,{},,,single_candidate_no_tuning
9,2,clinical,elastic_net_cox,"{""l1_ratio"": 0.0, ""penalizer"": 0.01}",0.6030351353199511,,nested_tuning
9,2,clinical,elastic_net_cox,"{""l1_ratio"": 0.5, ""penalizer"": 0.01}",0.6042019865880945,,nested_tuning
9,2,clinical,elastic_net_cox,"{""l1_ratio"": 0.0, ""penalizer"": 0.1}",0.6071124498930394,,nested_tuning
9,2,clinical,elastic_net_cox,"{""l1_ratio"": 0.5, ""penalizer"": 0.1}",0.5860281781035798,,nested_tuning
9,2,clinical,elastic_net_cox,"{""l1_ratio"": 0.0, ""penalizer"": 1.0}",0.5960563761930345,,nested_tuning
9,2,clinical,elastic_net_cox,"{""l1_ratio"": 0.5, ""penalizer"": 1.0}",0.580901104021627,,nested_tuning
9,2,clinical,elastic_net_cox,"{""l1_ratio"": 1.0, ""penalizer"": 0.1}",0.5861624567717549,,nested_tuning
9,2,clinical,elastic_net_cox,"{""l1_ratio"": 1.0, ""penalizer"": 1.0}",0.580901104021627,,nested_tuning
9,2,clinical,xgb_aft,"{""colsample_bytree"": 0.8, ""eta"": 0.03, ""lambda"": 2.0, ""max_depth"": 1, ""min_child_weight"": 5, ""num_boost_round"": 150, ""subsample"": 0.8}",0.5552557785214962,,nested_tuning
9,2,clinical,xgb_aft,"{""colsample_bytree"": 0.8, ""eta"": 0.03, ""lambda"": 2.0, ""max_depth"": 2, ""min_child_weight"": 5, ""num_boost_round"": 150, ""subsample"": 0.8}",0.5248529258593465,,nested_tuning
9,2,clinical,xgb_aft,"{""colsample_bytree"": 0.8, ""eta"": 0.1, ""lambda"": 2.0, ""max_depth"": 1, ""min_child_weight"": 5, ""num_boost_round"": 150, ""subsample"": 0.8}",0.5545364359647799,,nested_tuning
9,2,clinical,xgb_aft,"{""colsample_bytree"": 0.8, ""eta"": 0.1, ""lambda"": 2.0, ""max_depth"": 2, ""min_child_weight"": 5, ""num_boost_round"": 150, ""subsample"": 0.8}",0.5140534651574484,,nested_tuning
9,2,clinical,random_survival_forest,"{""max_features"": ""sqrt"", ""min_samples_leaf"": 5, ""n_estimators"": 500}",0.5561834445131005,,nested_tuning
9,2,clinical,random_survival_forest,"{""max_features"": 0.5, ""min_samples_leaf"": 5, ""n_estimators"": 500}",0.5469966297173159,,nested_tuning
9,2,clinical,random_survival_forest,"{""max_features"": ""sqrt"", ""min_samples_leaf"": 10, ""n_estimators"": 500}",0.522836052405607,,nested_tuning
9,2,clinical,random_survival_forest,"{""max_features"": 0.5, ""min_samples_leaf"": 10, ""n_estimators"": 500}",0.518602596609934,,nested_tuning
9,2,clinical_plus_pathway,survivalpfn,{},,,single_candidate_no_tuning
9,2,clinical_plus_pathway,elastic_net_cox,"{""l1_ratio"": 0.0, ""penalizer"": 0.01}",0.5626971766489298,,nested_tuning
9,2,clinical_plus_pathway,elastic_net_cox,"{""l1_ratio"": 0.5, ""penalizer"": 0.01}",0.5588180769116138,,nested_tuning
9,2,clinical_plus_pathway,elastic_net_cox,"{""l1_ratio"": 0.0, ""penalizer"": 0.1}",0.5527183786979643,,nested_tuning
9,2,clinical_plus_pathway,elastic_net_cox,"{""l1_ratio"": 0.5, ""penalizer"": 0.1}",0.5549771005225536,,nested_tuning
9,2,clinical_plus_pathway,elastic_net_cox,"{""l1_ratio"": 0.0, ""penalizer"": 1.0}",0.5772390312916088,,nested_tuning
9,2,clinical_plus_pathway,elastic_net_cox,"{""l1_ratio"": 0.5, ""penalizer"": 1.0}",0.5272312102092236,,nested_tuning
9,2,clinical_plus_pathway,elastic_net_cox,"{""l1_ratio"": 1.0, ""penalizer"": 0.1}",0.521802209841464,,nested_tuning
9,2,clinical_plus_pathway,elastic_net_cox,"{""l1_ratio"": 1.0, ""penalizer"": 1.0}",0.5282931042976171,,nested_tuning
9,2,clinical_plus_pathway,xgb_aft,"{""colsample_bytree"": 0.8, ""eta"": 0.03, ""lambda"": 2.0, ""max_depth"": 1, ""min_child_weight"": 5, ""num_boost_round"": 150, ""subsample"": 0.8}",0.4894640517839806,,nested_tuning
9,2,clinical_plus_pathway,xgb_aft,"{""colsample_bytree"": 0.8, ""eta"": 0.03, ""lambda"": 2.0, ""max_depth"": 2, ""min_child_weight"": 5, ""num_boost_round"": 150, ""subsample"": 0.8}",0.5191625209162101,,nested_tuning
9,2,clinical_plus_pathway,xgb_aft,"{""colsample_bytree"": 0.8, ""eta"": 0.1, ""lambda"": 2.0, ""max_depth"": 1, ""min_child_weight"": 5, ""num_boost_round"": 150, ""subsample"": 0.8}",0.5128882622932918,,nested_tuning
9,2,clinical_plus_pathway,xgb_aft,"{""colsample_bytree"": 0.8, ""eta"": 0.1, ""lambda"": 2.0, ""max_depth"": 2, ""min_child_weight"": 5, ""num_boost_round"": 150, ""subsample"": 0.8}",0.5075749664318783,,nested_tuning
9,2,clinical_plus_pathway,random_survival_forest,"{""max_features"": ""sqrt"", ""min_samples_leaf"": 5, ""n_estimators"": 500}",0.5340339436276038,,nested_tuning
9,2,clinical_plus_pathway,random_survival_forest,"{""max_features"": 0.5, ""min_samples_leaf"": 5, ""n_estimators"": 500}",0.5218413041270017,,nested_tuning
9,2,clinical_plus_pathway,random_survival_forest,"{""max_features"": ""sqrt"", ""min_samples_leaf"": 10, ""n_estimators"": 500}",0.5527786283775739,,nested_tuning
9,2,clinical_plus_pathway,random_survival_forest,"{""max_features"": 0.5, ""min_samples_leaf"": 10, ""n_estimators"": 500}",0.5404866806666786,,nested_tuning
9,2,clinical_plus_recast,survivalpfn,{},,,single_candidate_no_tuning
9,2,clinical_plus_recast,elastic_net_cox,"{""l1_ratio"": 0.0, ""penalizer"": 0.01}",0.5446206799792581,,nested_tuning
9,2,clinical_plus_recast,elastic_net_cox,"{""l1_ratio"": 0.5, ""penalizer"": 0.01}",0.5434475424912669,,nested_tuning
9,2,clinical_plus_recast,elastic_net_cox,"{""l1_ratio"": 0.0, ""penalizer"": 0.1}",0.5222929916453056,,nested_tuning
9,2,clinical_plus_recast,elastic_net_cox,"{""l1_ratio"": 0.5, ""penalizer"": 0.1}",0.5245538405973014,,nested_tuning
9,2,clinical_plus_recast,elastic_net_cox,"{""l1_ratio"": 0.0, ""penalizer"": 1.0}",0.5446996384839254,,nested_tuning
9,2,clinical_plus_recast,elastic_net_cox,"{""l1_ratio"": 0.5, ""penalizer"": 1.0}",0.5485856691702233,,nested_tuning
9,2,clinical_plus_recast,elastic_net_cox,"{""l1_ratio"": 1.0, ""penalizer"": 0.1}",0.5384586672738149,,nested_tuning
9,2,clinical_plus_recast,elastic_net_cox,"{""l1_ratio"": 1.0, ""penalizer"": 1.0}",0.5485856691702233,,nested_tuning
9,2,clinical_plus_recast,xgb_aft,"{""colsample_bytree"": 0.8, ""eta"": 0.03, ""lambda"": 2.0, ""max_depth"": 1, ""min_child_weight"": 5, ""num_boost_round"": 150, ""subsample"": 0.8}",0.4574077305654013,,nested_tuning
9,2,clinical_plus_recast,xgb_aft,"{""colsample_bytree"": 0.8, ""eta"": 0.03, ""lambda"": 2.0, ""max_depth"": 2, ""min_child_weight"": 5, ""num_boost_round"": 150, ""subsample"": 0.8}",0.5165426478867172,,nested_tuning
9,2,clinical_plus_recast,xgb_aft,"{""colsample_bytree"": 0.8, ""eta"": 0.1, ""lambda"": 2.0, ""max_depth"": 1, ""min_child_weight"": 5, ""num_boost_round"": 150, ""subsample"": 0.8}",0.5018280728687088,,nested_tuning
9,2,clinical_plus_recast,xgb_aft,"{""colsample_bytree"": 0.8, ""eta"": 0.1, ""lambda"": 2.0, ""max_depth"": 2, ""min_child_weight"": 5, ""num_boost_round"": 150, ""subsample"": 0.8}",0.535610403029144,,nested_tuning
9,2,clinical_plus_recast,random_survival_forest,"{""max_features"": ""sqrt"", ""min_samples_leaf"": 5, ""n_estimators"": 500}",0.4987643478235182,,nested_tuning
9,2,clinical_plus_recast,random_survival_forest,"{""max_features"": 0.5, ""min_samples_leaf"": 5, ""n_estimators"": 500}",0.46572533119151427,,nested_tuning
9,2,clinical_plus_recast,random_survival_forest,"{""max_features"": ""sqrt"", ""min_samples_leaf"": 10, ""n_estimators"": 500}",0.5083044604077173,,nested_tuning
9,2,clinical_plus_recast,random_survival_forest,"{""max_features"": 0.5, ""min_samples_leaf"": 10, ""n_estimators"": 500}",0.47884503366114645,,nested_tuning
9,2,full,survivalpfn,{},,,single_candidate_no_tuning
9,2,full,elastic_net_cox,"{""l1_ratio"": 0.0, ""penalizer"": 0.01}",0.5839119034422926,,nested_tuning
9,2,full,elastic_net_cox,"{""l1_ratio"": 0.5, ""penalizer"": 0.01}",0.5694998551553712,,nested_tuning
9,2,full,elastic_net_cox,"{""l1_ratio"": 0.0, ""penalizer"": 0.1}",0.5634313403755878,,nested_tuning
9,2,full,elastic_net_cox,"{""l1_ratio"": 0.5, ""penalizer"": 0.1}",0.5595514991103138,,nested_tuning
9,2,full,elastic_net_cox,"{""l1_ratio"": 0.0, ""penalizer"": 1.0}",0.5496318026358247,,nested_tuning
9,2,full,elastic_net_cox,"{""l1_ratio"": 0.5, ""penalizer"": 1.0}",0.53663454546746,,nested_tuning
9,2,full,elastic_net_cox,"{""l1_ratio"": 1.0, ""penalizer"": 0.1}",0.521802209841464,,nested_tuning
9,2,full,elastic_net_cox,"{""l1_ratio"": 1.0, ""penalizer"": 1.0}",0.53663454546746,,nested_tuning
9,2,full,xgb_aft,"{""colsample_bytree"": 0.8, ""eta"": 0.03, ""lambda"": 2.0, ""max_depth"": 1, ""min_child_weight"": 5, ""num_boost_round"": 150, ""subsample"": 0.8}",0.4472938823017011,,nested_tuning
9,2,full,xgb_aft,"{""colsample_bytree"": 0.8, ""eta"": 0.03, ""lambda"": 2.0, ""max_depth"": 2, ""min_child_weight"": 5, ""num_boost_round"": 150, ""subsample"": 0.8}",0.46799441822781973,,nested_tuning
9,2,full,xgb_aft,"{""colsample_bytree"": 0.8, ""eta"": 0.1, ""lambda"": 2.0, ""max_depth"": 1, ""min_child_weight"": 5, ""num_boost_round"": 150, ""subsample"": 0.8}",0.4894094001249064,,nested_tuning
9,2,full,xgb_aft,"{""colsample_bytree"": 0.8, ""eta"": 0.1, ""lambda"": 2.0, ""max_depth"": 2, ""min_child_weight"": 5, ""num_boost_round"": 150, ""subsample"": 0.8}",0.4698526043341603,,nested_tuning
9,2,full,random_survival_forest,"{""max_features"": ""sqrt"", ""min_samples_leaf"": 5, ""n_estimators"": 500}",0.4820195519217076,,nested_tuning
9,2,full,random_survival_forest,"{""max_features"": 0.5, ""min_samples_leaf"": 5, ""n_estimators"": 500}",0.49472151206363735,,nested_tuning
9,2,full,random_survival_forest,"{""max_features"": ""sqrt"", ""min_samples_leaf"": 10, ""n_estimators"": 500}",0.5138565879684127,,nested_tuning
9,2,full,random_survival_forest,"{""max_features"": 0.5, ""min_samples_leaf"": 10, ""n_estimators"": 500}",0.5071979451908801,,nested_tuning
9,3,clinical,survivalpfn,{},,,single_candidate_no_tuning
9,3,clinical,elastic_net_cox,"{""l1_ratio"": 0.0, ""penalizer"": 0.01}",0.5989043942425712,,nested_tuning
9,3,clinical,elastic_net_cox,"{""l1_ratio"": 0.5, ""penalizer"": 0.01}",0.5936900160911309,,nested_tuning
9,3,clinical,elastic_net_cox,"{""l1_ratio"": 0.0, ""penalizer"": 0.1}",0.5859514198691309,,nested_tuning
9,3,clinical,elastic_net_cox,"{""l1_ratio"": 0.5, ""penalizer"": 0.1}",0.5672570586626566,,nested_tuning
9,3,clinical,elastic_net_cox,"{""l1_ratio"": 0.0, ""penalizer"": 1.0}",0.5773755782519663,,nested_tuning
9,3,clinical,elastic_net_cox,"{""l1_ratio"": 0.5, ""penalizer"": 1.0}",0.5780041815850386,,nested_tuning
9,3,clinical,elastic_net_cox,"{""l1_ratio"": 1.0, ""penalizer"": 0.1}",0.5774115415006235,,nested_tuning
9,3,clinical,elastic_net_cox,"{""l1_ratio"": 1.0, ""penalizer"": 1.0}",0.5780041815850386,,nested_tuning
9,3,clinical,xgb_aft,"{""colsample_bytree"": 0.8, ""eta"": 0.03, ""lambda"": 2.0, ""max_depth"": 1, ""min_child_weight"": 5, ""num_boost_round"": 150, ""subsample"": 0.8}",0.5275947608184307,,nested_tuning
9,3,clinical,xgb_aft,"{""colsample_bytree"": 0.8, ""eta"": 0.03, ""lambda"": 2.0, ""max_depth"": 2, ""min_child_weight"": 5, ""num_boost_round"": 150, ""subsample"": 0.8}",0.5483370236051919,,nested_tuning
9,3,clinical,xgb_aft,"{""colsample_bytree"": 0.8, ""eta"": 0.1, ""lambda"": 2.0, ""max_depth"": 1, ""min_child_weight"": 5, ""num_boost_round"": 150, ""subsample"": 0.8}",0.5358886851314898,,nested_tuning
9,3,clinical,xgb_aft,"{""colsample_bytree"": 0.8, ""eta"": 0.1, ""lambda"": 2.0, ""max_depth"": 2, ""min_child_weight"": 5, ""num_boost_round"": 150, ""subsample"": 0.8}",0.5359027830340446,,nested_tuning
9,3,clinical,random_survival_forest,"{""max_features"": ""sqrt"", ""min_samples_leaf"": 5, ""n_estimators"": 500}",0.591688382970575,,nested_tuning
9,3,clinical,random_survival_forest,"{""max_features"": 0.5, ""min_samples_leaf"": 5, ""n_estimators"": 500}",0.5722515665921197,,nested_tuning
9,3,clinical,random_survival_forest,"{""max_features"": ""sqrt"", ""min_samples_leaf"": 10, ""n_estimators"": 500}",0.5734543157561081,,nested_tuning
9,3,clinical,random_survival_forest,"{""max_features"": 0.5, ""min_samples_leaf"": 10, ""n_estimators"": 500}",0.5823178535841933,,nested_tuning
9,3,clinical_plus_pathway,survivalpfn,{},,,single_candidate_no_tuning
9,3,clinical_plus_pathway,elastic_net_cox,"{""l1_ratio"": 0.0, ""penalizer"": 0.01}",0.5268414708477999,,nested_tuning
9,3,clinical_plus_pathway,elastic_net_cox,"{""l1_ratio"": 0.5, ""penalizer"": 0.01}",0.5322804058788386,,nested_tuning
9,3,clinical_plus_pathway,elastic_net_cox,"{""l1_ratio"": 0.0, ""penalizer"": 0.1}",0.5382881082967097,,nested_tuning
9,3,clinical_plus_pathway,elastic_net_cox,"{""l1_ratio"": 0.5, ""penalizer"": 0.1}",0.5027094928139053,,nested_tuning
9,3,clinical_plus_pathway,elastic_net_cox,"{""l1_ratio"": 0.0, ""penalizer"": 1.0}",0.550388345859689,,nested_tuning
9,3,clinical_plus_pathway,elastic_net_cox,"{""l1_ratio"": 0.5, ""penalizer"": 1.0}",0.5655977475688485,,nested_tuning
9,3,clinical_plus_pathway,elastic_net_cox,"{""l1_ratio"": 1.0, ""penalizer"": 0.1}",0.5204695325767826,,nested_tuning
9,3,clinical_plus_pathway,elastic_net_cox,"{""l1_ratio"": 1.0, ""penalizer"": 1.0}",0.5655977475688485,,nested_tuning
9,3,clinical_plus_pathway,xgb_aft,"{""colsample_bytree"": 0.8, ""eta"": 0.03, ""lambda"": 2.0, ""max_depth"": 1, ""min_child_weight"": 5, ""num_boost_round"": 150, ""subsample"": 0.8}",0.45174180951738047,,nested_tuning
9,3,clinical_plus_pathway,xgb_aft,"{""colsample_bytree"": 0.8, ""eta"": 0.03, ""lambda"": 2.0, ""max_depth"": 2, ""min_child_weight"": 5, ""num_boost_round"": 150, ""subsample"": 0.8}",0.46708127599073135,,nested_tuning
9,3,clinical_plus_pathway,xgb_aft,"{""colsample_bytree"": 0.8, ""eta"": 0.1, ""lambda"": 2.0, ""max_depth"": 1, ""min_child_weight"": 5, ""num_boost_round"": 150, ""subsample"": 0.8}",0.4616246108533627,,nested_tuning
9,3,clinical_plus_pathway,xgb_aft,"{""colsample_bytree"": 0.8, ""eta"": 0.1, ""lambda"": 2.0, ""max_depth"": 2, ""min_child_weight"": 5, ""num_boost_round"": 150, ""subsample"": 0.8}",0.4775937141205955,,nested_tuning
9,3,clinical_plus_pathway,random_survival_forest,"{""max_features"": ""sqrt"", ""min_samples_leaf"": 5, ""n_estimators"": 500}",0.48388612421730526,,nested_tuning
9,3,clinical_plus_pathway,random_survival_forest,"{""max_features"": 0.5, ""min_samples_leaf"": 5, ""n_estimators"": 500}",0.5089732165805195,,nested_tuning
9,3,clinical_plus_pathway,random_survival_forest,"{""max_features"": ""sqrt"", ""min_samples_leaf"": 10, ""n_estimators"": 500}",0.4701429947092449,,nested_tuning
9,3,clinical_plus_pathway,random_survival_forest,"{""max_features"": 0.5, ""min_samples_leaf"": 10, ""n_estimators"": 500}",0.504172913784115,,nested_tuning
9,3,clinical_plus_recast,survivalpfn,{},,,single_candidate_no_tuning
9,3,clinical_plus_recast,elastic_net_cox,"{""l1_ratio"": 0.0, ""penalizer"": 0.01}",0.5171785443181953,,nested_tuning
9,3,clinical_plus_recast,elastic_net_cox,"{""l1_ratio"": 0.5, ""penalizer"": 0.01}",0.5199682246098515,,nested_tuning
9,3,clinical_plus_recast,elastic_net_cox,"{""l1_ratio"": 0.0, ""penalizer"": 0.1}",0.5233139530113059,,nested_tuning
9,3,clinical_plus_recast,elastic_net_cox,"{""l1_ratio"": 0.5, ""penalizer"": 0.1}",0.4879447946170435,,nested_tuning
9,3,clinical_plus_recast,elastic_net_cox,"{""l1_ratio"": 0.0, ""penalizer"": 1.0}",0.502307540781826,,nested_tuning
9,3,clinical_plus_recast,elastic_net_cox,"{""l1_ratio"": 0.5, ""penalizer"": 1.0}",0.49907054362463077,,nested_tuning
9,3,clinical_plus_recast,elastic_net_cox,"{""l1_ratio"": 1.0, ""penalizer"": 0.1}",0.4695198755949895,,nested_tuning
9,3,clinical_plus_recast,elastic_net_cox,"{""l1_ratio"": 1.0, ""penalizer"": 1.0}",0.5061964563853446,,nested_tuning
9,3,clinical_plus_recast,xgb_aft,"{""colsample_bytree"": 0.8, ""eta"": 0.03, ""lambda"": 2.0, ""max_depth"": 1, ""min_child_weight"": 5, ""num_boost_round"": 150, ""subsample"": 0.8}",0.44234427180167235,,nested_tuning
9,3,clinical_plus_recast,xgb_aft,"{""colsample_bytree"": 0.8, ""eta"": 0.03, ""lambda"": 2.0, ""max_depth"": 2, ""min_child_weight"": 5, ""num_boost_round"": 150, ""subsample"": 0.8}",0.4287784692138824,,nested_tuning
9,3,clinical_plus_recast,xgb_aft,"{""colsample_bytree"": 0.8, ""eta"": 0.1, ""lambda"": 2.0, ""max_depth"": 1, ""min_child_weight"": 5, ""num_boost_round"": 150, ""subsample"": 0.8}",0.452584082356749,,nested_tuning
9,3,clinical_plus_recast,xgb_aft,"{""colsample_bytree"": 0.8, ""eta"": 0.1, ""lambda"": 2.0, ""max_depth"": 2, ""min_child_weight"": 5, ""num_boost_round"": 150, ""subsample"": 0.8}",0.46182498177783804,,nested_tuning
9,3,clinical_plus_recast,random_survival_forest,"{""max_features"": ""sqrt"", ""min_samples_leaf"": 5, ""n_estimators"": 500}",0.43967803743512,,nested_tuning
9,3,clinical_plus_recast,random_survival_forest,"{""max_features"": 0.5, ""min_samples_leaf"": 5, ""n_estimators"": 500}",0.4237799460535115,,nested_tuning
9,3,clinical_plus_recast,random_survival_forest,"{""max_features"": ""sqrt"", ""min_samples_leaf"": 10, ""n_estimators"": 500}",0.4307392186903052,,nested_tuning
9,3,clinical_plus_recast,random_survival_forest,"{""max_features"": 0.5, ""min_samples_leaf"": 10, ""n_estimators"": 500}",0.41975888198156697,,nested_tuning
9,3,full,survivalpfn,{},,,single_candidate_no_tuning
9,3,full,elastic_net_cox,"{""l1_ratio"": 0.0, ""penalizer"": 0.01}",0.5558518823202285,,nested_tuning
9,3,full,elastic_net_cox,"{""l1_ratio"": 0.5, ""penalizer"": 0.01}",0.543239352070921,,nested_tuning
9,3,full,elastic_net_cox,"{""l1_ratio"": 0.0, ""penalizer"": 0.1}",0.5366002523378716,,nested_tuning
9,3,full,elastic_net_cox,"{""l1_ratio"": 0.5, ""penalizer"": 0.1}",0.4935012436802326,,nested_tuning
9,3,full,elastic_net_cox,"{""l1_ratio"": 0.0, ""penalizer"": 1.0}",0.546719846728763,,nested_tuning
9,3,full,elastic_net_cox,"{""l1_ratio"": 0.5, ""penalizer"": 1.0}",0.5080073775495194,,nested_tuning
9,3,full,elastic_net_cox,"{""l1_ratio"": 1.0, ""penalizer"": 0.1}",0.49643766612681195,,nested_tuning
9,3,full,elastic_net_cox,"{""l1_ratio"": 1.0, ""penalizer"": 1.0}",0.5080073775495194,,nested_tuning
9,3,full,xgb_aft,"{""colsample_bytree"": 0.8, ""eta"": 0.03, ""lambda"": 2.0, ""max_depth"": 1, ""min_child_weight"": 5, ""num_boost_round"": 150, ""subsample"": 0.8}",0.41417745895578956,,nested_tuning
9,3,full,xgb_aft,"{""colsample_bytree"": 0.8, ""eta"": 0.03, ""lambda"": 2.0, ""max_depth"": 2, ""min_child_weight"": 5, ""num_boost_round"": 150, ""subsample"": 0.8}",0.4347132620586421,,nested_tuning
9,3,full,xgb_aft,"{""colsample_bytree"": 0.8, ""eta"": 0.1, ""lambda"": 2.0, ""max_depth"": 1, ""min_child_weight"": 5, ""num_boost_round"": 150, ""subsample"": 0.8}",0.457448838297299,,nested_tuning
9,3,full,xgb_aft,"{""colsample_bytree"": 0.8, ""eta"": 0.1, ""lambda"": 2.0, ""max_depth"": 2, ""min_child_weight"": 5, ""num_boost_round"": 150, ""subsample"": 0.8}",0.4850261736258314,,nested_tuning
9,3,full,random_survival_forest,"{""max_features"": ""sqrt"", ""min_samples_leaf"": 5, ""n_estimators"": 500}",0.4656758531866689,,nested_tuning
9,3,full,random_survival_forest,"{""max_features"": 0.5, ""min_samples_leaf"": 5, ""n_estimators"": 500}",0.47341131765371014,,nested_tuning
9,3,full,random_survival_forest,"{""max_features"": ""sqrt"", ""min_samples_leaf"": 10, ""n_estimators"": 500}",0.4934482837916904,,nested_tuning
9,3,full,random_survival_forest,"{""max_features"": 0.5, ""min_samples_leaf"": 10, ""n_estimators"": 500}",0.4734622525494111,,nested_tuning
9,4,clinical,survivalpfn,{},,,single_candidate_no_tuning
9,4,clinical,elastic_net_cox,"{""l1_ratio"": 0.0, ""penalizer"": 0.01}",0.6460540967653982,,nested_tuning
9,4,clinical,elastic_net_cox,"{""l1_ratio"": 0.5, ""penalizer"": 0.01}",0.6489023560637901,,nested_tuning
9,4,clinical,elastic_net_cox,"{""l1_ratio"": 0.0, ""penalizer"": 0.1}",0.6565526422104528,,nested_tuning
9,4,clinical,elastic_net_cox,"{""l1_ratio"": 0.5, ""penalizer"": 0.1}",0.5970751168600839,,nested_tuning
9,4,clinical,elastic_net_cox,"{""l1_ratio"": 0.0, ""penalizer"": 1.0}",0.5897766346890215,,nested_tuning
9,4,clinical,elastic_net_cox,"{""l1_ratio"": 0.5, ""penalizer"": 1.0}",0.5932208341942766,,nested_tuning
9,4,clinical,elastic_net_cox,"{""l1_ratio"": 1.0, ""penalizer"": 0.1}",0.6009343963753913,,nested_tuning
9,4,clinical,elastic_net_cox,"{""l1_ratio"": 1.0, ""penalizer"": 1.0}",0.5932208341942766,,nested_tuning
9,4,clinical,xgb_aft,"{""colsample_bytree"": 0.8, ""eta"": 0.03, ""lambda"": 2.0, ""max_depth"": 1, ""min_child_weight"": 5, ""num_boost_round"": 150, ""subsample"": 0.8}",0.5603770534159827,,nested_tuning
9,4,clinical,xgb_aft,"{""colsample_bytree"": 0.8, ""eta"": 0.03, ""lambda"": 2.0, ""max_depth"": 2, ""min_child_weight"": 5, ""num_boost_round"": 150, ""subsample"": 0.8}",0.5627477005607311,,nested_tuning
9,4,clinical,xgb_aft,"{""colsample_bytree"": 0.8, ""eta"": 0.1, ""lambda"": 2.0, ""max_depth"": 1, ""min_child_weight"": 5, ""num_boost_round"": 150, ""subsample"": 0.8}",0.5604814306124294,,nested_tuning
9,4,clinical,xgb_aft,"{""colsample_bytree"": 0.8, ""eta"": 0.1, ""lambda"": 2.0, ""max_depth"": 2, ""min_child_weight"": 5, ""num_boost_round"": 150, ""subsample"": 0.8}",0.5596295261816977,,nested_tuning
9,4,clinical,random_survival_forest,"{""max_features"": ""sqrt"", ""min_samples_leaf"": 5, ""n_estimators"": 500}",0.583132842229092,,nested_tuning
9,4,clinical,random_survival_forest,"{""max_features"": 0.5, ""min_samples_leaf"": 5, ""n_estimators"": 500}",0.5768861003207123,,nested_tuning
9,4,clinical,random_survival_forest,"{""max_features"": ""sqrt"", ""min_samples_leaf"": 10, ""n_estimators"": 500}",0.5853684075457362,,nested_tuning
9,4,clinical,random_survival_forest,"{""max_features"": 0.5, ""min_samples_leaf"": 10, ""n_estimators"": 500}",0.5922793256156651,,nested_tuning
9,4,clinical_plus_pathway,survivalpfn,{},,,single_candidate_no_tuning
9,4,clinical_plus_pathway,elastic_net_cox,"{""l1_ratio"": 0.0, ""penalizer"": 0.01}",0.7038270944012666,,nested_tuning
9,4,clinical_plus_pathway,elastic_net_cox,"{""l1_ratio"": 0.5, ""penalizer"": 0.01}",0.7009880532671587,,nested_tuning
9,4,clinical_plus_pathway,elastic_net_cox,"{""l1_ratio"": 0.0, ""penalizer"": 0.1}",0.6312351620077663,,nested_tuning
9,4,clinical_plus_pathway,elastic_net_cox,"{""l1_ratio"": 0.5, ""penalizer"": 0.1}",0.5925219314651394,,nested_tuning
9,4,clinical_plus_pathway,elastic_net_cox,"{""l1_ratio"": 0.0, ""penalizer"": 1.0}",0.5788056509208748,,nested_tuning
9,4,clinical_plus_pathway,elastic_net_cox,"{""l1_ratio"": 0.5, ""penalizer"": 1.0}",0.49215141660719625,,nested_tuning
9,4,clinical_plus_pathway,elastic_net_cox,"{""l1_ratio"": 1.0, ""penalizer"": 0.1}",0.5735038400185692,,nested_tuning
9,4,clinical_plus_pathway,elastic_net_cox,"{""l1_ratio"": 1.0, ""penalizer"": 1.0}",0.49382221590058406,,nested_tuning
9,4,clinical_plus_pathway,xgb_aft,"{""colsample_bytree"": 0.8, ""eta"": 0.03, ""lambda"": 2.0, ""max_depth"": 1, ""min_child_weight"": 5, ""num_boost_round"": 150, ""subsample"": 0.8}",0.5443474183261016,,nested_tuning
9,4,clinical_plus_pathway,xgb_aft,"{""colsample_bytree"": 0.8, ""eta"": 0.03, ""lambda"": 2.0, ""max_depth"": 2, ""min_child_weight"": 5, ""num_boost_round"": 150, ""subsample"": 0.8}",0.5226316396188235,,nested_tuning
9,4,clinical_plus_pathway,xgb_aft,"{""colsample_bytree"": 0.8, ""eta"": 0.1, ""lambda"": 2.0, ""max_depth"": 1, ""min_child_weight"": 5, ""num_boost_round"": 150, ""subsample"": 0.8}",0.5229859185628922,,nested_tuning
9,4,clinical_plus_pathway,xgb_aft,"{""colsample_bytree"": 0.8, ""eta"": 0.1, ""lambda"": 2.0, ""max_depth"": 2, ""min_child_weight"": 5, ""num_boost_round"": 150, ""subsample"": 0.8}",0.5474460981899693,,nested_tuning
9,4,clinical_plus_pathway,random_survival_forest,"{""max_features"": ""sqrt"", ""min_samples_leaf"": 5, ""n_estimators"": 500}",0.5112331660834372,,nested_tuning
9,4,clinical_plus_pathway,random_survival_forest,"{""max_features"": 0.5, ""min_samples_leaf"": 5, ""n_estimators"": 500}",0.5144831766020089,,nested_tuning
9,4,clinical_plus_pathway,random_survival_forest,"{""max_features"": ""sqrt"", ""min_samples_leaf"": 10, ""n_estimators"": 500}",0.5040912255084782,,nested_tuning
9,4,clinical_plus_pathway,random_survival_forest,"{""max_features"": 0.5, ""min_samples_leaf"": 10, ""n_estimators"": 500}",0.5202768045248997,,nested_tuning
9,4,clinical_plus_recast,survivalpfn,{},,,single_candidate_no_tuning
9,4,clinical_plus_recast,elastic_net_cox,"{""l1_ratio"": 0.0, ""penalizer"": 0.01}",0.6701897535653227,,nested_tuning
9,4,clinical_plus_recast,elastic_net_cox,"{""l1_ratio"": 0.5, ""penalizer"": 0.01}",0.6660790859071948,,nested_tuning
9,4,clinical_plus_recast,elastic_net_cox,"{""l1_ratio"": 0.0, ""penalizer"": 0.1}",0.647142880492846,,nested_tuning
9,4,clinical_plus_recast,elastic_net_cox,"{""l1_ratio"": 0.5, ""penalizer"": 0.1}",0.6069911850812997,,nested_tuning
9,4,clinical_plus_recast,elastic_net_cox,"{""l1_ratio"": 0.0, ""penalizer"": 1.0}",0.6034733523981636,,nested_tuning
9,4,clinical_plus_recast,elastic_net_cox,"{""l1_ratio"": 0.5, ""penalizer"": 1.0}",0.5867283572386751,,nested_tuning
9,4,clinical_plus_recast,elastic_net_cox,"{""l1_ratio"": 1.0, ""penalizer"": 0.1}",0.6055196462541375,,nested_tuning
9,4,clinical_plus_recast,elastic_net_cox,"{""l1_ratio"": 1.0, ""penalizer"": 1.0}",0.5862906819392306,,nested_tuning
9,4,clinical_plus_recast,xgb_aft,"{""colsample_bytree"": 0.8, ""eta"": 0.03, ""lambda"": 2.0, ""max_depth"": 1, ""min_child_weight"": 5, ""num_boost_round"": 150, ""subsample"": 0.8}",0.5365398857824581,,nested_tuning
9,4,clinical_plus_recast,xgb_aft,"{""colsample_bytree"": 0.8, ""eta"": 0.03, ""lambda"": 2.0, ""max_depth"": 2, ""min_child_weight"": 5, ""num_boost_round"": 150, ""subsample"": 0.8}",0.5292332352747428,,nested_tuning
9,4,clinical_plus_recast,xgb_aft,"{""colsample_bytree"": 0.8, ""eta"": 0.1, ""lambda"": 2.0, ""max_depth"": 1, ""min_child_weight"": 5, ""num_boost_round"": 150, ""subsample"": 0.8}",0.5817082289085379,,nested_tuning
9,4,clinical_plus_recast,xgb_aft,"{""colsample_bytree"": 0.8, ""eta"": 0.1, ""lambda"": 2.0, ""max_depth"": 2, ""min_child_weight"": 5, ""num_boost_round"": 150, ""subsample"": 0.8}",0.5530548854206114,,nested_tuning
9,4,clinical_plus_recast,random_survival_forest,"{""max_features"": ""sqrt"", ""min_samples_leaf"": 5, ""n_estimators"": 500}",0.5265235251698144,,nested_tuning
9,4,clinical_plus_recast,random_survival_forest,"{""max_features"": 0.5, ""min_samples_leaf"": 5, ""n_estimators"": 500}",0.5195910405374553,,nested_tuning
9,4,clinical_plus_recast,random_survival_forest,"{""max_features"": ""sqrt"", ""min_samples_leaf"": 10, ""n_estimators"": 500}",0.5299319276982309,,nested_tuning
9,4,clinical_plus_recast,random_survival_forest,"{""max_features"": 0.5, ""min_samples_leaf"": 10, ""n_estimators"": 500}",0.5374629284416697,,nested_tuning
9,4,full,survivalpfn,{},,,single_candidate_no_tuning
9,4,full,elastic_net_cox,"{""l1_ratio"": 0.0, ""penalizer"": 0.01}",0.6855654263754493,,nested_tuning
9,4,full,elastic_net_cox,"{""l1_ratio"": 0.5, ""penalizer"": 0.01}",0.7015930629498439,,nested_tuning
9,4,full,elastic_net_cox,"{""l1_ratio"": 0.0, ""penalizer"": 0.1}",0.6338899088132188,,nested_tuning
9,4,full,elastic_net_cox,"{""l1_ratio"": 0.5, ""penalizer"": 0.1}",0.5971798892841933,,nested_tuning
9,4,full,elastic_net_cox,"{""l1_ratio"": 0.0, ""penalizer"": 1.0}",0.5691314586606059,,nested_tuning
9,4,full,elastic_net_cox,"{""l1_ratio"": 0.5, ""penalizer"": 1.0}",0.48325917183437284,,nested_tuning
9,4,full,elastic_net_cox,"{""l1_ratio"": 1.0, ""penalizer"": 0.1}",0.5735038400185692,,nested_tuning
9,4,full,elastic_net_cox,"{""l1_ratio"": 1.0, ""penalizer"": 1.0}",0.48340371531002324,,nested_tuning
9,4,full,xgb_aft,"{""colsample_bytree"": 0.8, ""eta"": 0.03, ""lambda"": 2.0, ""max_depth"": 1, ""min_child_weight"": 5, ""num_boost_round"": 150, ""subsample"": 0.8}",0.5494674142129528,,nested_tuning
9,4,full,xgb_aft,"{""colsample_bytree"": 0.8, ""eta"": 0.03, ""lambda"": 2.0, ""max_depth"": 2, ""min_child_weight"": 5, ""num_boost_round"": 150, ""subsample"": 0.8}",0.5090547327600263,,nested_tuning
9,4,full,xgb_aft,"{""colsample_bytree"": 0.8, ""eta"": 0.1, ""lambda"": 2.0, ""max_depth"": 1, ""min_child_weight"": 5, ""num_boost_round"": 150, ""subsample"": 0.8}",0.5243234669729289,,nested_tuning
9,4,full,xgb_aft,"{""colsample_bytree"": 0.8, ""eta"": 0.1, ""lambda"": 2.0, ""max_depth"": 2, ""min_child_weight"": 5, ""num_boost_round"": 150, ""subsample"": 0.8}",0.5373017945165489,,nested_tuning
9,4,full,random_survival_forest,"{""max_features"": ""sqrt"", ""min_samples_leaf"": 5, ""n_estimators"": 500}",0.48799002446381406,,nested_tuning
9,4,full,random_survival_forest,"{""max_features"": 0.5, ""min_samples_leaf"": 5, ""n_estimators"": 500}",0.5220248584847698,,nested_tuning
9,4,full,random_survival_forest,"{""max_features"": ""sqrt"", ""min_samples_leaf"": 10, ""n_estimators"": 500}",0.5025523150031077,,nested_tuning
9,4,full,random_survival_forest,"{""max_features"": 0.5, ""min_samples_leaf"": 10, ""n_estimators"": 500}",0.5285105402849333,,nested_tuning
