dataset,model,repeat,horizon_days,threshold_probability,net_benefit,treat_all_net_benefit
TCGA_ESCA_outer_test,elastic_net_cox,0,365,0.05,0.19571073753339785,0.19571073753339785
TCGA_ESCA_outer_test,elastic_net_cox,0,365,0.075,0.17388162962346304,0.17388162962346304
TCGA_ESCA_outer_test,elastic_net_cox,0,365,0.1,0.14629640037503563,0.15083979349630958
TCGA_ESCA_outer_test,elastic_net_cox,0,365,0.125,0.12522151604353737,0.12648128101903308
TCGA_ESCA_outer_test,elastic_net_cox,0,365,0.15,0.08682731126150985,0.10068991486662268
TCGA_ESCA_outer_test,elastic_net_cox,0,365,0.175,0.0803399008799212,0.07333543561406616
TCGA_ESCA_outer_test,elastic_net_cox,0,365,0.2,0.06141793573193827,0.04427130140822488
TCGA_ESCA_outer_test,elastic_net_cox,0,365,0.225,0.052581000170228834,0.013332061769748688
TCGA_ESCA_outer_test,elastic_net_cox,0,365,0.25,0.03473934023518596,-0.019669793844625916
TCGA_ESCA_outer_test,elastic_net_cox,0,365,0.275,0.02195277344600076,-0.054947639501371215
TCGA_ESCA_outer_test,elastic_net_cox,0,365,0.3,0.021175732627139787,-0.09274533127645546
TCGA_ESCA_outer_test,elastic_net_cox,0,365,0.325,-0.033254220407639014,-0.13334285207191626
TCGA_ESCA_outer_test,elastic_net_cox,0,365,0.35,-0.04225389924507461,-0.1770632590824125
TCGA_ESCA_outer_test,elastic_net_cox,0,365,0.375,-0.037488281677174454,-0.22428129865374857
TCGA_ESCA_outer_test,elastic_net_cox,0,365,0.4,-0.022033142447685082,-0.2754341748560293
TCGA_ESCA_outer_test,elastic_net_cox,0,365,0.425,0.0,-0.33103512724981254
TCGA_ESCA_outer_test,elastic_net_cox,0,365,0.45,0.0,-0.3916907116793943
TCGA_ESCA_outer_test,elastic_net_cox,0,365,0.475,0.0,-0.4581230184356029
TCGA_ESCA_outer_test,elastic_net_cox,0,365,0.5,0.0,-0.5311985558674325
TCGA_ESCA_outer_test,elastic_net_cox,0,365,0.525,0.0,-0.6119662551341916
TCGA_ESCA_outer_test,elastic_net_cox,0,365,0.55,0.0,-0.7017081432083682
TCGA_ESCA_outer_test,elastic_net_cox,0,365,0.575,0.0,-0.8020079004677417
TCGA_ESCA_outer_test,elastic_net_cox,0,365,0.6,0.0,-0.9148451273845372
TCGA_ESCA_outer_test,elastic_net_cox,0,1095,0.05,0.5683212804829341,0.5683212804829341
TCGA_ESCA_outer_test,elastic_net_cox,0,1095,0.075,0.5558277845119711,0.5558277845119711
TCGA_ESCA_outer_test,elastic_net_cox,0,1095,0.1,0.5426402054315104,0.5426402054315104
TCGA_ESCA_outer_test,elastic_net_cox,0,1095,0.125,0.5286990504035947,0.5286990504035947
TCGA_ESCA_outer_test,elastic_net_cox,0,1095,0.15,0.5139378274328603,0.5139378274328603
TCGA_ESCA_outer_test,elastic_net_cox,0,1095,0.175,0.49828198488814207,0.49828198488814207
TCGA_ESCA_outer_test,elastic_net_cox,0,1095,0.2,0.481647652184379,0.481647652184379
TCGA_ESCA_outer_test,elastic_net_cox,0,1095,0.225,0.46394013672553447,0.46394013672553447
TCGA_ESCA_outer_test,elastic_net_cox,0,1095,0.25,0.4450521202361002,0.4450521202361002
TCGA_ESCA_outer_test,elastic_net_cox,0,1095,0.275,0.42866182885294374,0.42486148191980844
TCGA_ESCA_outer_test,elastic_net_cox,0,1095,0.3,0.4208556839323824,0.403228655152353
TCGA_ESCA_outer_test,elastic_net_cox,0,1095,0.325,0.38184503333641506,0.37999339677249344
TCGA_ESCA_outer_test,elastic_net_cox,0,1095,0.35,0.38967399440050543,0.3549708108249524
TCGA_ESCA_outer_test,elastic_net_cox,0,1095,0.375,0.3628983292131752,0.32794641800160806
TCGA_ESCA_outer_test,elastic_net_cox,0,1095,0.4,0.32538777736140456,0.298669992442985
TCGA_ESCA_outer_test,elastic_net_cox,0,1095,0.425,0.2973758524313941,0.2668477907488295
TCGA_ESCA_outer_test,elastic_net_cox,0,1095,0.45,0.2527061816076016,0.23213266162793272
TCGA_ESCA_outer_test,elastic_net_cox,0,1095,0.475,0.21628677137969954,0.19411132973361706
TCGA_ESCA_outer_test,elastic_net_cox,0,1095,0.5,0.17646343880211618,0.15228786464986982
TCGA_ESCA_outer_test,elastic_net_cox,0,1095,0.525,0.18080285913148597,0.10606192955730709
TCGA_ESCA_outer_test,elastic_net_cox,0,1095,0.55,0.16488391747186687,0.054699779454459585
TCGA_ESCA_outer_test,elastic_net_cox,0,1095,0.575,0.13083422052491545,-0.0027049765428402983
TCGA_ESCA_outer_test,elastic_net_cox,0,1095,0.6,0.08815962742393652,-0.06728532703980294
TCGA_ESCA_outer_test,elastic_net_cox,1,365,0.05,0.19575271860359122,0.19575271860359122
TCGA_ESCA_outer_test,elastic_net_cox,1,365,0.075,0.17401723056578228,0.17401723056578228
TCGA_ESCA_outer_test,elastic_net_cox,1,365,0.1,0.15107421541476174,0.15107421541476174
TCGA_ESCA_outer_test,elastic_net_cox,1,365,0.125,0.1296631889560073,0.12682017082654
TCGA_ESCA_outer_test,elastic_net_cox,1,365,0.15,0.08609367690490502,0.10113941773312876
TCGA_ESCA_outer_test,elastic_net_cox,1,365,0.175,0.056249242736388844,0.07390225536132897
TCGA_ESCA_outer_test,elastic_net_cox,1,365,0.2,0.04484350326819472,0.04496277034129165
TCGA_ESCA_outer_test,elastic_net_cox,1,365,0.225,0.019723544446900818,0.01415622177157455
TCGA_ESCA_outer_test,elastic_net_cox,1,365,0.25,0.02195178448412647,-0.018704096702790357
TCGA_ESCA_outer_test,elastic_net_cox,1,365,0.275,0.01264657511742346,-0.05383064403745633
TCGA_ESCA_outer_test,elastic_net_cox,1,365,0.3,0.017312875766847993,-0.09146623046745553
TCGA_ESCA_outer_test,elastic_net_cox,1,365,0.325,0.0012558631466170027,-0.13188963811449175
TCGA_ESCA_outer_test,elastic_net_cox,1,365,0.35,0.0012351394133701867,-0.17542253865745375
TCGA_ESCA_outer_test,elastic_net_cox,1,365,0.375,-0.00208372081641972,-0.22243807124385293
TCGA_ESCA_outer_test,elastic_net_cox,1,365,0.4,-0.002972877124911855,-0.2733715648791186
TCGA_ESCA_outer_test,elastic_net_cox,1,365,0.425,0.000951318845869081,-0.328734057960929
TCGA_ESCA_outer_test,elastic_net_cox,1,365,0.45,-0.005498636324208889,-0.3891295049592677
TCGA_ESCA_outer_test,elastic_net_cox,1,365,0.475,-0.006080502601902951,-0.4552768992907814
TCGA_ESCA_outer_test,elastic_net_cox,1,365,0.5,-0.00672055550736642,-0.5280390330554466
TCGA_ESCA_outer_test,elastic_net_cox,1,365,0.525,0.0,-0.6084603387953398
TCGA_ESCA_outer_test,elastic_net_cox,1,365,0.55,0.0,-0.6978173451729989
TCGA_ESCA_outer_test,elastic_net_cox,1,365,0.575,0.0,-0.7976869405362644
TCGA_ESCA_outer_test,elastic_net_cox,1,365,0.6,0.0,-0.9100402353199387
TCGA_ESCA_outer_test,elastic_net_cox,1,1095,0.05,0.5659048281645743,0.5659048281645743
TCGA_ESCA_outer_test,elastic_net_cox,1,1095,0.075,0.5536427624273782,0.5536427624273782
TCGA_ESCA_outer_test,elastic_net_cox,1,1095,0.1,0.5406994708158933,0.5406994708158933
TCGA_ESCA_outer_test,elastic_net_cox,1,1095,0.125,0.5270165625408951,0.5270165625408951
TCGA_ESCA_outer_test,elastic_net_cox,1,1095,0.15,0.5125287773085441,0.5125287773085441
TCGA_ESCA_outer_test,elastic_net_cox,1,1095,0.175,0.49716294448635345,0.49716294448635345
TCGA_ESCA_outer_test,elastic_net_cox,1,1095,0.2,0.480836747112776,0.480836747112776
TCGA_ESCA_outer_test,elastic_net_cox,1,1095,0.225,0.4634572466828387,0.4634572466828387
TCGA_ESCA_outer_test,elastic_net_cox,1,1095,0.25,0.4449191128909056,0.4449191128909056
TCGA_ESCA_outer_test,elastic_net_cox,1,1095,0.275,0.4251024871133219,0.4251024871133219
TCGA_ESCA_outer_test,elastic_net_cox,1,1095,0.3,0.4038703880659108,0.4038703880659108
TCGA_ESCA_outer_test,elastic_net_cox,1,1095,0.325,0.38106554094091377,0.38106554094091377
TCGA_ESCA_outer_test,elastic_net_cox,1,1095,0.35,0.3565064748063015,0.3565064748063015
TCGA_ESCA_outer_test,elastic_net_cox,1,1095,0.375,0.3299826833809203,0.3299826833809203
TCGA_ESCA_outer_test,elastic_net_cox,1,1095,0.4,0.3012485760034239,0.3012485760034239
TCGA_ESCA_outer_test,elastic_net_cox,1,1095,0.425,0.24561241194139205,0.27001585059310185
TCGA_ESCA_outer_test,elastic_net_cox,1,1095,0.45,0.2162391589968649,0.23594378650911418
TCGA_ESCA_outer_test,elastic_net_cox,1,1095,0.475,0.2045230688651969,0.1986267639409371
TCGA_ESCA_outer_test,elastic_net_cox,1,1095,0.5,0.12014340448509703,0.15757803911594231
TCGA_ESCA_outer_test,elastic_net_cox,1,1095,0.525,0.12306892865901986,0.11220839588831649
TCGA_ESCA_outer_test,elastic_net_cox,1,1095,0.55,0.015407203960245752,0.06179768119095452
TCGA_ESCA_outer_test,elastic_net_cox,1,1095,0.575,-0.02505945815814442,0.005456294176255927
TCGA_ESCA_outer_test,elastic_net_cox,1,1095,0.6,0.03467044248539217,-0.05792776621528006
TCGA_ESCA_outer_test,elastic_net_cox,2,365,0.05,0.1963637289863501,0.19601620363228944
TCGA_ESCA_outer_test,elastic_net_cox,2,365,0.075,0.17028090567977758,0.17425411149844106
TCGA_ESCA_outer_test,elastic_net_cox,2,365,0.1,0.14517366624439876,0.15128301424604557
TCGA_ESCA_outer_test,elastic_net_cox,2,365,0.125,0.10594740220252942,0.12699928286494175
TCGA_ESCA_outer_test,elastic_net_cox,2,365,0.15,0.08474683672497249,0.10128709669671418
TCGA_ESCA_outer_test,elastic_net_cox,2,365,0.175,0.06848949994314119,0.07401659621526069
TCGA_ESCA_outer_test,elastic_net_cox,2,365,0.2,0.036248840238078506,0.045041689453716366
TCGA_ESCA_outer_test,elastic_net_cox,2,365,0.225,0.01503445538765806,0.014197433868846587
TCGA_ESCA_outer_test,elastic_net_cox,2,365,0.25,-0.003728869733170534,-0.018703105421681132
TCGA_ESCA_outer_test,elastic_net_cox,2,365,0.275,-0.009327533873025318,-0.05387264742190051
TCGA_ESCA_outer_test,elastic_net_cox,2,365,0.3,-0.005883414171274401,-0.09155429956499261
TCGA_ESCA_outer_test,elastic_net_cox,2,365,0.325,-0.019512279659707317,-0.1320271852001656
TCGA_ESCA_outer_test,elastic_net_cox,2,365,0.35,-0.020130327133689428,-0.1756133697303519
TCGA_ESCA_outer_test,elastic_net_cox,2,365,0.375,-0.01509053876601504,-0.2226864490229532
TCGA_ESCA_outer_test,elastic_net_cox,2,365,0.4,-0.010695861424699778,-0.2736822849232713
TCGA_ESCA_outer_test,elastic_net_cox,2,365,0.425,-0.01966973717783681,-0.32911254133666046
TCGA_ESCA_outer_test,elastic_net_cox,2,365,0.45,-0.016376776868237585,-0.38958191196944847
TCGA_ESCA_outer_test,elastic_net_cox,2,365,0.475,-0.011987365449393427,-0.45581027028154975
TCGA_ESCA_outer_test,elastic_net_cox,2,365,0.5,-0.01324919339143484,-0.5286614644248613
TCGA_ESCA_outer_test,elastic_net_cox,2,365,0.525,-0.014643845327375352,-0.6091812053201003
TCGA_ESCA_outer_test,elastic_net_cox,2,365,0.55,-0.008131758127679842,-0.6986475840925881
TCGA_ESCA_outer_test,elastic_net_cox,2,365,0.575,-0.009001464879303351,-0.7986394191912506
TCGA_ESCA_outer_test,elastic_net_cox,2,365,0.6,-0.009979884974879805,-0.9111302336772463
TCGA_ESCA_outer_test,elastic_net_cox,2,1095,0.05,0.5725853258189347,0.5725853258189347
TCGA_ESCA_outer_test,elastic_net_cox,2,1095,0.075,0.5605376619614937,0.5605376619614937
TCGA_ESCA_outer_test,elastic_net_cox,2,1095,0.1,0.5478206834453059,0.5478206834453059
TCGA_ESCA_outer_test,elastic_net_cox,2,1095,0.125,0.5343770204424788,0.5343770204424788
TCGA_ESCA_outer_test,elastic_net_cox,2,1095,0.15,0.520142553733603,0.520142553733603
TCGA_ESCA_outer_test,elastic_net_cox,2,1095,0.175,0.5050453920726742,0.5050453920726742
TCGA_ESCA_outer_test,elastic_net_cox,2,1095,0.2,0.4890046578079372,0.4890046578079372
TCGA_ESCA_outer_test,elastic_net_cox,2,1095,0.225,0.4730966943647468,0.4719290374616044
TCGA_ESCA_outer_test,elastic_net_cox,2,1095,0.25,0.45596139975516026,0.4537150424255161
TCGA_ESCA_outer_test,elastic_net_cox,2,1095,0.275,0.4376443606897401,0.43424490980073194
TCGA_ESCA_outer_test,elastic_net_cox,2,1095,0.3,0.4214416328262113,0.41338405341703477
TCGA_ESCA_outer_test,elastic_net_cox,2,1095,0.325,0.3830175052887966,0.3909779484123229
TCGA_ESCA_outer_test,elastic_net_cox,2,1095,0.35,0.36292831181514607,0.36684829686878706
TCGA_ESCA_outer_test,elastic_net_cox,2,1095,0.375,0.3469508653220096,0.34078827320176835
TCGA_ESCA_outer_test,elastic_net_cox,2,1095,0.4,0.3133420282330839,0.3125565808958314
TCGA_ESCA_outer_test,elastic_net_cox,2,1095,0.425,0.28961119051233025,0.28186995882416077
TCGA_ESCA_outer_test,elastic_net_cox,2,1095,0.45,0.2464675939085233,0.24839364383688378
TCGA_ESCA_outer_test,elastic_net_cox,2,1095,0.475,0.1842728318578195,0.2117291083746281
TCGA_ESCA_outer_test,elastic_net_cox,2,1095,0.5,0.13586485731134157,0.17139811936614668
TCGA_ESCA_outer_test,elastic_net_cox,2,1095,0.525,0.10401993517436842,0.1268217630936146
TCGA_ESCA_outer_test,elastic_net_cox,2,1095,0.55,0.059939491383657284,0.07729247834635677
TCGA_ESCA_outer_test,elastic_net_cox,2,1095,0.575,0.017697470043267993,0.02193621892295128
TCGA_ESCA_outer_test,elastic_net_cox,2,1095,0.6,0.04861233992895819,-0.040339572928380196
TCGA_ESCA_outer_test,elastic_net_cox,3,365,0.05,0.19561951994080845,0.19561951994080845
TCGA_ESCA_outer_test,elastic_net_cox,3,365,0.075,0.17545909956160674,0.17384024068605686
TCGA_ESCA_outer_test,elastic_net_cox,3,365,0.1,0.15454839520081573,0.15085100147270794
TCGA_ESCA_outer_test,elastic_net_cox,3,365,0.125,0.12131842968359181,0.12654809144716767
TCGA_ESCA_outer_test,elastic_net_cox,3,365,0.15,0.10073099066425881,0.10081559847894855
TCGA_ESCA_outer_test,elastic_net_cox,3,365,0.175,0.06411465489702811,0.0735235604823525
TCGA_ESCA_outer_test,elastic_net_cox,3,365,0.2,0.04830745696827432,0.044525770110969254
TCGA_ESCA_outer_test,elastic_net_cox,3,365,0.225,0.014162949907553207,0.013657154554335471
TCGA_ESCA_outer_test,elastic_net_cox,3,365,0.25,-0.004742443635248832,-0.019269368706073958
TCGA_ESCA_outer_test,elastic_net_cox,3,365,0.275,-0.007318264165497995,-0.05446668667409785
TCGA_ESCA_outer_test,elastic_net_cox,3,365,0.3,-0.01004185069878124,-0.09217809878269476
TCGA_ESCA_outer_test,elastic_net_cox,3,365,0.325,0.0010220085568922593,-0.13268294882526185
TCGA_ESCA_outer_test,elastic_net_cox,3,365,0.35,-0.007519044493646255,-0.1763035565634111
TCGA_ESCA_outer_test,elastic_net_cox,3,365,0.375,0.005566386268664059,-0.22341381292061227
TCGA_ESCA_outer_test,elastic_net_cox,3,365,0.4,0.004213215936447525,-0.27444992397424695
TCGA_ESCA_outer_test,elastic_net_cox,3,365,0.425,0.002128858057032912,-0.3299239577281975
TCGA_ESCA_outer_test,elastic_net_cox,3,365,0.45,0.001050419616506905,-0.39044108545977985
TCGA_ESCA_outer_test,elastic_net_cox,3,365,0.475,-0.0001307272469263411,-0.4567217491657988
TCGA_ESCA_outer_test,elastic_net_cox,3,365,0.5,-0.007527665238718536,-0.5296304792424197
TCGA_ESCA_outer_test,elastic_net_cox,3,365,0.525,-0.008963691162155799,-0.6102138124850006
TCGA_ESCA_outer_test,elastic_net_cox,3,365,0.55,-0.010559275521530536,-0.6997508494212017
TCGA_ESCA_outer_test,elastic_net_cox,3,365,0.575,-0.012342575687890529,-0.7998216554087201
TCGA_ESCA_outer_test,elastic_net_cox,3,365,0.6,-0.014348788375045529,-0.9124013121446788
TCGA_ESCA_outer_test,elastic_net_cox,3,1095,0.05,0.5679134763873336,0.5679134763873336
TCGA_ESCA_outer_test,elastic_net_cox,3,1095,0.075,0.5556100674800062,0.5556100674800062
TCGA_ESCA_outer_test,elastic_net_cox,3,1095,0.1,0.5426231358556051,0.5426231358556051
TCGA_ESCA_outer_test,elastic_net_cox,3,1095,0.125,0.5288940938526666,0.5288940938526666
TCGA_ESCA_outer_test,elastic_net_cox,3,1095,0.15,0.5143574611436731,0.5143574611436731
TCGA_ESCA_outer_test,elastic_net_cox,3,1095,0.175,0.4989398203917102,0.4989398203917102
TCGA_ESCA_outer_test,elastic_net_cox,3,1095,0.2,0.4896540521889992,0.48255857709274963
TCGA_ESCA_outer_test,elastic_net_cox,3,1095,0.225,0.4733603859507911,0.46512047938740453
TCGA_ESCA_outer_test,elastic_net_cox,3,1095,0.25,0.4559804752967025,0.44651984183503635
TCGA_ESCA_outer_test,elastic_net_cox,3,1095,0.275,0.4374019501147457,0.4266364016928498
TCGA_ESCA_outer_test,elastic_net_cox,3,1095,0.3,0.4418237306069334,0.4053327158262212
TCGA_ESCA_outer_test,elastic_net_cox,3,1095,0.325,0.4234470574885438,0.3824509791546573
TCGA_ESCA_outer_test,elastic_net_cox,3,1095,0.35,0.403656794130278,0.357809108892973
TCGA_ESCA_outer_test,elastic_net_cox,3,1095,0.375,0.3703509636789717,0.331195889010354
TCGA_ESCA_outer_test,elastic_net_cox,3,1095,0.4,0.3634574140454607,0.3023649008041833
TCGA_ESCA_outer_test,elastic_net_cox,3,1095,0.425,0.3400568680893684,0.2710268701453023
TCGA_ESCA_outer_test,elastic_net_cox,3,1095,0.45,0.3145289997736314,0.23683992760834116
TCGA_ESCA_outer_test,elastic_net_cox,3,1095,0.475,0.2849196729923002,0.1993970857821456
TCGA_ESCA_outer_test,elastic_net_cox,3,1095,0.5,0.2438905073972188,0.1582099597733304
TCGA_ESCA_outer_test,elastic_net_cox,3,1095,0.525,0.27520460862189056,0.11268734681621889
TCGA_ESCA_outer_test,elastic_net_cox,3,1095,0.55,0.22425038433233901,0.06210666575276169
TCGA_ESCA_outer_test,elastic_net_cox,3,1095,0.575,0.08843331821782108,0.005575316328897961
TCGA_ESCA_outer_test,elastic_net_cox,3,1095,0.6,0.02430446257497461,-0.05802245177294896
TCGA_ESCA_outer_test,elastic_net_cox,4,365,0.05,0.19025709293646637,0.1956361450224554
TCGA_ESCA_outer_test,elastic_net_cox,4,365,0.075,0.16281097417426374,0.17388560540124234
TCGA_ESCA_outer_test,elastic_net_cox,4,365,0.1,0.14244741476514006,0.15092670246773965
TCGA_ESCA_outer_test,elastic_net_cox,4,365,0.125,0.11508940288163765,0.12665586222375108
TCGA_ESCA_outer_test,elastic_net_cox,4,365,0.15,0.08365470496159022,0.100957325494822
TCGA_ESCA_outer_test,elastic_net_cox,4,365,0.175,0.0638470511581647,0.07370130169141237
TCGA_ESCA_outer_test,elastic_net_cox,4,365,0.2,0.0519781565970658,0.044741776400289646
TCGA_ESCA_outer_test,elastic_net_cox,4,365,0.225,0.02609554227447959,0.013913894638771906
TCGA_ESCA_outer_test,elastic_net_cox,4,365,0.25,0.006755887191780552,-0.01896917924018035
TCGA_ESCA_outer_test,elastic_net_cox,4,365,0.275,-0.010743183510642268,-0.05412005131768108
TCGA_ESCA_outer_test,elastic_net_cox,4,365,0.3,-0.0031882141747518883,-0.09178169997214605
TCGA_ESCA_outer_test,elastic_net_cox,4,365,0.325,0.006205171764810738,-0.13223310037879368
TCGA_ESCA_outer_test,elastic_net_cox,4,365,0.35,-0.020863776482666185,-0.17579614697056803
TCGA_ESCA_outer_test,elastic_net_cox,4,365,0.375,-0.045153796454869145,-0.22284423728968436
TCGA_ESCA_outer_test,elastic_net_cox,4,365,0.4,-0.04649102209951106,-0.2738130018020605
TCGA_ESCA_outer_test,elastic_net_cox,4,365,0.425,-0.03282445837025246,-0.3292138327937735
TCGA_ESCA_outer_test,elastic_net_cox,4,365,0.45,-0.026159971236745932,-0.38965110296655125
TCGA_ESCA_outer_test,elastic_net_cox,4,365,0.475,-0.02402413922067182,-0.4558443036319746
TCGA_ESCA_outer_test,elastic_net_cox,4,365,0.5,-0.019914746985556907,-0.5286568243639403
TCGA_ESCA_outer_test,elastic_net_cox,4,365,0.525,-0.01467402409462088,-0.6091338209624289
TCGA_ESCA_outer_test,elastic_net_cox,4,365,0.55,-0.016226830877120447,-0.6985527060718605
TCGA_ESCA_outer_test,elastic_net_cox,4,365,0.575,-0.008981160405251152,-0.7984914600176953
TCGA_ESCA_outer_test,elastic_net_cox,4,365,0.6,-0.009957373492778454,-0.9109225582067602
TCGA_ESCA_outer_test,elastic_net_cox,4,1095,0.05,0.5662521397886068,0.5662521397886068
TCGA_ESCA_outer_test,elastic_net_cox,4,1095,0.075,0.5539380733227813,0.5539380733227813
TCGA_ESCA_outer_test,elastic_net_cox,4,1095,0.1,0.540939892053299,0.540939892053299
TCGA_ESCA_outer_test,elastic_net_cox,4,1095,0.125,0.5271989575684175,0.5271989575684175
TCGA_ESCA_outer_test,elastic_net_cox,4,1095,0.15,0.5126497328197196,0.5126497328197196
TCGA_ESCA_outer_test,elastic_net_cox,4,1095,0.175,0.4965788000060796,0.4972187368741309
TCGA_ESCA_outer_test,elastic_net_cox,4,1095,0.2,0.48115265735737855,0.4808233036819428
TCGA_ESCA_outer_test,elastic_net_cox,4,1095,0.225,0.4586633157875055,0.46337010060638784
TCGA_ESCA_outer_test,elastic_net_cox,4,1095,0.25,0.4411471796186579,0.44475335065912913
TCGA_ESCA_outer_test,elastic_net_cox,4,1095,0.275,0.4224230340588553,0.4248526869224043
TCGA_ESCA_outer_test,elastic_net_cox,4,1095,0.3,0.4124641004047236,0.4035305472044849
TCGA_ESCA_outer_test,elastic_net_cox,4,1095,0.325,0.3921637134266368,0.3806289897296826
TCGA_ESCA_outer_test,elastic_net_cox,4,1095,0.35,0.36894846862879926,0.3559657739875878
TCGA_ESCA_outer_test,elastic_net_cox,4,1095,0.375,0.34691228133416635,0.32932950098612535
TCGA_ESCA_outer_test,elastic_net_cox,4,1095,0.4,0.322295624003452,0.3004735385678744
TCGA_ESCA_outer_test,elastic_net_cox,4,1095,0.425,0.26733775662902404,0.26910836202629723
TCGA_ESCA_outer_test,elastic_net_cox,4,1095,0.45,0.21924498493295697,0.23489180579912228
TCGA_ESCA_outer_test,elastic_net_cox,4,1095,0.475,0.17769223663042005,0.1974165299312639
TCGA_ESCA_outer_test,elastic_net_cox,4,1095,0.5,0.13287832623391999,0.15619372647661967
TCGA_ESCA_outer_test,elastic_net_cox,4,1095,0.525,0.08698638889488192,0.11063168055306549
TCGA_ESCA_outer_test,elastic_net_cox,4,1095,0.55,0.0005196091282729798,0.06000718508244973
TCGA_ESCA_outer_test,elastic_net_cox,4,1095,0.575,0.034300747176480906,0.0034268666152912353
TCGA_ESCA_outer_test,elastic_net_cox,4,1095,0.6,-0.009426897856730343,-0.060225991660262435
TCGA_ESCA_outer_test,elastic_net_cox,5,365,0.05,0.19589743857575062,0.19589743857575062
TCGA_ESCA_outer_test,elastic_net_cox,5,365,0.075,0.17521820727364548,0.17413413410127
TCGA_ESCA_outer_test,elastic_net_cox,5,365,0.1,0.14852287974307227,0.15116175715598484
TCGA_ESCA_outer_test,elastic_net_cox,5,365,0.125,0.1229562393856812,0.12687667295668342
TCGA_ESCA_outer_test,elastic_net_cox,5,365,0.15,0.08736728338429448,0.1011630543927172
TCGA_ESCA_outer_test,elastic_net_cox,5,365,0.175,0.07990519948135129,0.07389103470366212
TCGA_ESCA_outer_test,elastic_net_cox,5,365,0.2,0.07324353642084379,0.0449145137840411
TCGA_ESCA_outer_test,elastic_net_cox,5,365,0.225,0.04296941590244856,0.014068539901863908
TCGA_ESCA_outer_test,elastic_net_cox,5,365,0.25,0.03456665381535727,-0.01883383223912513
TCGA_ESCA_outer_test,elastic_net_cox,5,365,0.275,0.02988576120013814,-0.05400533349328587
TCGA_ESCA_outer_test,elastic_net_cox,5,365,0.3,0.013061162029756143,-0.09168908483702945
TCGA_ESCA_outer_test,elastic_net_cox,5,365,0.325,-0.0013545694907826714,-0.13216422516919843
TCGA_ESCA_outer_test,elastic_net_cox,5,365,0.35,0.004250452934161229,-0.1757528378346113
TCGA_ESCA_outer_test,elastic_net_cox,5,365,0.375,0.015385728651122883,-0.22282853951325712
TCGA_ESCA_outer_test,elastic_net_cox,5,365,0.4,0.008997552089839492,-0.2738272163317902
TCGA_ESCA_outer_test,elastic_net_cox,5,365,0.425,0.008026170495515695,-0.32926056069976084
TCGA_ESCA_outer_test,elastic_net_cox,5,365,0.45,0.012460576982361249,-0.3897333000102742
TCGA_ESCA_outer_test,elastic_net_cox,5,365,0.475,0.011881350974397527,-0.45596534782655074
TCGA_ESCA_outer_test,elastic_net_cox,5,365,0.5,0.005334485124156465,-0.5288206004244551
TCGA_ESCA_outer_test,elastic_net_cox,5,365,0.525,0.004630268240790045,-0.6093448269800337
TCGA_ESCA_outer_test,elastic_net_cox,5,365,0.55,0.003847805037049578,-0.6988161898195653
TCGA_ESCA_outer_test,elastic_net_cox,5,365,0.575,0.0029732873387514104,-0.7988135953461001
TCGA_ESCA_outer_test,elastic_net_cox,5,365,0.6,0.001989454928165971,-0.9113106765634525
TCGA_ESCA_outer_test,elastic_net_cox,5,1095,0.05,0.5732042075425395,0.5732042075425395
TCGA_ESCA_outer_test,elastic_net_cox,5,1095,0.075,0.5608097756105387,0.5608097756105387
TCGA_ESCA_outer_test,elastic_net_cox,5,1095,0.1,0.54772676412676,0.54772676412676
TCGA_ESCA_outer_test,elastic_net_cox,5,1095,0.125,0.5338961519867653,0.5338961519867653
TCGA_ESCA_outer_test,elastic_net_cox,5,1095,0.15,0.5192519744267711,0.5192519744267711
TCGA_ESCA_outer_test,elastic_net_cox,5,1095,0.175,0.5037202709540498,0.5037202709540498
TCGA_ESCA_outer_test,elastic_net_cox,5,1095,0.2,0.48721783601428353,0.48721783601428353
TCGA_ESCA_outer_test,elastic_net_cox,5,1095,0.225,0.47771950986335177,0.4696507278525968
TCGA_ESCA_outer_test,elastic_net_cox,5,1095,0.25,0.45456549701550075,0.45091247914679766
TCGA_ESCA_outer_test,elastic_net_cox,5,1095,0.275,0.43581277007115804,0.4308819374268055
TCGA_ESCA_outer_test,elastic_net_cox,5,1095,0.3,0.41572056263079094,0.4094206427268138
TCGA_ESCA_outer_test,elastic_net_cox,5,1095,0.325,0.4048948438072177,0.3863696224934895
TCGA_ESCA_outer_test,elastic_net_cox,5,1095,0.35,0.37696981312082545,0.3615454468576017
TCGA_ESCA_outer_test,elastic_net_cox,5,1095,0.375,0.35324458738838177,0.33473533717084286
TCGA_ESCA_outer_test,elastic_net_cox,5,1095,0.4,0.32153126099004264,0.3056910516768541
TCGA_ESCA_outer_test,elastic_net_cox,5,1095,0.425,0.2891923767886634,0.2741211761399099
TCGA_ESCA_outer_test,elastic_net_cox,5,1095,0.45,0.2719905603798686,0.23968131191778902
TCGA_ESCA_outer_test,elastic_net_cox,5,1095,0.475,0.18853312146618545,0.20196146062689457
TCGA_ESCA_outer_test,elastic_net_cox,5,1095,0.5,0.15154128406519146,0.1604696242069107
TCGA_ESCA_outer_test,elastic_net_cox,5,1095,0.525,0.13195579703705346,0.1146102260585074
TCGA_ESCA_outer_test,elastic_net_cox,5,1095,0.55,0.071778152634217,0.06365533922694833
TCGA_ESCA_outer_test,elastic_net_cox,5,1095,0.575,0.038541993218884796,0.0067057598269706364
TCGA_ESCA_outer_test,elastic_net_cox,5,1095,0.6,-0.005263503879627762,-0.05736251699800454
TCGA_ESCA_outer_test,elastic_net_cox,6,365,0.05,0.19572563707282267,0.19572563707282267
TCGA_ESCA_outer_test,elastic_net_cox,6,365,0.075,0.17447520927002952,0.17393939007034137
TCGA_ESCA_outer_test,elastic_net_cox,6,365,0.1,0.14654776676161213,0.15094279601216667
TCGA_ESCA_outer_test,elastic_net_cox,6,365,0.125,0.10323231995118824,0.1266321108649534
TCGA_ESCA_outer_test,elastic_net_cox,6,365,0.15,0.07721884767977036,0.10089138541496293
TCGA_ESCA_outer_test,elastic_net_cox,6,365,0.175,0.04759676094694271,0.07359061599830632
TCGA_ESCA_outer_test,elastic_net_cox,6,365,0.2,0.0434925714513435,0.04458354849310869
TCGA_ESCA_outer_test,elastic_net_cox,6,365,0.225,0.019975682280613777,0.013705057277898336
TCGA_ESCA_outer_test,elastic_net_cox,6,365,0.25,0.00817364973471392,-0.019232000018326117
TCGA_ESCA_outer_test,elastic_net_cox,6,365,0.275,0.003041261843424542,-0.05444057850739362
TCGA_ESCA_outer_test,elastic_net_cox,6,365,0.3,-0.017412061419156362,-0.0921640554599659
TCGA_ESCA_outer_test,elastic_net_cox,6,365,0.325,-0.016519032706330285,-0.1326818640386546
TCGA_ESCA_outer_test,elastic_net_cox,6,365,0.35,-0.019018505823528008,-0.17631642712339637
TCGA_ESCA_outer_test,elastic_net_cox,6,365,0.375,-0.020870496772390487,-0.22344175525491747
TCGA_ESCA_outer_test,elastic_net_cox,6,365,0.4,-0.008719689535602652,-0.2744941940640653
TCGA_ESCA_outer_test,elastic_net_cox,6,365,0.425,-0.004946305753774118,-0.3299859753783564
TCGA_ESCA_outer_test,elastic_net_cox,6,365,0.45,-0.0054753224119317755,-0.3905224640848557
TCGA_ESCA_outer_test,elastic_net_cox,6,365,0.475,-0.006054721608961593,-0.4568243326681646
TCGA_ESCA_outer_test,elastic_net_cox,6,365,0.5,-0.006692060725694393,-0.5297563881098044
TCGA_ESCA_outer_test,elastic_net_cox,6,365,0.525,-0.00739648817050433,-0.6103655020189852
TCGA_ESCA_outer_test,elastic_net_cox,6,365,0.55,-0.008179185331404258,-0.6999311841402973
TCGA_ESCA_outer_test,elastic_net_cox,6,365,0.575,-0.00905396451123359,-0.8000340053347045
TCGA_ESCA_outer_test,elastic_net_cox,6,365,0.6,-0.01003809108854159,-0.912649679178413
TCGA_ESCA_outer_test,elastic_net_cox,6,1095,0.05,0.5705855207587811,0.5705855207587811
TCGA_ESCA_outer_test,elastic_net_cox,6,1095,0.075,0.5578032542901508,0.5578032542901508
TCGA_ESCA_outer_test,elastic_net_cox,6,1095,0.1,0.5443108619065965,0.5443108619065965
TCGA_ESCA_outer_test,elastic_net_cox,6,1095,0.125,0.5300474756725534,0.5300474756725534
TCGA_ESCA_outer_test,elastic_net_cox,6,1095,0.15,0.5149450667188606,0.5149450667188606
TCGA_ESCA_outer_test,elastic_net_cox,6,1095,0.175,0.5038204859140246,0.4989273602528229
TCGA_ESCA_outer_test,elastic_net_cox,6,1095,0.2,0.48767544523335987,0.4819085471326578
TCGA_ESCA_outer_test,elastic_net_cox,6,1095,0.225,0.4704887890249103,0.46379174606925627
TCGA_ESCA_outer_test,elastic_net_cox,6,1095,0.25,0.4521563557358974,0.44446715826829464
TCGA_ESCA_outer_test,elastic_net_cox,6,1095,0.275,0.4325596167028146,0.42380984027416324
TCGA_ESCA_outer_test,elastic_net_cox,6,1095,0.3,0.4056995398351293,0.4016769995661653
TCGA_ESCA_outer_test,elastic_net_cox,6,1095,0.325,0.3831477369795976,0.37790468917609343
TCGA_ESCA_outer_test,elastic_net_cox,6,1095,0.35,0.35316403422026477,0.35230373952524685
TCGA_ESCA_outer_test,elastic_net_cox,6,1095,0.375,0.31474471978656743,0.3246547139023324
TCGA_ESCA_outer_test,elastic_net_cox,6,1095,0.4,0.2801349023842553,0.29470160281084185
TCGA_ESCA_outer_test,elastic_net_cox,6,1095,0.425,0.2691557939796181,0.26214387336356954
TCGA_ESCA_outer_test,elastic_net_cox,6,1095,0.45,0.3043192085753067,0.22662635033018158
TCGA_ESCA_outer_test,elastic_net_cox,6,1095,0.475,0.24452874744203273,0.18772620605551854
TCGA_ESCA_outer_test,elastic_net_cox,6,1095,0.5,0.17963807083164762,0.14493604735338916
TCGA_ESCA_outer_test,elastic_net_cox,6,1095,0.525,0.14367569744805275,0.09764166141945668
TCGA_ESCA_outer_test,elastic_net_cox,6,1095,0.55,0.12461608007544167,0.0450923437150873
TCGA_ESCA_outer_test,elastic_net_cox,6,1095,0.575,0.08306075769312016,-0.013639246660384186
TCGA_ESCA_outer_test,elastic_net_cox,6,1095,0.6,-0.007386907822550692,-0.07971228583278989
TCGA_ESCA_outer_test,elastic_net_cox,7,365,0.05,0.19685926315439747,0.19685926315439747
TCGA_ESCA_outer_test,elastic_net_cox,7,365,0.075,0.17007272886960043,0.17508008897767047
TCGA_ESCA_outer_test,elastic_net_cox,7,365,0.1,0.13909968755441549,0.15209096068001413
TCGA_ESCA_outer_test,elastic_net_cox,7,365,0.125,0.11488608785653784,0.12778816790820602
TCGA_ESCA_outer_test,elastic_net_cox,7,365,0.15,0.07444264233015266,0.10205579909099746
TCGA_ESCA_outer_test,elastic_net_cox,7,365,0.175,0.06213026211786883,0.07476389276971562
TCGA_ESCA_outer_test,elastic_net_cox,7,365,0.2,0.05138577142163081,0.04576624230335369
TCGA_ESCA_outer_test,elastic_net_cox,7,365,0.225,0.026245035997759972,0.014897775677871622
TCGA_ESCA_outer_test,elastic_net_cox,7,365,0.25,0.015715297054505445,-0.018028588722642597
TCGA_ESCA_outer_test,elastic_net_cox,7,365,0.275,0.0020433157876180164,-0.05322573687491641
TCGA_ESCA_outer_test,elastic_net_cox,7,365,0.3,-0.0014013955433864328,-0.09093696703806689
TCGA_ESCA_outer_test,elastic_net_cox,7,365,0.325,-0.01133248224124403,-0.131441621657747
TCGA_ESCA_outer_test,elastic_net_cox,7,365,0.35,0.003629706723688335,-0.17506201894047954
TCGA_ESCA_outer_test,elastic_net_cox,7,365,0.375,-0.009472757562636151,-0.22217204800583065
TCGA_ESCA_outer_test,elastic_net_cox,7,365,0.4,0.006028881807365428,-0.2732079128266277
TCGA_ESCA_outer_test,elastic_net_cox,7,365,0.425,0.007919980106493339,-0.3286816789361897
TCGA_ESCA_outer_test,elastic_net_cox,7,365,0.45,0.001260690702294398,-0.38919851469207545
TCGA_ESCA_outer_test,elastic_net_cox,7,365,0.475,0.0059136300239711875,-0.45547885861518833
TCGA_ESCA_outer_test,elastic_net_cox,7,365,0.5,0.005261481105544369,-0.5283872369306127
TCGA_ESCA_outer_test,elastic_net_cox,7,365,0.525,-0.0014729528411976823,-0.6089701813845029
TCGA_ESCA_outer_test,elastic_net_cox,7,365,0.55,-0.0022738374778621976,-0.6985067863332696
TCGA_ESCA_outer_test,elastic_net_cox,7,365,0.575,-0.0031689438364872384,-0.7985771095113026
TCGA_ESCA_outer_test,elastic_net_cox,7,365,0.6,-0.004175938489940413,-0.9111562230865902
TCGA_ESCA_outer_test,elastic_net_cox,7,1095,0.05,0.5683036589434585,0.5683036589434585
TCGA_ESCA_outer_test,elastic_net_cox,7,1095,0.075,0.5565009108543498,0.5565009108543498
TCGA_ESCA_outer_test,elastic_net_cox,7,1095,0.1,0.5440424545380684,0.5440424545380684
TCGA_ESCA_outer_test,elastic_net_cox,7,1095,0.125,0.5308720864322852,0.5308720864322852
TCGA_ESCA_outer_test,elastic_net_cox,7,1095,0.15,0.5169269907908677,0.5169269907908677
TCGA_ESCA_outer_test,elastic_net_cox,7,1095,0.175,0.5021367378378492,0.5021367378378492
TCGA_ESCA_outer_test,elastic_net_cox,7,1095,0.2,0.48642209407526693,0.48642209407526693
TCGA_ESCA_outer_test,elastic_net_cox,7,1095,0.225,0.46969360232800195,0.46969360232800195
TCGA_ESCA_outer_test,elastic_net_cox,7,1095,0.25,0.44573210196354607,0.451849877797586
TCGA_ESCA_outer_test,elastic_net_cox,7,1095,0.275,0.42053999990733737,0.43277555157541725
TCGA_ESCA_outer_test,elastic_net_cox,7,1095,0.3,0.3941969492328058,0.4123387734802364
TCGA_ESCA_outer_test,elastic_net_cox,7,1095,0.325,0.348550160562396,0.3903881599705978
TCGA_ESCA_outer_test,elastic_net_cox,7,1095,0.35,0.33779037794662864,0.3667490377294485
TCGA_ESCA_outer_test,elastic_net_cox,7,1095,0.375,0.32828427929097637,0.34121878570900716
TCGA_ESCA_outer_test,elastic_net_cox,7,1095,0.4,0.2979243273167433,0.31356101268686243
TCGA_ESCA_outer_test,elastic_net_cox,7,1095,0.425,0.2539705595325551,0.28349821592366165
TCGA_ESCA_outer_test,elastic_net_cox,7,1095,0.45,0.23398734218382583,0.2507024376365336
TCGA_ESCA_outer_test,elastic_net_cox,7,1095,0.475,0.1961620791035963,0.2147832518934885
TCGA_ESCA_outer_test,elastic_net_cox,7,1095,0.5,0.1748586301833931,0.1752721475761389
TCGA_ESCA_outer_test,elastic_net_cox,7,1095,0.525,0.1059389839543271,0.13160197964643672
TCGA_ESCA_outer_test,elastic_net_cox,7,1095,0.55,0.06315334325312172,0.08307957083565642
TCGA_ESCA_outer_test,elastic_net_cox,7,1095,0.575,0.09880426860143948,0.028848643341255253
TCGA_ESCA_outer_test,elastic_net_cox,7,1095,0.6,0.05975241237994722,-0.032161150089946355
TCGA_ESCA_outer_test,elastic_net_cox,8,365,0.05,0.19559642990338,0.19559642990338
TCGA_ESCA_outer_test,elastic_net_cox,8,365,0.075,0.16827204112507935,0.17384546180618615
TCGA_ESCA_outer_test,elastic_net_cox,8,365,0.1,0.1484709080167106,0.15088610659248153
TCGA_ESCA_outer_test,elastic_net_cox,8,365,0.125,0.10752853308485485,0.12661478822370809
TCGA_ESCA_outer_test,elastic_net_cox,8,365,0.15,0.07238953981401586,0.10091574524500677
TCGA_ESCA_outer_test,elastic_net_cox,8,365,0.175,0.06327723300616286,0.07365918451002054
TCGA_ESCA_outer_test,elastic_net_cox,8,365,0.2,0.05644152622897715,0.04469908872909767
TCGA_ESCA_outer_test,elastic_net_cox,8,365,0.225,0.04979914759884743,0.0138705996719862
TCGA_ESCA_outer_test,elastic_net_cox,8,365,0.25,0.016028712640208678,-0.019013121988932652
TCGA_ESCA_outer_test,elastic_net_cox,8,365,0.275,0.01024708545773792,-0.054164686523018396
TCGA_ESCA_outer_test,elastic_net_cox,8,365,0.3,-0.005736098284139027,-0.09182707709525303
TCGA_ESCA_outer_test,elastic_net_cox,8,365,0.325,-0.00591274314256799,-0.1322792743765421
TCGA_ESCA_outer_test,elastic_net_cox,8,365,0.35,-0.010550976801081129,-0.17584317914100725
TCGA_ESCA_outer_test,elastic_net_cox,8,365,0.375,-0.012309626371251537,-0.22289219628662968
TCGA_ESCA_outer_test,elastic_net_cox,8,365,0.4,-0.0046710889471184396,-0.27386196486105396
TCGA_ESCA_outer_test,elastic_net_cox,8,365,0.425,0.0015571113769353353,-0.32926388722455857
TCGA_ESCA_outer_test,elastic_net_cox,8,365,0.45,0.0004806755836383996,-0.38970234798474546
TCGA_ESCA_outer_test,elastic_net_cox,8,365,0.475,-0.006270447142548596,-0.45589685262685475
TCGA_ESCA_outer_test,elastic_net_cox,8,365,0.5,-0.007567295979234905,-0.5287108077331752
TCGA_ESCA_outer_test,elastic_net_cox,8,365,0.525,-0.009000655219782931,-0.6091893896927926
TCGA_ESCA_outer_test,elastic_net_cox,8,365,0.55,-0.010593276598169625,-0.6986100363145896
TCGA_ESCA_outer_test,elastic_net_cox,8,365,0.575,-0.012373265197542982,-0.7985507590095388
TCGA_ESCA_outer_test,elastic_net_cox,8,365,0.6,-0.014375752371838019,-0.910984072041357
TCGA_ESCA_outer_test,elastic_net_cox,8,1095,0.05,0.5686816879181005,0.5686816879181005
TCGA_ESCA_outer_test,elastic_net_cox,8,1095,0.075,0.5562998287964593,0.5562998287964593
TCGA_ESCA_outer_test,elastic_net_cox,8,1095,0.1,0.5432300886125048,0.5432300886125048
TCGA_ESCA_outer_test,elastic_net_cox,8,1095,0.125,0.5294135061323242,0.5294135061323242
TCGA_ESCA_outer_test,elastic_net_cox,8,1095,0.15,0.5147841835062507,0.5147841835062507
TCGA_ESCA_outer_test,elastic_net_cox,8,1095,0.175,0.4992682352664757,0.4992682352664757
TCGA_ESCA_outer_test,elastic_net_cox,8,1095,0.2,0.4827825402617148,0.4827825402617148
TCGA_ESCA_outer_test,elastic_net_cox,8,1095,0.225,0.45911911072310163,0.4652332520308403
TCGA_ESCA_outer_test,elastic_net_cox,8,1095,0.25,0.4403998699435021,0.4465140112512408
TCGA_ESCA_outer_test,elastic_net_cox,8,1095,0.275,0.42911755945712055,0.42650378834891034
TCGA_ESCA_outer_test,elastic_net_cox,8,1095,0.3,0.418672937572767,0.40506426381069915
TCGA_ESCA_outer_test,elastic_net_cox,8,1095,0.325,0.3980802155465163,0.38203662634373153
TCGA_ESCA_outer_test,elastic_net_cox,8,1095,0.35,0.38103373927925094,0.3572376321485357
TCGA_ESCA_outer_test,elastic_net_cox,8,1095,0.375,0.3462638782573881,0.3304547184177241
TCGA_ESCA_outer_test,elastic_net_cox,8,1095,0.4,0.2839232665867826,0.30143989520934494
TCGA_ESCA_outer_test,elastic_net_cox,8,1095,0.425,0.2499487103475296,0.26990204389588934
TCGA_ESCA_outer_test,elastic_net_cox,8,1095,0.45,0.2055476764409634,0.23549711519030136
TCGA_ESCA_outer_test,elastic_net_cox,8,1095,0.475,0.12966767294577464,0.1978155266079908
TCGA_ESCA_outer_test,elastic_net_cox,8,1095,0.5,0.12909354225958797,0.1563657791674491
TCGA_ESCA_outer_test,elastic_net_cox,8,1095,0.525,0.126530289536553,0.1105529004173767
TCGA_ESCA_outer_test,elastic_net_cox,8,1095,0.55,0.12721660779607408,0.05964970180618512
TCGA_ESCA_outer_test,elastic_net_cox,8,1095,0.575,-0.01153607301549786,0.0027578915936771198
TCGA_ESCA_outer_test,elastic_net_cox,8,1095,0.6,-0.013669495544756938,-0.0612453948953946
TCGA_ESCA_outer_test,elastic_net_cox,9,365,0.05,0.19551675558150275,0.19551675558150275
TCGA_ESCA_outer_test,elastic_net_cox,9,365,0.075,0.17377328823474264,0.17377328823474264
TCGA_ESCA_outer_test,elastic_net_cox,9,365,0.1,0.14539413432815868,0.15082185047982916
TCGA_ESCA_outer_test,elastic_net_cox,9,365,0.125,0.11492341189340823,0.1265589019960635
TCGA_ESCA_outer_test,elastic_net_cox,9,365,0.15,0.09297807897698407,0.1008687212485469
TCGA_ESCA_outer_test,elastic_net_cox,9,365,0.175,0.08044525899838137,0.07362155984966567
TCGA_ESCA_outer_test,elastic_net_cox,9,365,0.2,0.06275604302757025,0.04467145086335436
TCGA_ESCA_outer_test,elastic_net_cox,9,365,0.225,0.06034368193974407,0.013853592910184231
TCGA_ESCA_outer_test,elastic_net_cox,9,365,0.25,0.03618819812908125,-0.019018788906530498
TCGA_ESCA_outer_test,elastic_net_cox,9,365,0.275,0.025777287915499658,-0.05415823153819119
TCGA_ESCA_outer_test,elastic_net_cox,9,365,0.3,0.013560555501124727,-0.09180763435782754
TCGA_ESCA_outer_test,elastic_net_cox,9,365,0.325,-0.0004404521594933569,-0.13224588183077027
TCGA_ESCA_outer_test,elastic_net_cox,9,365,0.35,0.009374539062213971,-0.17579476372470867
TCGA_ESCA_outer_test,elastic_net_cox,9,365,0.375,0.018471752988949666,-0.22282755617016217
TCGA_ESCA_outer_test,elastic_net_cox,9,365,0.4,-0.004256710680504386,-0.2737797479860701
TCGA_ESCA_outer_test,elastic_net_cox,9,365,0.425,0.00816150017666798,-0.32916256517727427
TCGA_ESCA_outer_test,elastic_net_cox,9,365,0.45,0.0011413477664393,-0.3895801839313152
TCGA_ESCA_outer_test,elastic_net_cox,9,365,0.475,0.006032640315517478,-0.45575186161431236
TCGA_ESCA_outer_test,elastic_net_cox,9,365,0.5,0.0053977061935413535,-0.5285407070656095
TCGA_ESCA_outer_test,elastic_net_cox,9,365,0.525,0.0046959369008309,-0.6089915362486221
TCGA_ESCA_outer_test,elastic_net_cox,9,365,0.55,0.003916193242263728,-0.6983813464519694
TCGA_ESCA_outer_test,elastic_net_cox,9,365,0.575,0.003044715035629834,-0.7982876049145334
TCGA_ESCA_outer_test,elastic_net_cox,9,365,0.6,0.002064302053166699,-0.9106821456849187
TCGA_ESCA_outer_test,elastic_net_cox,9,1095,0.05,0.5657294885073739,0.5657294885073739
TCGA_ESCA_outer_test,elastic_net_cox,9,1095,0.075,0.5527003943839264,0.5527003943839264
TCGA_ESCA_outer_test,elastic_net_cox,9,1095,0.1,0.538947461698065,0.538947461698065
TCGA_ESCA_outer_test,elastic_net_cox,9,1095,0.125,0.52440864714444,0.52440864714444
TCGA_ESCA_outer_test,elastic_net_cox,9,1095,0.15,0.5090146082053078,0.5090146082053078
TCGA_ESCA_outer_test,elastic_net_cox,9,1095,0.175,0.49268759720925837,0.49268759720925837
TCGA_ESCA_outer_test,elastic_net_cox,9,1095,0.2,0.4753401480259559,0.4753401480259559
TCGA_ESCA_outer_test,elastic_net_cox,9,1095,0.225,0.456873508572763,0.456873508572763
TCGA_ESCA_outer_test,elastic_net_cox,9,1095,0.25,0.4371757598226905,0.4371757598226905
TCGA_ESCA_outer_test,elastic_net_cox,9,1095,0.275,0.40995107301426936,0.4161195456415786
TCGA_ESCA_outer_test,elastic_net_cox,9,1095,0.3,0.3873908435345066,0.39355931616181583
TCGA_ESCA_outer_test,elastic_net_cox,9,1095,0.325,0.3631594859451317,0.36932795857244094
TCGA_ESCA_outer_test,elastic_net_cox,9,1095,0.35,0.3500136129844418,0.3432326503992681
TCGA_ESCA_outer_test,elastic_net_cox,9,1095,0.375,0.3173456977864268,0.3150497175722413
TCGA_ESCA_outer_test,elastic_net_cox,9,1095,0.4,0.2543495325986914,0.284518207009629
TCGA_ESCA_outer_test,elastic_net_cox,9,1095,0.425,0.20304737014759783,0.2513317824850504
TCGA_ESCA_outer_test,elastic_net_cox,9,1095,0.45,0.17529010809778783,0.2151284102764192
TCGA_ESCA_outer_test,elastic_net_cox,9,1095,0.475,0.16015250677651532,0.1754770978574422
TCGA_ESCA_outer_test,elastic_net_cox,9,1095,0.5,0.13038728947063483,0.13186065419656745
TCGA_ESCA_outer_test,elastic_net_cox,9,1095,0.525,0.1270786188321073,0.08365300593981106
TCGA_ESCA_outer_test,elastic_net_cox,9,1095,0.55,0.11093878553129666,0.03008895232119302
TCGA_ESCA_outer_test,elastic_net_cox,9,1095,0.575,0.07397538858884223,-0.02977675466432117
TCGA_ESCA_outer_test,elastic_net_cox,9,1095,0.6,0.04392312657319081,-0.09712567502302483
TCGA_ESCA_outer_test,random_survival_forest,0,365,0.05,0.19571073753339785,0.19571073753339785
TCGA_ESCA_outer_test,random_survival_forest,0,365,0.075,0.17497860915048416,0.17388162962346304
TCGA_ESCA_outer_test,random_survival_forest,0,365,0.1,0.14316747271585611,0.15083979349630958
TCGA_ESCA_outer_test,random_survival_forest,0,365,0.125,0.12620921676861746,0.12648128101903308
TCGA_ESCA_outer_test,random_survival_forest,0,365,0.15,0.10097603288722475,0.10068991486662268
TCGA_ESCA_outer_test,random_survival_forest,0,365,0.175,0.06510174156611213,0.07333543561406616
TCGA_ESCA_outer_test,random_survival_forest,0,365,0.2,0.03300773195465345,0.04427130140822488
TCGA_ESCA_outer_test,random_survival_forest,0,365,0.225,0.018126929912507042,0.013332061769748688
TCGA_ESCA_outer_test,random_survival_forest,0,365,0.25,-0.0056072362824611255,-0.019669793844625916
TCGA_ESCA_outer_test,random_survival_forest,0,365,0.275,-0.01497848314007369,-0.054947639501371215
TCGA_ESCA_outer_test,random_survival_forest,0,365,0.3,-0.017937295125912772,-0.09274533127645546
TCGA_ESCA_outer_test,random_survival_forest,0,365,0.325,-0.04085320998082035,-0.13334285207191626
TCGA_ESCA_outer_test,random_survival_forest,0,365,0.35,-0.015971985403591328,-0.1770632590824125
TCGA_ESCA_outer_test,random_survival_forest,0,365,0.375,-0.0181182977651827,-0.22428129865374857
TCGA_ESCA_outer_test,random_survival_forest,0,365,0.4,-0.0072674019512833365,-0.2754341748560293
TCGA_ESCA_outer_test,random_survival_forest,0,365,0.425,0.0,-0.33103512724981254
TCGA_ESCA_outer_test,random_survival_forest,0,365,0.45,0.0,-0.3916907116793943
TCGA_ESCA_outer_test,random_survival_forest,0,365,0.475,0.0,-0.4581230184356029
TCGA_ESCA_outer_test,random_survival_forest,0,365,0.5,0.0,-0.5311985558674325
TCGA_ESCA_outer_test,random_survival_forest,0,365,0.525,0.0,-0.6119662551341916
TCGA_ESCA_outer_test,random_survival_forest,0,365,0.55,0.0,-0.7017081432083682
TCGA_ESCA_outer_test,random_survival_forest,0,365,0.575,0.0,-0.8020079004677417
TCGA_ESCA_outer_test,random_survival_forest,0,365,0.6,0.0,-0.9148451273845372
TCGA_ESCA_outer_test,random_survival_forest,0,1095,0.05,0.5683212804829341,0.5683212804829341
TCGA_ESCA_outer_test,random_survival_forest,0,1095,0.075,0.5558277845119711,0.5558277845119711
TCGA_ESCA_outer_test,random_survival_forest,0,1095,0.1,0.5426402054315104,0.5426402054315104
TCGA_ESCA_outer_test,random_survival_forest,0,1095,0.125,0.5286990504035947,0.5286990504035947
TCGA_ESCA_outer_test,random_survival_forest,0,1095,0.15,0.5139378274328603,0.5139378274328603
TCGA_ESCA_outer_test,random_survival_forest,0,1095,0.175,0.49828198488814207,0.49828198488814207
TCGA_ESCA_outer_test,random_survival_forest,0,1095,0.2,0.481647652184379,0.481647652184379
TCGA_ESCA_outer_test,random_survival_forest,0,1095,0.225,0.46394013672553447,0.46394013672553447
TCGA_ESCA_outer_test,random_survival_forest,0,1095,0.25,0.4450521202361002,0.4450521202361002
TCGA_ESCA_outer_test,random_survival_forest,0,1095,0.275,0.40964001399150035,0.42486148191980844
TCGA_ESCA_outer_test,random_survival_forest,0,1095,0.3,0.38928229738385195,0.403228655152353
TCGA_ESCA_outer_test,random_survival_forest,0,1095,0.325,0.3939807713613669,0.37999339677249344
TCGA_ESCA_outer_test,random_survival_forest,0,1095,0.35,0.3735767878691744,0.3549708108249524
TCGA_ESCA_outer_test,random_survival_forest,0,1095,0.375,0.34552248440022804,0.32794641800160806
TCGA_ESCA_outer_test,random_survival_forest,0,1095,0.4,0.3156408907208951,0.298669992442985
TCGA_ESCA_outer_test,random_survival_forest,0,1095,0.425,0.30067845393510495,0.2668477907488295
TCGA_ESCA_outer_test,random_survival_forest,0,1095,0.45,0.25726414444378115,0.23213266162793272
TCGA_ESCA_outer_test,random_survival_forest,0,1095,0.475,0.22786287188610493,0.19411132973361706
TCGA_ESCA_outer_test,random_survival_forest,0,1095,0.5,0.15984786711030036,0.15228786464986982
TCGA_ESCA_outer_test,random_survival_forest,0,1095,0.525,0.1485430198693534,0.10606192955730709
TCGA_ESCA_outer_test,random_survival_forest,0,1095,0.55,0.15458478054249578,0.054699779454459585
TCGA_ESCA_outer_test,random_survival_forest,0,1095,0.575,0.14542824743048893,-0.0027049765428402983
TCGA_ESCA_outer_test,random_survival_forest,0,1095,0.6,0.09662869361896492,-0.06728532703980294
TCGA_ESCA_outer_test,random_survival_forest,1,365,0.05,0.19575271860359122,0.19575271860359122
TCGA_ESCA_outer_test,random_survival_forest,1,365,0.075,0.17670668650214386,0.17401723056578228
TCGA_ESCA_outer_test,random_survival_forest,1,365,0.1,0.1436152981372956,0.15107421541476174
TCGA_ESCA_outer_test,random_survival_forest,1,365,0.125,0.11093206336414976,0.12682017082654
TCGA_ESCA_outer_test,random_survival_forest,1,365,0.15,0.08060443787756391,0.10113941773312876
TCGA_ESCA_outer_test,random_survival_forest,1,365,0.175,0.06137860422252851,0.07390225536132897
TCGA_ESCA_outer_test,random_survival_forest,1,365,0.2,0.02925644900426999,0.04496277034129165
TCGA_ESCA_outer_test,random_survival_forest,1,365,0.225,0.0025629072100279426,0.01415622177157455
TCGA_ESCA_outer_test,random_survival_forest,1,365,0.25,-0.0026978508642464816,-0.018704096702790357
TCGA_ESCA_outer_test,random_survival_forest,1,365,0.275,-0.010721500581737924,-0.05383064403745633
TCGA_ESCA_outer_test,random_survival_forest,1,365,0.3,-0.013048160662684459,-0.09146623046745553
TCGA_ESCA_outer_test,random_survival_forest,1,365,0.325,-0.009734339899408785,-0.13188963811449175
TCGA_ESCA_outer_test,random_survival_forest,1,365,0.35,-0.012052086753712485,-0.17542253865745375
TCGA_ESCA_outer_test,random_survival_forest,1,365,0.375,-0.02623100742747922,-0.22243807124385293
TCGA_ESCA_outer_test,random_survival_forest,1,365,0.4,-0.035381086527349455,-0.2733715648791186
TCGA_ESCA_outer_test,random_survival_forest,1,365,0.425,-0.014694010920596216,-0.328734057960929
TCGA_ESCA_outer_test,random_survival_forest,1,365,0.45,-0.010837833824559414,-0.3891295049592677
TCGA_ESCA_outer_test,random_survival_forest,1,365,0.475,-0.006002091930297327,-0.4552768992907814
TCGA_ESCA_outer_test,random_survival_forest,1,365,0.5,0.0,-0.5280390330554466
TCGA_ESCA_outer_test,random_survival_forest,1,365,0.525,0.0,-0.6084603387953398
TCGA_ESCA_outer_test,random_survival_forest,1,365,0.55,0.0,-0.6978173451729989
TCGA_ESCA_outer_test,random_survival_forest,1,365,0.575,0.0,-0.7976869405362644
TCGA_ESCA_outer_test,random_survival_forest,1,365,0.6,0.0,-0.9100402353199387
TCGA_ESCA_outer_test,random_survival_forest,1,1095,0.05,0.5659048281645743,0.5659048281645743
TCGA_ESCA_outer_test,random_survival_forest,1,1095,0.075,0.5536427624273782,0.5536427624273782
TCGA_ESCA_outer_test,random_survival_forest,1,1095,0.1,0.5406994708158933,0.5406994708158933
TCGA_ESCA_outer_test,random_survival_forest,1,1095,0.125,0.5270165625408951,0.5270165625408951
TCGA_ESCA_outer_test,random_survival_forest,1,1095,0.15,0.5125287773085441,0.5125287773085441
TCGA_ESCA_outer_test,random_survival_forest,1,1095,0.175,0.49716294448635345,0.49716294448635345
TCGA_ESCA_outer_test,random_survival_forest,1,1095,0.2,0.480836747112776,0.480836747112776
TCGA_ESCA_outer_test,random_survival_forest,1,1095,0.225,0.43955039883624003,0.4634572466828387
TCGA_ESCA_outer_test,random_survival_forest,1,1095,0.25,0.4210122650443069,0.4449191128909056
TCGA_ESCA_outer_test,random_survival_forest,1,1095,0.275,0.4011956392667232,0.4251024871133219
TCGA_ESCA_outer_test,random_survival_forest,1,1095,0.3,0.3799635402193121,0.4038703880659108
TCGA_ESCA_outer_test,random_survival_forest,1,1095,0.325,0.3571586930943151,0.38106554094091377
TCGA_ESCA_outer_test,random_survival_forest,1,1095,0.35,0.3218157642849555,0.3565064748063015
TCGA_ESCA_outer_test,random_survival_forest,1,1095,0.375,0.27716331445638387,0.3299826833809203
TCGA_ESCA_outer_test,random_survival_forest,1,1095,0.4,0.24293470158438202,0.3012485760034239
TCGA_ESCA_outer_test,random_survival_forest,1,1095,0.425,0.21170197617405995,0.27001585059310185
TCGA_ESCA_outer_test,random_survival_forest,1,1095,0.45,0.17762991209007228,0.23594378650911418
TCGA_ESCA_outer_test,random_survival_forest,1,1095,0.475,0.20047484407106236,0.1986267639409371
TCGA_ESCA_outer_test,random_survival_forest,1,1095,0.5,0.17933311840922633,0.15757803911594231
TCGA_ESCA_outer_test,random_survival_forest,1,1095,0.525,0.20237293183211824,0.11220839588831649
TCGA_ESCA_outer_test,random_survival_forest,1,1095,0.55,0.12072160435355922,0.06179768119095452
TCGA_ESCA_outer_test,random_survival_forest,1,1095,0.575,0.08106843070716518,0.005456294176255927
TCGA_ESCA_outer_test,random_survival_forest,1,1095,0.6,0.02623631673739696,-0.05792776621528006
TCGA_ESCA_outer_test,random_survival_forest,2,365,0.05,0.19601620363228944,0.19601620363228944
TCGA_ESCA_outer_test,random_survival_forest,2,365,0.075,0.17425411149844106,0.17425411149844106
TCGA_ESCA_outer_test,random_survival_forest,2,365,0.1,0.15128301424604557,0.15128301424604557
TCGA_ESCA_outer_test,random_survival_forest,2,365,0.125,0.12699928286494175,0.12699928286494175
TCGA_ESCA_outer_test,random_survival_forest,2,365,0.15,0.11010229938406788,0.10128709669671418
TCGA_ESCA_outer_test,random_survival_forest,2,365,0.175,0.0844596315424617,0.07401659621526069
TCGA_ESCA_outer_test,random_survival_forest,2,365,0.2,0.03639957894626075,0.045041689453716366
TCGA_ESCA_outer_test,random_survival_forest,2,365,0.225,0.024415972278194156,0.014197433868846587
TCGA_ESCA_outer_test,random_survival_forest,2,365,0.25,0.00012116582034489565,-0.018703105421681132
TCGA_ESCA_outer_test,random_survival_forest,2,365,0.275,0.00030490768962961046,-0.05387264742190051
TCGA_ESCA_outer_test,random_survival_forest,2,365,0.3,-1.8689031815108392e-06,-0.09155429956499261
TCGA_ESCA_outer_test,random_survival_forest,2,365,0.325,-0.001556683070127695,-0.1320271852001656
TCGA_ESCA_outer_test,random_survival_forest,2,365,0.35,-0.007287395473399986,-0.1756133697303519
TCGA_ESCA_outer_test,random_survival_forest,2,365,0.375,0.0,-0.2226864490229532
TCGA_ESCA_outer_test,random_survival_forest,2,365,0.4,0.0,-0.2736822849232713
TCGA_ESCA_outer_test,random_survival_forest,2,365,0.425,0.0,-0.32911254133666046
TCGA_ESCA_outer_test,random_survival_forest,2,365,0.45,0.0,-0.38958191196944847
TCGA_ESCA_outer_test,random_survival_forest,2,365,0.475,0.0,-0.45581027028154975
TCGA_ESCA_outer_test,random_survival_forest,2,365,0.5,0.0,-0.5286614644248613
TCGA_ESCA_outer_test,random_survival_forest,2,365,0.525,0.0,-0.6091812053201003
TCGA_ESCA_outer_test,random_survival_forest,2,365,0.55,0.0,-0.6986475840925881
TCGA_ESCA_outer_test,random_survival_forest,2,365,0.575,0.0,-0.7986394191912506
TCGA_ESCA_outer_test,random_survival_forest,2,365,0.6,0.0,-0.9111302336772463
TCGA_ESCA_outer_test,random_survival_forest,2,1095,0.05,0.5725853258189347,0.5725853258189347
TCGA_ESCA_outer_test,random_survival_forest,2,1095,0.075,0.5605376619614937,0.5605376619614937
TCGA_ESCA_outer_test,random_survival_forest,2,1095,0.1,0.5478206834453059,0.5478206834453059
TCGA_ESCA_outer_test,random_survival_forest,2,1095,0.125,0.5343770204424788,0.5343770204424788
TCGA_ESCA_outer_test,random_survival_forest,2,1095,0.15,0.520142553733603,0.520142553733603
TCGA_ESCA_outer_test,random_survival_forest,2,1095,0.175,0.5050453920726742,0.5050453920726742
TCGA_ESCA_outer_test,random_survival_forest,2,1095,0.2,0.4890046578079372,0.4890046578079372
TCGA_ESCA_outer_test,random_survival_forest,2,1095,0.225,0.4719290374616044,0.4719290374616044
TCGA_ESCA_outer_test,random_survival_forest,2,1095,0.25,0.4537150424255161,0.4537150424255161
TCGA_ESCA_outer_test,random_survival_forest,2,1095,0.275,0.43424490980073194,0.43424490980073194
TCGA_ESCA_outer_test,random_survival_forest,2,1095,0.3,0.41338405341703477,0.41338405341703477
TCGA_ESCA_outer_test,random_survival_forest,2,1095,0.325,0.3909779484123229,0.3909779484123229
TCGA_ESCA_outer_test,random_survival_forest,2,1095,0.35,0.36684829686878706,0.36684829686878706
TCGA_ESCA_outer_test,random_survival_forest,2,1095,0.375,0.34078827320176835,0.34078827320176835
TCGA_ESCA_outer_test,random_survival_forest,2,1095,0.4,0.3125565808958314,0.3125565808958314
TCGA_ESCA_outer_test,random_survival_forest,2,1095,0.425,0.28186995882416077,0.28186995882416077
TCGA_ESCA_outer_test,random_survival_forest,2,1095,0.45,0.28722619135321464,0.24839364383688378
TCGA_ESCA_outer_test,random_survival_forest,2,1095,0.475,0.28470101230898687,0.2117291083746281
TCGA_ESCA_outer_test,random_survival_forest,2,1095,0.5,0.24965726625592277,0.17139811936614668
TCGA_ESCA_outer_test,random_survival_forest,2,1095,0.525,0.22243652565757105,0.1268217630936146
TCGA_ESCA_outer_test,random_survival_forest,2,1095,0.55,0.15673007861115285,0.07729247834635677
TCGA_ESCA_outer_test,random_survival_forest,2,1095,0.575,0.07369160506607159,0.02193621892295128
TCGA_ESCA_outer_test,random_survival_forest,2,1095,0.6,0.03840749830913834,-0.040339572928380196
TCGA_ESCA_outer_test,random_survival_forest,3,365,0.05,0.19561951994080845,0.19561951994080845
TCGA_ESCA_outer_test,random_survival_forest,3,365,0.075,0.1743846076773926,0.17384024068605686
TCGA_ESCA_outer_test,random_survival_forest,3,365,0.1,0.14656900080180396,0.15085100147270794
TCGA_ESCA_outer_test,random_survival_forest,3,365,0.125,0.13154057397552438,0.12654809144716767
TCGA_ESCA_outer_test,random_survival_forest,3,365,0.15,0.1053141426030237,0.10081559847894855
TCGA_ESCA_outer_test,random_survival_forest,3,365,0.175,0.0681230131853337,0.0735235604823525
TCGA_ESCA_outer_test,random_survival_forest,3,365,0.2,0.042253554615723,0.044525770110969254
TCGA_ESCA_outer_test,random_survival_forest,3,365,0.225,0.022453295116742003,0.013657154554335471
TCGA_ESCA_outer_test,random_survival_forest,3,365,0.25,0.010400732683120195,-0.019269368706073958
TCGA_ESCA_outer_test,random_survival_forest,3,365,0.275,0.0014267983483369912,-0.05446668667409785
TCGA_ESCA_outer_test,random_survival_forest,3,365,0.3,0.005434816712295273,-0.09217809878269476
TCGA_ESCA_outer_test,random_survival_forest,3,365,0.325,0.006491389263158464,-0.13268294882526185
TCGA_ESCA_outer_test,random_survival_forest,3,365,0.35,-0.006214931900376754,-0.1763035565634111
TCGA_ESCA_outer_test,random_survival_forest,3,365,0.375,-0.0042500249887368734,-0.22341381292061227
TCGA_ESCA_outer_test,random_survival_forest,3,365,0.4,-0.0016502271725864267,-0.27444992397424695
TCGA_ESCA_outer_test,random_survival_forest,3,365,0.425,0.0,-0.3299239577281975
TCGA_ESCA_outer_test,random_survival_forest,3,365,0.45,0.0,-0.39044108545977985
TCGA_ESCA_outer_test,random_survival_forest,3,365,0.475,0.0,-0.4567217491657988
TCGA_ESCA_outer_test,random_survival_forest,3,365,0.5,0.0,-0.5296304792424197
TCGA_ESCA_outer_test,random_survival_forest,3,365,0.525,0.0,-0.6102138124850006
TCGA_ESCA_outer_test,random_survival_forest,3,365,0.55,0.0,-0.6997508494212017
TCGA_ESCA_outer_test,random_survival_forest,3,365,0.575,0.0,-0.7998216554087201
TCGA_ESCA_outer_test,random_survival_forest,3,365,0.6,0.0,-0.9124013121446788
TCGA_ESCA_outer_test,random_survival_forest,3,1095,0.05,0.5679134763873336,0.5679134763873336
TCGA_ESCA_outer_test,random_survival_forest,3,1095,0.075,0.5556100674800062,0.5556100674800062
TCGA_ESCA_outer_test,random_survival_forest,3,1095,0.1,0.5426231358556051,0.5426231358556051
TCGA_ESCA_outer_test,random_survival_forest,3,1095,0.125,0.5288940938526666,0.5288940938526666
TCGA_ESCA_outer_test,random_survival_forest,3,1095,0.15,0.5143574611436731,0.5143574611436731
TCGA_ESCA_outer_test,random_survival_forest,3,1095,0.175,0.4989398203917102,0.4989398203917102
TCGA_ESCA_outer_test,random_survival_forest,3,1095,0.2,0.48255857709274963,0.48255857709274963
TCGA_ESCA_outer_test,random_survival_forest,3,1095,0.225,0.46512047938740453,0.46512047938740453
TCGA_ESCA_outer_test,random_survival_forest,3,1095,0.25,0.44651984183503635,0.44651984183503635
TCGA_ESCA_outer_test,random_survival_forest,3,1095,0.275,0.4266364016928498,0.4266364016928498
TCGA_ESCA_outer_test,random_survival_forest,3,1095,0.3,0.4053327158262212,0.4053327158262212
TCGA_ESCA_outer_test,random_survival_forest,3,1095,0.325,0.39448791624944857,0.3824509791546573
TCGA_ESCA_outer_test,random_survival_forest,3,1095,0.35,0.36631106259306223,0.357809108892973
TCGA_ESCA_outer_test,random_survival_forest,3,1095,0.375,0.3314215546837168,0.331195889010354
TCGA_ESCA_outer_test,random_survival_forest,3,1095,0.4,0.29326465377483124,0.3023649008041833
TCGA_ESCA_outer_test,random_survival_forest,3,1095,0.425,0.2536481525383085,0.2710268701453023
TCGA_ESCA_outer_test,random_survival_forest,3,1095,0.45,0.223413746353544,0.23683992760834116
TCGA_ESCA_outer_test,random_survival_forest,3,1095,0.475,0.17355230294267693,0.1993970857821456
TCGA_ESCA_outer_test,random_survival_forest,3,1095,0.5,0.09783665668812719,0.1582099597733304
TCGA_ESCA_outer_test,random_survival_forest,3,1095,0.525,0.058116478864314425,0.11268734681621889
TCGA_ESCA_outer_test,random_survival_forest,3,1095,0.55,0.08687346681450042,0.06210666575276169
TCGA_ESCA_outer_test,random_survival_forest,3,1095,0.575,0.057591083987187375,0.005575316328897961
TCGA_ESCA_outer_test,random_survival_forest,3,1095,0.6,-0.01088287850825631,-0.05802245177294896
TCGA_ESCA_outer_test,random_survival_forest,4,365,0.05,0.1956361450224554,0.1956361450224554
TCGA_ESCA_outer_test,random_survival_forest,4,365,0.075,0.16849995180138774,0.17388560540124234
TCGA_ESCA_outer_test,random_survival_forest,4,365,0.1,0.14593691035147757,0.15092670246773965
TCGA_ESCA_outer_test,random_survival_forest,4,365,0.125,0.12131791411162363,0.12665586222375108
TCGA_ESCA_outer_test,random_survival_forest,4,365,0.15,0.10049900253375404,0.100957325494822
TCGA_ESCA_outer_test,random_survival_forest,4,365,0.175,0.07821439890257759,0.07370130169141237
TCGA_ESCA_outer_test,random_survival_forest,4,365,0.2,0.04835879122869116,0.044741776400289646
TCGA_ESCA_outer_test,random_survival_forest,4,365,0.225,0.0244478510576661,0.013913894638771906
TCGA_ESCA_outer_test,random_survival_forest,4,365,0.25,0.015047508194849568,-0.01896917924018035
TCGA_ESCA_outer_test,random_survival_forest,4,365,0.275,0.023799121832030076,-0.05412005131768108
TCGA_ESCA_outer_test,random_survival_forest,4,365,0.3,0.010647012476487382,-0.09178169997214605
TCGA_ESCA_outer_test,random_survival_forest,4,365,0.325,0.0006711876297763354,-0.13223310037879368
TCGA_ESCA_outer_test,random_survival_forest,4,365,0.35,-0.008472441062984771,-0.17579614697056803
TCGA_ESCA_outer_test,random_survival_forest,4,365,0.375,-0.006078493927991622,-0.22284423728968436
TCGA_ESCA_outer_test,random_survival_forest,4,365,0.4,-0.004425499330123758,-0.2738130018020605
TCGA_ESCA_outer_test,random_survival_forest,4,365,0.425,0.0,-0.3292138327937735
TCGA_ESCA_outer_test,random_survival_forest,4,365,0.45,0.0,-0.38965110296655125
TCGA_ESCA_outer_test,random_survival_forest,4,365,0.475,0.0,-0.4558443036319746
TCGA_ESCA_outer_test,random_survival_forest,4,365,0.5,0.0,-0.5286568243639403
TCGA_ESCA_outer_test,random_survival_forest,4,365,0.525,0.0,-0.6091338209624289
TCGA_ESCA_outer_test,random_survival_forest,4,365,0.55,0.0,-0.6985527060718605
TCGA_ESCA_outer_test,random_survival_forest,4,365,0.575,0.0,-0.7984914600176953
TCGA_ESCA_outer_test,random_survival_forest,4,365,0.6,0.0,-0.9109225582067602
TCGA_ESCA_outer_test,random_survival_forest,4,1095,0.05,0.5662521397886068,0.5662521397886068
TCGA_ESCA_outer_test,random_survival_forest,4,1095,0.075,0.5539380733227813,0.5539380733227813
TCGA_ESCA_outer_test,random_survival_forest,4,1095,0.1,0.540939892053299,0.540939892053299
TCGA_ESCA_outer_test,random_survival_forest,4,1095,0.125,0.5271989575684175,0.5271989575684175
TCGA_ESCA_outer_test,random_survival_forest,4,1095,0.15,0.5126497328197196,0.5126497328197196
TCGA_ESCA_outer_test,random_survival_forest,4,1095,0.175,0.4972187368741309,0.4972187368741309
TCGA_ESCA_outer_test,random_survival_forest,4,1095,0.2,0.4808233036819428,0.4808233036819428
TCGA_ESCA_outer_test,random_survival_forest,4,1095,0.225,0.46337010060638784,0.46337010060638784
TCGA_ESCA_outer_test,random_survival_forest,4,1095,0.25,0.44475335065912913,0.44475335065912913
TCGA_ESCA_outer_test,random_survival_forest,4,1095,0.275,0.4248526869224043,0.4248526869224043
TCGA_ESCA_outer_test,random_survival_forest,4,1095,0.3,0.4035305472044849,0.4035305472044849
TCGA_ESCA_outer_test,random_survival_forest,4,1095,0.325,0.3806289897296826,0.3806289897296826
TCGA_ESCA_outer_test,random_survival_forest,4,1095,0.35,0.3559657739875878,0.3559657739875878
TCGA_ESCA_outer_test,random_survival_forest,4,1095,0.375,0.32932950098612535,0.32932950098612535
TCGA_ESCA_outer_test,random_survival_forest,4,1095,0.4,0.3161887732611183,0.3004735385678744
TCGA_ESCA_outer_test,random_survival_forest,4,1095,0.425,0.26851733693883945,0.26910836202629723
TCGA_ESCA_outer_test,random_survival_forest,4,1095,0.45,0.23208294953752712,0.23489180579912228
TCGA_ESCA_outer_test,random_survival_forest,4,1095,0.475,0.1801113816626137,0.1974165299312639
TCGA_ESCA_outer_test,random_survival_forest,4,1095,0.5,0.10144108345481756,0.15619372647661967
TCGA_ESCA_outer_test,random_survival_forest,4,1095,0.525,0.09516479733600353,0.11063168055306549
TCGA_ESCA_outer_test,random_survival_forest,4,1095,0.55,0.10265879347781148,0.06000718508244973
TCGA_ESCA_outer_test,random_survival_forest,4,1095,0.575,0.14541335652987225,0.0034268666152912353
TCGA_ESCA_outer_test,random_survival_forest,4,1095,0.6,0.06265782115269067,-0.060225991660262435
TCGA_ESCA_outer_test,random_survival_forest,5,365,0.05,0.19623843871797114,0.19589743857575062
TCGA_ESCA_outer_test,random_survival_forest,5,365,0.075,0.16342772659792235,0.17413413410127
TCGA_ESCA_outer_test,random_survival_forest,5,365,0.1,0.1363307890741819,0.15116175715598484
TCGA_ESCA_outer_test,random_survival_forest,5,365,0.125,0.11498931480109147,0.12687667295668342
TCGA_ESCA_outer_test,random_survival_forest,5,365,0.15,0.09243263138919618,0.1011630543927172
TCGA_ESCA_outer_test,random_survival_forest,5,365,0.175,0.06927271712015975,0.07389103470366212
TCGA_ESCA_outer_test,random_survival_forest,5,365,0.2,0.04886618228722289,0.0449145137840411
TCGA_ESCA_outer_test,random_survival_forest,5,365,0.225,0.002927299445652745,0.014068539901863908
TCGA_ESCA_outer_test,random_survival_forest,5,365,0.25,0.010469788265261737,-0.01883383223912513
TCGA_ESCA_outer_test,random_survival_forest,5,365,0.275,0.011932231092070616,-0.05400533349328587
TCGA_ESCA_outer_test,random_survival_forest,5,365,0.3,0.0017290309597171316,-0.09168908483702945
TCGA_ESCA_outer_test,random_survival_forest,5,365,0.325,-0.005617477712937698,-0.13216422516919843
TCGA_ESCA_outer_test,random_survival_forest,5,365,0.35,-0.004642052587598741,-0.1757528378346113
TCGA_ESCA_outer_test,random_survival_forest,5,365,0.375,-0.004695988362128499,-0.22282853951325712
TCGA_ESCA_outer_test,random_survival_forest,5,365,0.4,-0.007857241980318817,-0.2738272163317902
TCGA_ESCA_outer_test,random_survival_forest,5,365,0.425,-0.009861850276985,-0.32926056069976084
TCGA_ESCA_outer_test,random_survival_forest,5,365,0.45,-0.005469641915167293,-0.3897333000102742
TCGA_ESCA_outer_test,random_survival_forest,5,365,0.475,0.0,-0.45596534782655074
TCGA_ESCA_outer_test,random_survival_forest,5,365,0.5,0.0,-0.5288206004244551
TCGA_ESCA_outer_test,random_survival_forest,5,365,0.525,0.0,-0.6093448269800337
TCGA_ESCA_outer_test,random_survival_forest,5,365,0.55,0.0,-0.6988161898195653
TCGA_ESCA_outer_test,random_survival_forest,5,365,0.575,0.0,-0.7988135953461001
TCGA_ESCA_outer_test,random_survival_forest,5,365,0.6,0.0,-0.9113106765634525
TCGA_ESCA_outer_test,random_survival_forest,5,1095,0.05,0.5732042075425395,0.5732042075425395
TCGA_ESCA_outer_test,random_survival_forest,5,1095,0.075,0.5608097756105387,0.5608097756105387
TCGA_ESCA_outer_test,random_survival_forest,5,1095,0.1,0.54772676412676,0.54772676412676
TCGA_ESCA_outer_test,random_survival_forest,5,1095,0.125,0.5338961519867653,0.5338961519867653
TCGA_ESCA_outer_test,random_survival_forest,5,1095,0.15,0.5192519744267711,0.5192519744267711
TCGA_ESCA_outer_test,random_survival_forest,5,1095,0.175,0.5037202709540498,0.5037202709540498
TCGA_ESCA_outer_test,random_survival_forest,5,1095,0.2,0.48721783601428353,0.48721783601428353
TCGA_ESCA_outer_test,random_survival_forest,5,1095,0.225,0.4696507278525968,0.4696507278525968
TCGA_ESCA_outer_test,random_survival_forest,5,1095,0.25,0.45091247914679766,0.45091247914679766
TCGA_ESCA_outer_test,random_survival_forest,5,1095,0.275,0.4308819374268055,0.4308819374268055
TCGA_ESCA_outer_test,random_survival_forest,5,1095,0.3,0.42040360042338343,0.4094206427268138
TCGA_ESCA_outer_test,random_survival_forest,5,1095,0.325,0.4017640835821826,0.3863696224934895
TCGA_ESCA_outer_test,random_survival_forest,5,1095,0.35,0.3580013376197668,0.3615454468576017
TCGA_ESCA_outer_test,random_survival_forest,5,1095,0.375,0.3299099368645636,0.33473533717084286
TCGA_ESCA_outer_test,random_survival_forest,5,1095,0.4,0.3064241456446506,0.3056910516768541
TCGA_ESCA_outer_test,random_survival_forest,5,1095,0.425,0.28089611170996237,0.2741211761399099
TCGA_ESCA_outer_test,random_survival_forest,5,1095,0.45,0.2530473474175754,0.23968131191778902
TCGA_ESCA_outer_test,random_survival_forest,5,1095,0.475,0.21689452017510819,0.20196146062689457
TCGA_ESCA_outer_test,random_survival_forest,5,1095,0.5,0.21477564514610964,0.1604696242069107
TCGA_ESCA_outer_test,random_survival_forest,5,1095,0.525,0.11846291031165562,0.1146102260585074
TCGA_ESCA_outer_test,random_survival_forest,5,1095,0.55,0.03223587618339441,0.06365533922694833
TCGA_ESCA_outer_test,random_survival_forest,5,1095,0.575,-0.009689232748212706,0.0067057598269706364
TCGA_ESCA_outer_test,random_survival_forest,5,1095,0.6,-0.024230509742809048,-0.05736251699800454
TCGA_ESCA_outer_test,random_survival_forest,6,365,0.05,0.19572563707282267,0.19572563707282267
TCGA_ESCA_outer_test,random_survival_forest,6,365,0.075,0.17393939007034137,0.17393939007034137
TCGA_ESCA_outer_test,random_survival_forest,6,365,0.1,0.14766445148299318,0.15094279601216667
TCGA_ESCA_outer_test,random_survival_forest,6,365,0.125,0.11694782445725935,0.1266321108649534
TCGA_ESCA_outer_test,random_survival_forest,6,365,0.15,0.08329812343227005,0.10089138541496293
TCGA_ESCA_outer_test,random_survival_forest,6,365,0.175,0.06726104176824046,0.07359061599830632
TCGA_ESCA_outer_test,random_survival_forest,6,365,0.2,0.041980569000357085,0.04458354849310869
TCGA_ESCA_outer_test,random_survival_forest,6,365,0.225,0.025338991526311416,0.013705057277898336
TCGA_ESCA_outer_test,random_survival_forest,6,365,0.25,0.016582752853674554,-0.019232000018326117
TCGA_ESCA_outer_test,random_survival_forest,6,365,0.275,0.020575239821790506,-0.05444057850739362
TCGA_ESCA_outer_test,random_survival_forest,6,365,0.3,0.002469327262512165,-0.0921640554599659
TCGA_ESCA_outer_test,random_survival_forest,6,365,0.325,-0.005327823961758842,-0.1326818640386546
TCGA_ESCA_outer_test,random_survival_forest,6,365,0.35,-0.0016020351636807113,-0.17631642712339637
TCGA_ESCA_outer_test,random_survival_forest,6,365,0.375,-0.0024310114295943786,-0.22344175525491747
TCGA_ESCA_outer_test,random_survival_forest,6,365,0.4,-0.004490288107032363,-0.2744941940640653
TCGA_ESCA_outer_test,random_survival_forest,6,365,0.425,0.0,-0.3299859753783564
TCGA_ESCA_outer_test,random_survival_forest,6,365,0.45,0.0,-0.3905224640848557
TCGA_ESCA_outer_test,random_survival_forest,6,365,0.475,0.0,-0.4568243326681646
TCGA_ESCA_outer_test,random_survival_forest,6,365,0.5,0.0,-0.5297563881098044
TCGA_ESCA_outer_test,random_survival_forest,6,365,0.525,0.0,-0.6103655020189852
TCGA_ESCA_outer_test,random_survival_forest,6,365,0.55,0.0,-0.6999311841402973
TCGA_ESCA_outer_test,random_survival_forest,6,365,0.575,0.0,-0.8000340053347045
TCGA_ESCA_outer_test,random_survival_forest,6,365,0.6,0.0,-0.912649679178413
TCGA_ESCA_outer_test,random_survival_forest,6,1095,0.05,0.5705855207587811,0.5705855207587811
TCGA_ESCA_outer_test,random_survival_forest,6,1095,0.075,0.5578032542901508,0.5578032542901508
TCGA_ESCA_outer_test,random_survival_forest,6,1095,0.1,0.5443108619065965,0.5443108619065965
TCGA_ESCA_outer_test,random_survival_forest,6,1095,0.125,0.5300474756725534,0.5300474756725534
TCGA_ESCA_outer_test,random_survival_forest,6,1095,0.15,0.5149450667188606,0.5149450667188606
TCGA_ESCA_outer_test,random_survival_forest,6,1095,0.175,0.4989273602528229,0.4989273602528229
TCGA_ESCA_outer_test,random_survival_forest,6,1095,0.2,0.4819085471326578,0.4819085471326578
TCGA_ESCA_outer_test,random_survival_forest,6,1095,0.225,0.46379174606925627,0.46379174606925627
TCGA_ESCA_outer_test,random_survival_forest,6,1095,0.25,0.44446715826829464,0.44446715826829464
TCGA_ESCA_outer_test,random_survival_forest,6,1095,0.275,0.42380984027416324,0.42380984027416324
TCGA_ESCA_outer_test,random_survival_forest,6,1095,0.3,0.4016769995661653,0.4016769995661653
TCGA_ESCA_outer_test,random_survival_forest,6,1095,0.325,0.3726614356876419,0.37790468917609343
TCGA_ESCA_outer_test,random_survival_forest,6,1095,0.35,0.3483748787663,0.35230373952524685
TCGA_ESCA_outer_test,random_survival_forest,6,1095,0.375,0.3094648359928756,0.3246547139023324
TCGA_ESCA_outer_test,random_survival_forest,6,1095,0.4,0.26371119666737686,0.29470160281084185
TCGA_ESCA_outer_test,random_survival_forest,6,1095,0.425,0.23282503188697468,0.26214387336356954
TCGA_ESCA_outer_test,random_survival_forest,6,1095,0.45,0.21800451863792447,0.22662635033018158
TCGA_ESCA_outer_test,random_survival_forest,6,1095,0.475,0.2287027993475767,0.18772620605551854
TCGA_ESCA_outer_test,random_survival_forest,6,1095,0.5,0.2186086710135554,0.14493604735338916
TCGA_ESCA_outer_test,random_survival_forest,6,1095,0.525,0.12432221221015116,0.09764166141945668
TCGA_ESCA_outer_test,random_survival_forest,6,1095,0.55,0.1295323159216461,0.0450923437150873
TCGA_ESCA_outer_test,random_survival_forest,6,1095,0.575,0.1188742043008354,-0.013639246660384186
TCGA_ESCA_outer_test,random_survival_forest,6,1095,0.6,0.08406785235576628,-0.07971228583278989
TCGA_ESCA_outer_test,random_survival_forest,7,365,0.05,0.19685926315439747,0.19685926315439747
TCGA_ESCA_outer_test,random_survival_forest,7,365,0.075,0.17668545924152224,0.17508008897767047
TCGA_ESCA_outer_test,random_survival_forest,7,365,0.1,0.15358583106159307,0.15209096068001413
TCGA_ESCA_outer_test,random_survival_forest,7,365,0.125,0.13629064521750528,0.12778816790820602
TCGA_ESCA_outer_test,random_survival_forest,7,365,0.15,0.09950785966636395,0.10205579909099746
TCGA_ESCA_outer_test,random_survival_forest,7,365,0.175,0.06437188319220036,0.07476389276971562
TCGA_ESCA_outer_test,random_survival_forest,7,365,0.2,0.02988622158545784,0.04576624230335369
TCGA_ESCA_outer_test,random_survival_forest,7,365,0.225,-0.007386325577275851,0.014897775677871622
TCGA_ESCA_outer_test,random_survival_forest,7,365,0.25,0.0017300571183598706,-0.018028588722642597
TCGA_ESCA_outer_test,random_survival_forest,7,365,0.275,0.02354733904201769,-0.05322573687491641
TCGA_ESCA_outer_test,random_survival_forest,7,365,0.3,0.0027520034167324084,-0.09093696703806689
TCGA_ESCA_outer_test,random_survival_forest,7,365,0.325,0.0036887655566907596,-0.131441621657747
TCGA_ESCA_outer_test,random_survival_forest,7,365,0.35,0.001433679248067081,-0.17506201894047954
TCGA_ESCA_outer_test,random_survival_forest,7,365,0.375,0.005924276449799624,-0.22217204800583065
TCGA_ESCA_outer_test,random_survival_forest,7,365,0.4,-0.0030483258599814994,-0.2732079128266277
TCGA_ESCA_outer_test,random_survival_forest,7,365,0.425,-0.00398957206810517,-0.3286816789361897
TCGA_ESCA_outer_test,random_survival_forest,7,365,0.45,0.005611139254756275,-0.38919851469207545
TCGA_ESCA_outer_test,random_survival_forest,7,365,0.475,0.0,-0.45547885861518833
TCGA_ESCA_outer_test,random_survival_forest,7,365,0.5,0.0,-0.5283872369306127
TCGA_ESCA_outer_test,random_survival_forest,7,365,0.525,0.0,-0.6089701813845029
TCGA_ESCA_outer_test,random_survival_forest,7,365,0.55,0.0,-0.6985067863332696
TCGA_ESCA_outer_test,random_survival_forest,7,365,0.575,0.0,-0.7985771095113026
TCGA_ESCA_outer_test,random_survival_forest,7,365,0.6,0.0,-0.9111562230865902
TCGA_ESCA_outer_test,random_survival_forest,7,1095,0.05,0.5683036589434585,0.5683036589434585
TCGA_ESCA_outer_test,random_survival_forest,7,1095,0.075,0.5565009108543498,0.5565009108543498
TCGA_ESCA_outer_test,random_survival_forest,7,1095,0.1,0.5440424545380684,0.5440424545380684
TCGA_ESCA_outer_test,random_survival_forest,7,1095,0.125,0.5308720864322852,0.5308720864322852
TCGA_ESCA_outer_test,random_survival_forest,7,1095,0.15,0.5169269907908677,0.5169269907908677
TCGA_ESCA_outer_test,random_survival_forest,7,1095,0.175,0.5021367378378492,0.5021367378378492
TCGA_ESCA_outer_test,random_survival_forest,7,1095,0.2,0.48642209407526693,0.48642209407526693
TCGA_ESCA_outer_test,random_survival_forest,7,1095,0.225,0.46969360232800195,0.46969360232800195
TCGA_ESCA_outer_test,random_survival_forest,7,1095,0.25,0.451849877797586,0.451849877797586
TCGA_ESCA_outer_test,random_survival_forest,7,1095,0.275,0.43277555157541725,0.43277555157541725
TCGA_ESCA_outer_test,random_survival_forest,7,1095,0.3,0.4123387734802364,0.4123387734802364
TCGA_ESCA_outer_test,random_survival_forest,7,1095,0.325,0.3903881599705978,0.3903881599705978
TCGA_ESCA_outer_test,random_survival_forest,7,1095,0.35,0.36063126189540856,0.3667490377294485
TCGA_ESCA_outer_test,random_survival_forest,7,1095,0.375,0.3290291942015608,0.34121878570900716
TCGA_ESCA_outer_test,random_survival_forest,7,1095,0.4,0.30137142117941607,0.31356101268686243
TCGA_ESCA_outer_test,random_survival_forest,7,1095,0.425,0.2247311494773051,0.28349821592366165
TCGA_ESCA_outer_test,random_survival_forest,7,1095,0.45,0.1760423531763689,0.2507024376365336
TCGA_ESCA_outer_test,random_survival_forest,7,1095,0.475,0.1760381664694715,0.2147832518934885
TCGA_ESCA_outer_test,random_survival_forest,7,1095,0.5,0.1267224456775522,0.1752721475761389
TCGA_ESCA_outer_test,random_survival_forest,7,1095,0.525,0.1225946614547761,0.13160197964643672
TCGA_ESCA_outer_test,random_survival_forest,7,1095,0.55,0.10479547467330697,0.08307957083565642
TCGA_ESCA_outer_test,random_survival_forest,7,1095,0.575,0.0785690536838694,0.028848643341255253
TCGA_ESCA_outer_test,random_survival_forest,7,1095,0.6,0.0604089760693263,-0.032161150089946355
TCGA_ESCA_outer_test,random_survival_forest,8,365,0.05,0.19559642990338,0.19559642990338
TCGA_ESCA_outer_test,random_survival_forest,8,365,0.075,0.17384546180618615,0.17384546180618615
TCGA_ESCA_outer_test,random_survival_forest,8,365,0.1,0.15088610659248153,0.15088610659248153
TCGA_ESCA_outer_test,random_survival_forest,8,365,0.125,0.12940609329214703,0.12661478822370809
TCGA_ESCA_outer_test,random_survival_forest,8,365,0.15,0.10587109679928221,0.10091574524500677
TCGA_ESCA_outer_test,random_survival_forest,8,365,0.175,0.08471461565901248,0.07365918451002054
TCGA_ESCA_outer_test,random_survival_forest,8,365,0.2,0.05318614584833087,0.04469908872909767
TCGA_ESCA_outer_test,random_survival_forest,8,365,0.225,0.024124026809822605,0.0138705996719862
TCGA_ESCA_outer_test,random_survival_forest,8,365,0.25,0.006809288675075603,-0.019013121988932652
TCGA_ESCA_outer_test,random_survival_forest,8,365,0.275,0.0065964339470857905,-0.054164686523018396
TCGA_ESCA_outer_test,random_survival_forest,8,365,0.3,0.00023784733985215967,-0.09182707709525303
TCGA_ESCA_outer_test,random_survival_forest,8,365,0.325,0.006632283289099299,-0.1322792743765421
TCGA_ESCA_outer_test,random_survival_forest,8,365,0.35,-0.0016009469821756366,-0.17584317914100725
TCGA_ESCA_outer_test,random_survival_forest,8,365,0.375,-0.003907827095814516,-0.22289219628662968
TCGA_ESCA_outer_test,random_survival_forest,8,365,0.4,0.0,-0.27386196486105396
TCGA_ESCA_outer_test,random_survival_forest,8,365,0.425,0.0,-0.32926388722455857
TCGA_ESCA_outer_test,random_survival_forest,8,365,0.45,0.0,-0.38970234798474546
TCGA_ESCA_outer_test,random_survival_forest,8,365,0.475,0.0,-0.45589685262685475
TCGA_ESCA_outer_test,random_survival_forest,8,365,0.5,0.0,-0.5287108077331752
TCGA_ESCA_outer_test,random_survival_forest,8,365,0.525,0.0,-0.6091893896927926
TCGA_ESCA_outer_test,random_survival_forest,8,365,0.55,0.0,-0.6986100363145896
TCGA_ESCA_outer_test,random_survival_forest,8,365,0.575,0.0,-0.7985507590095388
TCGA_ESCA_outer_test,random_survival_forest,8,365,0.6,0.0,-0.910984072041357
TCGA_ESCA_outer_test,random_survival_forest,8,1095,0.05,0.5686816879181005,0.5686816879181005
TCGA_ESCA_outer_test,random_survival_forest,8,1095,0.075,0.5562998287964593,0.5562998287964593
TCGA_ESCA_outer_test,random_survival_forest,8,1095,0.1,0.5432300886125048,0.5432300886125048
TCGA_ESCA_outer_test,random_survival_forest,8,1095,0.125,0.5294135061323242,0.5294135061323242
TCGA_ESCA_outer_test,random_survival_forest,8,1095,0.15,0.5147841835062507,0.5147841835062507
TCGA_ESCA_outer_test,random_survival_forest,8,1095,0.175,0.4992682352664757,0.4992682352664757
TCGA_ESCA_outer_test,random_survival_forest,8,1095,0.2,0.4827825402617148,0.4827825402617148
TCGA_ESCA_outer_test,random_survival_forest,8,1095,0.225,0.4652332520308403,0.4652332520308403
TCGA_ESCA_outer_test,random_survival_forest,8,1095,0.25,0.4465140112512408,0.4465140112512408
TCGA_ESCA_outer_test,random_survival_forest,8,1095,0.275,0.42650378834891034,0.42650378834891034
TCGA_ESCA_outer_test,random_survival_forest,8,1095,0.3,0.40506426381069915,0.40506426381069915
TCGA_ESCA_outer_test,random_survival_forest,8,1095,0.325,0.37595867408495603,0.38203662634373153
TCGA_ESCA_outer_test,random_survival_forest,8,1095,0.35,0.3334630128638089,0.3572376321485357
TCGA_ESCA_outer_test,random_survival_forest,8,1095,0.375,0.3066800991329973,0.3304547184177241
TCGA_ESCA_outer_test,random_survival_forest,8,1095,0.4,0.2719258580970168,0.30143989520934494
TCGA_ESCA_outer_test,random_survival_forest,8,1095,0.425,0.22923233760648198,0.26990204389588934
TCGA_ESCA_outer_test,random_survival_forest,8,1095,0.45,0.1586345124273557,0.23549711519030136
TCGA_ESCA_outer_test,random_survival_forest,8,1095,0.475,0.1428378156572303,0.1978155266079908
TCGA_ESCA_outer_test,random_survival_forest,8,1095,0.5,0.10526202329046896,0.1563657791674491
TCGA_ESCA_outer_test,random_survival_forest,8,1095,0.525,0.2318952272431684,0.1105529004173767
TCGA_ESCA_outer_test,random_survival_forest,8,1095,0.55,0.11206642959949625,0.05964970180618512
TCGA_ESCA_outer_test,random_survival_forest,8,1095,0.575,0.025816670444264278,0.0027578915936771198
TCGA_ESCA_outer_test,random_survival_forest,8,1095,0.6,0.02692938392532479,-0.0612453948953946
TCGA_ESCA_outer_test,random_survival_forest,9,365,0.05,0.19551675558150275,0.19551675558150275
TCGA_ESCA_outer_test,random_survival_forest,9,365,0.075,0.17377328823474264,0.17377328823474264
TCGA_ESCA_outer_test,random_survival_forest,9,365,0.1,0.15082185047982916,0.15082185047982916
TCGA_ESCA_outer_test,random_survival_forest,9,365,0.125,0.12573377924636148,0.1265589019960635
TCGA_ESCA_outer_test,random_survival_forest,9,365,0.15,0.08171534345553144,0.1008687212485469
TCGA_ESCA_outer_test,random_survival_forest,9,365,0.175,0.07002353931496785,0.07362155984966567
TCGA_ESCA_outer_test,random_survival_forest,9,365,0.2,0.03907243819937545,0.04467145086335436
TCGA_ESCA_outer_test,random_survival_forest,9,365,0.225,0.027484028758931356,0.013853592910184231
TCGA_ESCA_outer_test,random_survival_forest,9,365,0.25,0.031934802171050145,-0.019018788906530498
TCGA_ESCA_outer_test,random_survival_forest,9,365,0.275,0.015994835053379577,-0.05415823153819119
TCGA_ESCA_outer_test,random_survival_forest,9,365,0.3,0.0020059232288477877,-0.09180763435782754
TCGA_ESCA_outer_test,random_survival_forest,9,365,0.325,0.01896859803673433,-0.13224588183077027
TCGA_ESCA_outer_test,random_survival_forest,9,365,0.35,0.00919555330368515,-0.17579476372470867
TCGA_ESCA_outer_test,random_survival_forest,9,365,0.375,-0.00801850481286501,-0.22282755617016217
TCGA_ESCA_outer_test,random_survival_forest,9,365,0.4,-0.004464910938239362,-0.2737797479860701
TCGA_ESCA_outer_test,random_survival_forest,9,365,0.425,0.0,-0.32916256517727427
TCGA_ESCA_outer_test,random_survival_forest,9,365,0.45,0.0,-0.3895801839313152
TCGA_ESCA_outer_test,random_survival_forest,9,365,0.475,0.0,-0.45575186161431236
TCGA_ESCA_outer_test,random_survival_forest,9,365,0.5,0.0,-0.5285407070656095
TCGA_ESCA_outer_test,random_survival_forest,9,365,0.525,0.0,-0.6089915362486221
TCGA_ESCA_outer_test,random_survival_forest,9,365,0.55,0.0,-0.6983813464519694
TCGA_ESCA_outer_test,random_survival_forest,9,365,0.575,0.0,-0.7982876049145334
TCGA_ESCA_outer_test,random_survival_forest,9,365,0.6,0.0,-0.9106821456849187
TCGA_ESCA_outer_test,random_survival_forest,9,1095,0.05,0.5657294885073739,0.5657294885073739
TCGA_ESCA_outer_test,random_survival_forest,9,1095,0.075,0.5527003943839264,0.5527003943839264
TCGA_ESCA_outer_test,random_survival_forest,9,1095,0.1,0.538947461698065,0.538947461698065
TCGA_ESCA_outer_test,random_survival_forest,9,1095,0.125,0.52440864714444,0.52440864714444
TCGA_ESCA_outer_test,random_survival_forest,9,1095,0.15,0.5090146082053078,0.5090146082053078
TCGA_ESCA_outer_test,random_survival_forest,9,1095,0.175,0.49268759720925837,0.49268759720925837
TCGA_ESCA_outer_test,random_survival_forest,9,1095,0.2,0.4753401480259559,0.4753401480259559
TCGA_ESCA_outer_test,random_survival_forest,9,1095,0.225,0.456873508572763,0.456873508572763
TCGA_ESCA_outer_test,random_survival_forest,9,1095,0.25,0.4371757598226905,0.4371757598226905
TCGA_ESCA_outer_test,random_survival_forest,9,1095,0.275,0.4161195456415786,0.4161195456415786
TCGA_ESCA_outer_test,random_survival_forest,9,1095,0.3,0.39355931616181583,0.39355931616181583
TCGA_ESCA_outer_test,random_survival_forest,9,1095,0.325,0.36932795857244094,0.36932795857244094
TCGA_ESCA_outer_test,random_survival_forest,9,1095,0.35,0.3371084041239897,0.3432326503992681
TCGA_ESCA_outer_test,random_survival_forest,9,1095,0.375,0.3089254712969629,0.3150497175722413
TCGA_ESCA_outer_test,random_survival_forest,9,1095,0.4,0.2783939607343506,0.284518207009629
TCGA_ESCA_outer_test,random_survival_forest,9,1095,0.425,0.2551344877310494,0.2513317824850504
TCGA_ESCA_outer_test,random_survival_forest,9,1095,0.45,0.2859982196835443,0.2151284102764192
TCGA_ESCA_outer_test,random_survival_forest,9,1095,0.475,0.2110306997357551,0.1754770978574422
TCGA_ESCA_outer_test,random_survival_forest,9,1095,0.5,0.1732884432940775,0.13186065419656745
TCGA_ESCA_outer_test,random_survival_forest,9,1095,0.525,0.1028905305438238,0.08365300593981106
TCGA_ESCA_outer_test,random_survival_forest,9,1095,0.55,0.09386113780578359,0.03008895232119302
TCGA_ESCA_outer_test,random_survival_forest,9,1095,0.575,0.04126506741202923,-0.02977675466432117
TCGA_ESCA_outer_test,random_survival_forest,9,1095,0.6,-0.050720761947277704,-0.09712567502302483
TCGA_ESCA_outer_test,survivalpfn,0,365,0.05,0.19571073753339785,0.19571073753339785
TCGA_ESCA_outer_test,survivalpfn,0,365,0.075,0.15718437160924154,0.17388162962346304
TCGA_ESCA_outer_test,survivalpfn,0,365,0.1,0.1343396897598302,0.15083979349630958
TCGA_ESCA_outer_test,survivalpfn,0,365,0.125,0.11822676291989158,0.12648128101903308
TCGA_ESCA_outer_test,survivalpfn,0,365,0.15,0.09013790173738188,0.10068991486662268
TCGA_ESCA_outer_test,survivalpfn,0,365,0.175,0.06967580719133705,0.07333543561406616
TCGA_ESCA_outer_test,survivalpfn,0,365,0.2,0.060687055583790894,0.04427130140822488
TCGA_ESCA_outer_test,survivalpfn,0,365,0.225,0.05421047230996752,0.013332061769748688
TCGA_ESCA_outer_test,survivalpfn,0,365,0.25,0.04529034760638906,-0.019669793844625916
TCGA_ESCA_outer_test,survivalpfn,0,365,0.275,0.037740718813403684,-0.054947639501371215
TCGA_ESCA_outer_test,survivalpfn,0,365,0.3,0.034360398667564795,-0.09274533127645546
TCGA_ESCA_outer_test,survivalpfn,0,365,0.325,0.02245985014296814,-0.13334285207191626
TCGA_ESCA_outer_test,survivalpfn,0,365,0.35,0.009462574898672221,-0.1770632590824125
TCGA_ESCA_outer_test,survivalpfn,0,365,0.375,-0.004705583930743974,-0.22428129865374857
TCGA_ESCA_outer_test,survivalpfn,0,365,0.4,-0.024725208632279512,-0.2754341748560293
TCGA_ESCA_outer_test,survivalpfn,0,365,0.425,-0.04346674129539767,-0.33103512724981254
TCGA_ESCA_outer_test,survivalpfn,0,365,0.45,-0.03277689437039559,-0.3916907116793943
TCGA_ESCA_outer_test,survivalpfn,0,365,0.475,-0.01835075062754738,-0.4581230184356029
TCGA_ESCA_outer_test,survivalpfn,0,365,0.5,-0.013529414166593768,-0.5311985558674325
TCGA_ESCA_outer_test,survivalpfn,0,365,0.525,0.0,-0.6119662551341916
TCGA_ESCA_outer_test,survivalpfn,0,365,0.55,0.0,-0.7017081432083682
TCGA_ESCA_outer_test,survivalpfn,0,365,0.575,0.0,-0.8020079004677417
TCGA_ESCA_outer_test,survivalpfn,0,365,0.6,0.0,-0.9148451273845372
TCGA_ESCA_outer_test,survivalpfn,0,1095,0.05,0.5683212804829341,0.5683212804829341
TCGA_ESCA_outer_test,survivalpfn,0,1095,0.075,0.5558277845119711,0.5558277845119711
TCGA_ESCA_outer_test,survivalpfn,0,1095,0.1,0.5426402054315104,0.5426402054315104
TCGA_ESCA_outer_test,survivalpfn,0,1095,0.125,0.5286990504035947,0.5286990504035947
TCGA_ESCA_outer_test,survivalpfn,0,1095,0.15,0.5139378274328603,0.5139378274328603
TCGA_ESCA_outer_test,survivalpfn,0,1095,0.175,0.49828198488814207,0.49828198488814207
TCGA_ESCA_outer_test,survivalpfn,0,1095,0.2,0.481647652184379,0.481647652184379
TCGA_ESCA_outer_test,survivalpfn,0,1095,0.225,0.46394013672553447,0.46394013672553447
TCGA_ESCA_outer_test,survivalpfn,0,1095,0.25,0.4450521202361002,0.4450521202361002
TCGA_ESCA_outer_test,survivalpfn,0,1095,0.275,0.42486148191980844,0.42486148191980844
TCGA_ESCA_outer_test,survivalpfn,0,1095,0.3,0.4009834198215576,0.403228655152353
TCGA_ESCA_outer_test,survivalpfn,0,1095,0.325,0.37979255396406464,0.37999339677249344
TCGA_ESCA_outer_test,survivalpfn,0,1095,0.35,0.3383174736533346,0.3549708108249524
TCGA_ESCA_outer_test,survivalpfn,0,1095,0.375,0.3001604525666754,0.32794641800160806
TCGA_ESCA_outer_test,survivalpfn,0,1095,0.4,0.2491232384476643,0.298669992442985
TCGA_ESCA_outer_test,survivalpfn,0,1095,0.425,0.2603957074536103,0.2668477907488295
TCGA_ESCA_outer_test,survivalpfn,0,1095,0.45,0.2262655017037596,0.23213266162793272
TCGA_ESCA_outer_test,survivalpfn,0,1095,0.475,0.16105519999978857,0.19411132973361706
TCGA_ESCA_outer_test,survivalpfn,0,1095,0.5,0.17684734119342216,0.15228786464986982
TCGA_ESCA_outer_test,survivalpfn,0,1095,0.525,0.1543899714494006,0.10606192955730709
TCGA_ESCA_outer_test,survivalpfn,0,1095,0.55,0.11618493754907128,0.054699779454459585
TCGA_ESCA_outer_test,survivalpfn,0,1095,0.575,0.08161130728519084,-0.0027049765428402983
TCGA_ESCA_outer_test,survivalpfn,0,1095,0.6,0.03976969985984885,-0.06728532703980294
TCGA_ESCA_outer_test,survivalpfn,1,365,0.05,0.19575271860359122,0.19575271860359122
TCGA_ESCA_outer_test,survivalpfn,1,365,0.075,0.17671015007649257,0.17401723056578228
TCGA_ESCA_outer_test,survivalpfn,1,365,0.1,0.13713472549557154,0.15107421541476174
TCGA_ESCA_outer_test,survivalpfn,1,365,0.125,0.10545202323866652,0.12682017082654
TCGA_ESCA_outer_test,survivalpfn,1,365,0.15,0.0858129216608754,0.10113941773312876
TCGA_ESCA_outer_test,survivalpfn,1,365,0.175,0.07117807592345551,0.07390225536132897
TCGA_ESCA_outer_test,survivalpfn,1,365,0.2,0.06347210584637004,0.04496277034129165
TCGA_ESCA_outer_test,survivalpfn,1,365,0.225,0.05355056084762465,0.01415622177157455
TCGA_ESCA_outer_test,survivalpfn,1,365,0.25,0.03310248358975486,-0.018704096702790357
TCGA_ESCA_outer_test,survivalpfn,1,365,0.275,0.020407144312900208,-0.05383064403745633
TCGA_ESCA_outer_test,survivalpfn,1,365,0.3,0.018236590517374723,-0.09146623046745553
TCGA_ESCA_outer_test,survivalpfn,1,365,0.325,-0.0017703557565107025,-0.13188963811449175
TCGA_ESCA_outer_test,survivalpfn,1,365,0.35,-0.008649057548995552,-0.17542253865745375
TCGA_ESCA_outer_test,survivalpfn,1,365,0.375,-0.03283356719408958,-0.22243807124385293
TCGA_ESCA_outer_test,survivalpfn,1,365,0.4,-0.03468087698990241,-0.2733715648791186
TCGA_ESCA_outer_test,survivalpfn,1,365,0.425,-0.04717015821266305,-0.328734057960929
TCGA_ESCA_outer_test,survivalpfn,1,365,0.45,-0.04886744692938777,-0.3891295049592677
TCGA_ESCA_outer_test,survivalpfn,1,365,0.475,-0.024086613624706273,-0.4552768992907814
TCGA_ESCA_outer_test,survivalpfn,1,365,0.5,-0.013354446588221361,-0.5280390330554466
TCGA_ESCA_outer_test,survivalpfn,1,365,0.525,-0.007332195405155462,-0.6084603387953398
TCGA_ESCA_outer_test,survivalpfn,1,365,0.55,0.0,-0.6978173451729989
TCGA_ESCA_outer_test,survivalpfn,1,365,0.575,0.0,-0.7976869405362644
TCGA_ESCA_outer_test,survivalpfn,1,365,0.6,0.0,-0.9100402353199387
TCGA_ESCA_outer_test,survivalpfn,1,1095,0.05,0.5659048281645743,0.5659048281645743
TCGA_ESCA_outer_test,survivalpfn,1,1095,0.075,0.5536427624273782,0.5536427624273782
TCGA_ESCA_outer_test,survivalpfn,1,1095,0.1,0.5406994708158933,0.5406994708158933
TCGA_ESCA_outer_test,survivalpfn,1,1095,0.125,0.5270165625408951,0.5270165625408951
TCGA_ESCA_outer_test,survivalpfn,1,1095,0.15,0.5125287773085441,0.5125287773085441
TCGA_ESCA_outer_test,survivalpfn,1,1095,0.175,0.49716294448635345,0.49716294448635345
TCGA_ESCA_outer_test,survivalpfn,1,1095,0.2,0.480836747112776,0.480836747112776
TCGA_ESCA_outer_test,survivalpfn,1,1095,0.225,0.4634572466828387,0.4634572466828387
TCGA_ESCA_outer_test,survivalpfn,1,1095,0.25,0.4449191128909056,0.4449191128909056
TCGA_ESCA_outer_test,survivalpfn,1,1095,0.275,0.4251024871133219,0.4251024871133219
TCGA_ESCA_outer_test,survivalpfn,1,1095,0.3,0.40246759843789276,0.4038703880659108
TCGA_ESCA_outer_test,survivalpfn,1,1095,0.325,0.3809976839368587,0.38106554094091377
TCGA_ESCA_outer_test,survivalpfn,1,1095,0.35,0.33490468010679075,0.3565064748063015
TCGA_ESCA_outer_test,survivalpfn,1,1095,0.375,0.2860134018937081,0.3299826833809203
TCGA_ESCA_outer_test,survivalpfn,1,1095,0.4,0.2427141605665075,0.3012485760034239
TCGA_ESCA_outer_test,survivalpfn,1,1095,0.425,0.18484452672090063,0.27001585059310185
TCGA_ESCA_outer_test,survivalpfn,1,1095,0.45,0.1372088315801131,0.23594378650911418
TCGA_ESCA_outer_test,survivalpfn,1,1095,0.475,0.11415435116375072,0.1986267639409371
TCGA_ESCA_outer_test,survivalpfn,1,1095,0.5,0.0786644476355643,0.15757803911594231
TCGA_ESCA_outer_test,survivalpfn,1,1095,0.525,0.09305217489153472,0.11220839588831649
TCGA_ESCA_outer_test,survivalpfn,1,1095,0.55,0.07082651098134451,0.06179768119095452
TCGA_ESCA_outer_test,survivalpfn,1,1095,0.575,0.05824885732130336,0.005456294176255927
TCGA_ESCA_outer_test,survivalpfn,1,1095,0.6,0.02755078116755383,-0.05792776621528006
TCGA_ESCA_outer_test,survivalpfn,2,365,0.05,0.1849340463771429,0.19601620363228944
TCGA_ESCA_outer_test,survivalpfn,2,365,0.075,0.16570148086159392,0.17425411149844106
TCGA_ESCA_outer_test,survivalpfn,2,365,0.1,0.1485347405611236,0.15128301424604557
TCGA_ESCA_outer_test,survivalpfn,2,365,0.125,0.11473942168839069,0.12699928286494175
TCGA_ESCA_outer_test,survivalpfn,2,365,0.15,0.10063502947115295,0.10128709669671418
TCGA_ESCA_outer_test,survivalpfn,2,365,0.175,0.08061900292010549,0.07401659621526069
TCGA_ESCA_outer_test,survivalpfn,2,365,0.2,0.05909824474708003,0.045041689453716366
TCGA_ESCA_outer_test,survivalpfn,2,365,0.225,0.03467450815042969,0.014197433868846587
TCGA_ESCA_outer_test,survivalpfn,2,365,0.25,0.02833154460599678,-0.018703105421681132
TCGA_ESCA_outer_test,survivalpfn,2,365,0.275,0.017636614031031964,-0.05387264742190051
TCGA_ESCA_outer_test,survivalpfn,2,365,0.3,0.0100204722886362,-0.09155429956499261
TCGA_ESCA_outer_test,survivalpfn,2,365,0.325,-0.005577656463854108,-0.1320271852001656
TCGA_ESCA_outer_test,survivalpfn,2,365,0.35,-0.01192871919146711,-0.1756133697303519
TCGA_ESCA_outer_test,survivalpfn,2,365,0.375,-0.013344586122676673,-0.2226864490229532
TCGA_ESCA_outer_test,survivalpfn,2,365,0.4,-0.017174004882548458,-0.2736822849232713
TCGA_ESCA_outer_test,survivalpfn,2,365,0.425,-0.01937396620316286,-0.32911254133666046
TCGA_ESCA_outer_test,survivalpfn,2,365,0.45,-0.015219898019617744,-0.38958191196944847
TCGA_ESCA_outer_test,survivalpfn,2,365,0.475,-0.006080011377887003,-0.45581027028154975
TCGA_ESCA_outer_test,survivalpfn,2,365,0.5,-0.00665325664991987,-0.5286614644248613
TCGA_ESCA_outer_test,survivalpfn,2,365,0.525,-0.007353599455174595,-0.6091812053201003
TCGA_ESCA_outer_test,survivalpfn,2,365,0.55,0.0,-0.6986475840925881
TCGA_ESCA_outer_test,survivalpfn,2,365,0.575,0.0,-0.7986394191912506
TCGA_ESCA_outer_test,survivalpfn,2,365,0.6,0.0,-0.9111302336772463
TCGA_ESCA_outer_test,survivalpfn,2,1095,0.05,0.5725853258189347,0.5725853258189347
TCGA_ESCA_outer_test,survivalpfn,2,1095,0.075,0.5605376619614937,0.5605376619614937
TCGA_ESCA_outer_test,survivalpfn,2,1095,0.1,0.5478206834453059,0.5478206834453059
TCGA_ESCA_outer_test,survivalpfn,2,1095,0.125,0.5343770204424788,0.5343770204424788
TCGA_ESCA_outer_test,survivalpfn,2,1095,0.15,0.520142553733603,0.520142553733603
TCGA_ESCA_outer_test,survivalpfn,2,1095,0.175,0.5050453920726742,0.5050453920726742
TCGA_ESCA_outer_test,survivalpfn,2,1095,0.2,0.4890046578079372,0.4890046578079372
TCGA_ESCA_outer_test,survivalpfn,2,1095,0.225,0.4719290374616044,0.4719290374616044
TCGA_ESCA_outer_test,survivalpfn,2,1095,0.25,0.4297754240867929,0.4537150424255161
TCGA_ESCA_outer_test,survivalpfn,2,1095,0.275,0.4114583850213728,0.43424490980073194
TCGA_ESCA_outer_test,survivalpfn,2,1095,0.3,0.40142536499576276,0.41338405341703477
TCGA_ESCA_outer_test,survivalpfn,2,1095,0.325,0.38153047705559906,0.3909779484123229
TCGA_ESCA_outer_test,survivalpfn,2,1095,0.35,0.36701683098778803,0.36684829686878706
TCGA_ESCA_outer_test,survivalpfn,2,1095,0.375,0.3233110662786965,0.34078827320176835
TCGA_ESCA_outer_test,survivalpfn,2,1095,0.4,0.288835325554598,0.3125565808958314
TCGA_ESCA_outer_test,survivalpfn,2,1095,0.425,0.2165260431458009,0.28186995882416077
TCGA_ESCA_outer_test,survivalpfn,2,1095,0.45,0.20580177147509768,0.24839364383688378
TCGA_ESCA_outer_test,survivalpfn,2,1095,0.475,0.16365385086802825,0.2117291083746281
TCGA_ESCA_outer_test,survivalpfn,2,1095,0.5,0.06902471729918058,0.17139811936614668
TCGA_ESCA_outer_test,survivalpfn,2,1095,0.525,0.0508052706462776,0.1268217630936146
TCGA_ESCA_outer_test,survivalpfn,2,1095,0.55,0.08221720040515246,0.07729247834635677
TCGA_ESCA_outer_test,survivalpfn,2,1095,0.575,0.019174620359159678,0.02193621892295128
TCGA_ESCA_outer_test,survivalpfn,2,1095,0.6,0.016102919767470136,-0.040339572928380196
TCGA_ESCA_outer_test,survivalpfn,3,365,0.05,0.19561951994080845,0.19561951994080845
TCGA_ESCA_outer_test,survivalpfn,3,365,0.075,0.1764786169356324,0.17384024068605686
TCGA_ESCA_outer_test,survivalpfn,3,365,0.1,0.1432740739949643,0.15085100147270794
TCGA_ESCA_outer_test,survivalpfn,3,365,0.125,0.11741698308379597,0.12654809144716767
TCGA_ESCA_outer_test,survivalpfn,3,365,0.15,0.09376073580986535,0.10081559847894855
TCGA_ESCA_outer_test,survivalpfn,3,365,0.175,0.08133555995570917,0.0735235604823525
TCGA_ESCA_outer_test,survivalpfn,3,365,0.2,0.06312604119267942,0.044525770110969254
TCGA_ESCA_outer_test,survivalpfn,3,365,0.225,0.050752560295428586,0.013657154554335471
TCGA_ESCA_outer_test,survivalpfn,3,365,0.25,0.027130740789483646,-0.019269368706073958
TCGA_ESCA_outer_test,survivalpfn,3,365,0.275,0.010058126623573041,-0.05446668667409785
TCGA_ESCA_outer_test,survivalpfn,3,365,0.3,0.0004534661309509719,-0.09217809878269476
TCGA_ESCA_outer_test,survivalpfn,3,365,0.325,0.007016122883078207,-0.13268294882526185
TCGA_ESCA_outer_test,survivalpfn,3,365,0.35,-0.0006330599186784164,-0.1763035565634111
TCGA_ESCA_outer_test,survivalpfn,3,365,0.375,0.003206070177962997,-0.22341381292061227
TCGA_ESCA_outer_test,survivalpfn,3,365,0.4,-0.0065575405119778565,-0.27444992397424695
TCGA_ESCA_outer_test,survivalpfn,3,365,0.425,-0.009553182181713554,-0.3299239577281975
TCGA_ESCA_outer_test,survivalpfn,3,365,0.45,-0.015250589962809383,-0.39044108545977985
TCGA_ESCA_outer_test,survivalpfn,3,365,0.475,-0.0065632523667492745,-0.4567217491657988
TCGA_ESCA_outer_test,survivalpfn,3,365,0.5,0.0,-0.5296304792424197
TCGA_ESCA_outer_test,survivalpfn,3,365,0.525,0.0,-0.6102138124850006
TCGA_ESCA_outer_test,survivalpfn,3,365,0.55,0.0,-0.6997508494212017
TCGA_ESCA_outer_test,survivalpfn,3,365,0.575,0.0,-0.7998216554087201
TCGA_ESCA_outer_test,survivalpfn,3,365,0.6,0.0,-0.9124013121446788
TCGA_ESCA_outer_test,survivalpfn,3,1095,0.05,0.5679134763873336,0.5679134763873336
TCGA_ESCA_outer_test,survivalpfn,3,1095,0.075,0.5556100674800062,0.5556100674800062
TCGA_ESCA_outer_test,survivalpfn,3,1095,0.1,0.5426231358556051,0.5426231358556051
TCGA_ESCA_outer_test,survivalpfn,3,1095,0.125,0.5288940938526666,0.5288940938526666
TCGA_ESCA_outer_test,survivalpfn,3,1095,0.15,0.5143574611436731,0.5143574611436731
TCGA_ESCA_outer_test,survivalpfn,3,1095,0.175,0.4989398203917102,0.4989398203917102
TCGA_ESCA_outer_test,survivalpfn,3,1095,0.2,0.48255857709274963,0.48255857709274963
TCGA_ESCA_outer_test,survivalpfn,3,1095,0.225,0.46512047938740453,0.46512047938740453
TCGA_ESCA_outer_test,survivalpfn,3,1095,0.25,0.44651984183503635,0.44651984183503635
TCGA_ESCA_outer_test,survivalpfn,3,1095,0.275,0.4266364016928498,0.4266364016928498
TCGA_ESCA_outer_test,survivalpfn,3,1095,0.3,0.39647506463244775,0.4053327158262212
TCGA_ESCA_outer_test,survivalpfn,3,1095,0.325,0.36925117105450134,0.3824509791546573
TCGA_ESCA_outer_test,survivalpfn,3,1095,0.35,0.328181066692181,0.357809108892973
TCGA_ESCA_outer_test,survivalpfn,3,1095,0.375,0.27532415236928903,0.331195889010354
TCGA_ESCA_outer_test,survivalpfn,3,1095,0.4,0.21745922355319558,0.3023649008041833
TCGA_ESCA_outer_test,survivalpfn,3,1095,0.425,0.17286866288706576,0.2710268701453023
TCGA_ESCA_outer_test,survivalpfn,3,1095,0.45,0.12495425161479307,0.23683992760834116
TCGA_ESCA_outer_test,survivalpfn,3,1095,0.475,0.1554139208345804,0.1993970857821456
TCGA_ESCA_outer_test,survivalpfn,3,1095,0.5,0.13168437270732075,0.1582099597733304
TCGA_ESCA_outer_test,survivalpfn,3,1095,0.525,0.11548767519509429,0.11268734681621889
TCGA_ESCA_outer_test,survivalpfn,3,1095,0.55,0.10871758547513075,0.06210666575276169
TCGA_ESCA_outer_test,survivalpfn,3,1095,0.575,0.1041288751563765,0.005575316328897961
TCGA_ESCA_outer_test,survivalpfn,3,1095,0.6,0.03433063861510621,-0.05802245177294896
TCGA_ESCA_outer_test,survivalpfn,4,365,0.05,0.1956361450224554,0.1956361450224554
TCGA_ESCA_outer_test,survivalpfn,4,365,0.075,0.16242822318504846,0.17388560540124234
TCGA_ESCA_outer_test,survivalpfn,4,365,0.1,0.13392998220296667,0.15092670246773965
TCGA_ESCA_outer_test,survivalpfn,4,365,0.125,0.11609535462838762,0.12665586222375108
TCGA_ESCA_outer_test,survivalpfn,4,365,0.15,0.09601116130139177,0.100957325494822
TCGA_ESCA_outer_test,survivalpfn,4,365,0.175,0.07191178035795623,0.07370130169141237
TCGA_ESCA_outer_test,survivalpfn,4,365,0.2,0.06668299406012629,0.044741776400289646
TCGA_ESCA_outer_test,survivalpfn,4,365,0.225,0.052972065465001744,0.013913894638771906
TCGA_ESCA_outer_test,survivalpfn,4,365,0.25,0.040151187791011816,-0.01896917924018035
TCGA_ESCA_outer_test,survivalpfn,4,365,0.275,0.02252493229491613,-0.05412005131768108
TCGA_ESCA_outer_test,survivalpfn,4,365,0.3,0.007489391420751723,-0.09178169997214605
TCGA_ESCA_outer_test,survivalpfn,4,365,0.325,0.022637429883449176,-0.13223310037879368
TCGA_ESCA_outer_test,survivalpfn,4,365,0.35,0.006372433391994989,-0.17579614697056803
TCGA_ESCA_outer_test,survivalpfn,4,365,0.375,-0.002070991346911466,-0.22284423728968436
TCGA_ESCA_outer_test,survivalpfn,4,365,0.4,-0.01932545953279826,-0.2738130018020605
TCGA_ESCA_outer_test,survivalpfn,4,365,0.425,-0.04598552085157734,-0.3292138327937735
TCGA_ESCA_outer_test,survivalpfn,4,365,0.45,-0.03207228298252489,-0.38965110296655125
TCGA_ESCA_outer_test,survivalpfn,4,365,0.475,-0.030021009823008222,-0.4558443036319746
TCGA_ESCA_outer_test,survivalpfn,4,365,0.5,-0.033814294963114305,-0.5286568243639403
TCGA_ESCA_outer_test,survivalpfn,4,365,0.525,-0.022011036141931322,-0.6091338209624289
TCGA_ESCA_outer_test,survivalpfn,4,365,0.55,-0.016226830877120447,-0.6985527060718605
TCGA_ESCA_outer_test,survivalpfn,4,365,0.575,-0.008981160405251152,-0.7984914600176953
TCGA_ESCA_outer_test,survivalpfn,4,365,0.6,-0.009957373492778454,-0.9109225582067602
TCGA_ESCA_outer_test,survivalpfn,4,1095,0.05,0.5662521397886068,0.5662521397886068
TCGA_ESCA_outer_test,survivalpfn,4,1095,0.075,0.5539380733227813,0.5539380733227813
TCGA_ESCA_outer_test,survivalpfn,4,1095,0.1,0.540939892053299,0.540939892053299
TCGA_ESCA_outer_test,survivalpfn,4,1095,0.125,0.5271989575684175,0.5271989575684175
TCGA_ESCA_outer_test,survivalpfn,4,1095,0.15,0.5126497328197196,0.5126497328197196
TCGA_ESCA_outer_test,survivalpfn,4,1095,0.175,0.4972187368741309,0.4972187368741309
TCGA_ESCA_outer_test,survivalpfn,4,1095,0.2,0.4808233036819428,0.4808233036819428
TCGA_ESCA_outer_test,survivalpfn,4,1095,0.225,0.46337010060638784,0.46337010060638784
TCGA_ESCA_outer_test,survivalpfn,4,1095,0.25,0.43868538674755064,0.44475335065912913
TCGA_ESCA_outer_test,survivalpfn,4,1095,0.275,0.4187847230108258,0.4248526869224043
TCGA_ESCA_outer_test,survivalpfn,4,1095,0.3,0.3872293220601053,0.4035305472044849
TCGA_ESCA_outer_test,survivalpfn,4,1095,0.325,0.3532120156197943,0.3806289897296826
TCGA_ESCA_outer_test,survivalpfn,4,1095,0.35,0.30136450200702736,0.3559657739875878
TCGA_ESCA_outer_test,survivalpfn,4,1095,0.375,0.25898750127140546,0.32932950098612535
TCGA_ESCA_outer_test,survivalpfn,4,1095,0.4,0.22841000951273727,0.3004735385678744
TCGA_ESCA_outer_test,survivalpfn,4,1095,0.425,0.2376750630644149,0.26910836202629723
TCGA_ESCA_outer_test,survivalpfn,4,1095,0.45,0.2320285852698112,0.23489180579912228
TCGA_ESCA_outer_test,survivalpfn,4,1095,0.475,0.17741170117646676,0.1974165299312639
TCGA_ESCA_outer_test,survivalpfn,4,1095,0.5,0.10937869937573175,0.15619372647661967
TCGA_ESCA_outer_test,survivalpfn,4,1095,0.525,0.08406294862342789,0.11063168055306549
TCGA_ESCA_outer_test,survivalpfn,4,1095,0.55,0.07890093537678466,0.06000718508244973
TCGA_ESCA_outer_test,survivalpfn,4,1095,0.575,0.026846590780753132,0.0034268666152912353
TCGA_ESCA_outer_test,survivalpfn,4,1095,0.6,-0.016853320977702146,-0.060225991660262435
TCGA_ESCA_outer_test,survivalpfn,5,365,0.05,0.19589743857575062,0.19589743857575062
TCGA_ESCA_outer_test,survivalpfn,5,365,0.075,0.17467392210826502,0.17413413410127
TCGA_ESCA_outer_test,survivalpfn,5,365,0.1,0.12805457031894585,0.15116175715598484
TCGA_ESCA_outer_test,survivalpfn,5,365,0.125,0.10560894370026778,0.12687667295668342
TCGA_ESCA_outer_test,survivalpfn,5,365,0.15,0.0841027363988635,0.1011630543927172
TCGA_ESCA_outer_test,survivalpfn,5,365,0.175,0.07744947200018996,0.07389103470366212
TCGA_ESCA_outer_test,survivalpfn,5,365,0.2,0.07602127234527707,0.0449145137840411
TCGA_ESCA_outer_test,survivalpfn,5,365,0.225,0.057509760545255695,0.014068539901863908
TCGA_ESCA_outer_test,survivalpfn,5,365,0.25,0.030927561290919614,-0.01883383223912513
TCGA_ESCA_outer_test,survivalpfn,5,365,0.275,0.027836260554137557,-0.05400533349328587
TCGA_ESCA_outer_test,survivalpfn,5,365,0.3,0.015629178521894466,-0.09168908483702945
TCGA_ESCA_outer_test,survivalpfn,5,365,0.325,0.015965080106240204,-0.13216422516919843
TCGA_ESCA_outer_test,survivalpfn,5,365,0.35,0.005308170255969358,-0.1757528378346113
TCGA_ESCA_outer_test,survivalpfn,5,365,0.375,-0.0032184949818418046,-0.22282853951325712
TCGA_ESCA_outer_test,survivalpfn,5,365,0.4,-0.007823807230590958,-0.2738272163317902
TCGA_ESCA_outer_test,survivalpfn,5,365,0.425,-0.0059068084347072385,-0.32926056069976084
TCGA_ESCA_outer_test,survivalpfn,5,365,0.45,-0.015117952964284951,-0.3897333000102742
TCGA_ESCA_outer_test,survivalpfn,5,365,0.475,-0.01260063193287533,-0.45596534782655074
TCGA_ESCA_outer_test,survivalpfn,5,365,0.5,0.005494505494505495,-0.5288206004244551
TCGA_ESCA_outer_test,survivalpfn,5,365,0.525,0.005494505494505495,-0.6093448269800337
TCGA_ESCA_outer_test,survivalpfn,5,365,0.55,0.0,-0.6988161898195653
TCGA_ESCA_outer_test,survivalpfn,5,365,0.575,0.0,-0.7988135953461001
TCGA_ESCA_outer_test,survivalpfn,5,365,0.6,0.0,-0.9113106765634525
TCGA_ESCA_outer_test,survivalpfn,5,1095,0.05,0.5732042075425395,0.5732042075425395
TCGA_ESCA_outer_test,survivalpfn,5,1095,0.075,0.5608097756105387,0.5608097756105387
TCGA_ESCA_outer_test,survivalpfn,5,1095,0.1,0.54772676412676,0.54772676412676
TCGA_ESCA_outer_test,survivalpfn,5,1095,0.125,0.5338961519867653,0.5338961519867653
TCGA_ESCA_outer_test,survivalpfn,5,1095,0.15,0.5192519744267711,0.5192519744267711
TCGA_ESCA_outer_test,survivalpfn,5,1095,0.175,0.5037202709540498,0.5037202709540498
TCGA_ESCA_outer_test,survivalpfn,5,1095,0.2,0.48721783601428353,0.48721783601428353
TCGA_ESCA_outer_test,survivalpfn,5,1095,0.225,0.4696507278525968,0.4696507278525968
TCGA_ESCA_outer_test,survivalpfn,5,1095,0.25,0.45091247914679766,0.45091247914679766
TCGA_ESCA_outer_test,survivalpfn,5,1095,0.275,0.4308819374268055,0.4308819374268055
TCGA_ESCA_outer_test,survivalpfn,5,1095,0.3,0.4094206427268138,0.4094206427268138
TCGA_ESCA_outer_test,survivalpfn,5,1095,0.325,0.3863696224934895,0.3863696224934895
TCGA_ESCA_outer_test,survivalpfn,5,1095,0.35,0.3497247080046406,0.3615454468576017
TCGA_ESCA_outer_test,survivalpfn,5,1095,0.375,0.2899374105922027,0.33473533717084286
TCGA_ESCA_outer_test,survivalpfn,5,1095,0.4,0.23186865401909051,0.3056910516768541
TCGA_ESCA_outer_test,survivalpfn,5,1095,0.425,0.19150225516385272,0.2741211761399099
TCGA_ESCA_outer_test,survivalpfn,5,1095,0.45,0.13865940123835185,0.23968131191778902
TCGA_ESCA_outer_test,survivalpfn,5,1095,0.475,0.12039302182322337,0.20196146062689457
TCGA_ESCA_outer_test,survivalpfn,5,1095,0.5,0.09985010186703569,0.1604696242069107
TCGA_ESCA_outer_test,survivalpfn,5,1095,0.525,0.12622843008790166,0.1146102260585074
TCGA_ESCA_outer_test,survivalpfn,5,1095,0.55,0.08049259940278902,0.06365533922694833
TCGA_ESCA_outer_test,survivalpfn,5,1095,0.575,0.03617219431330959,0.0067057598269706364
TCGA_ESCA_outer_test,survivalpfn,5,1095,0.6,0.06213077254424018,-0.05736251699800454
TCGA_ESCA_outer_test,survivalpfn,6,365,0.05,0.19572563707282267,0.19572563707282267
TCGA_ESCA_outer_test,survivalpfn,6,365,0.075,0.16404095010471464,0.17393939007034137
TCGA_ESCA_outer_test,survivalpfn,6,365,0.1,0.13069526636865342,0.15094279601216667
TCGA_ESCA_outer_test,survivalpfn,6,365,0.125,0.1153689600537914,0.1266321108649534
TCGA_ESCA_outer_test,survivalpfn,6,365,0.15,0.0969293281286016,0.10089138541496293
TCGA_ESCA_outer_test,survivalpfn,6,365,0.175,0.08910359610559614,0.07359061599830632
TCGA_ESCA_outer_test,survivalpfn,6,365,0.2,0.0710667723307254,0.04458354849310869
TCGA_ESCA_outer_test,survivalpfn,6,365,0.225,0.05480904898837598,0.013705057277898336
TCGA_ESCA_outer_test,survivalpfn,6,365,0.25,0.03988602920719192,-0.019232000018326117
TCGA_ESCA_outer_test,survivalpfn,6,365,0.275,0.037360934844004684,-0.05444057850739362
TCGA_ESCA_outer_test,survivalpfn,6,365,0.3,0.030830982063532172,-0.0921640554599659
TCGA_ESCA_outer_test,survivalpfn,6,365,0.325,0.025810443125431903,-0.1326818640386546
TCGA_ESCA_outer_test,survivalpfn,6,365,0.35,0.004269629340683222,-0.17631642712339637
TCGA_ESCA_outer_test,survivalpfn,6,365,0.375,-0.002612423805813724,-0.22344175525491747
TCGA_ESCA_outer_test,survivalpfn,6,365,0.4,-0.023994044513129722,-0.2744941940640653
TCGA_ESCA_outer_test,survivalpfn,6,365,0.425,-0.022520909746466606,-0.3299859753783564
TCGA_ESCA_outer_test,survivalpfn,6,365,0.45,-0.010644360933415389,-0.3905224640848557
TCGA_ESCA_outer_test,survivalpfn,6,365,0.475,-0.006054721608961593,-0.4568243326681646
TCGA_ESCA_outer_test,survivalpfn,6,365,0.5,-0.006692060725694393,-0.5297563881098044
TCGA_ESCA_outer_test,survivalpfn,6,365,0.525,-0.00739648817050433,-0.6103655020189852
TCGA_ESCA_outer_test,survivalpfn,6,365,0.55,0.0,-0.6999311841402973
TCGA_ESCA_outer_test,survivalpfn,6,365,0.575,0.0,-0.8000340053347045
TCGA_ESCA_outer_test,survivalpfn,6,365,0.6,0.0,-0.912649679178413
TCGA_ESCA_outer_test,survivalpfn,6,1095,0.05,0.5705855207587811,0.5705855207587811
TCGA_ESCA_outer_test,survivalpfn,6,1095,0.075,0.5578032542901508,0.5578032542901508
TCGA_ESCA_outer_test,survivalpfn,6,1095,0.1,0.5443108619065965,0.5443108619065965
TCGA_ESCA_outer_test,survivalpfn,6,1095,0.125,0.5300474756725534,0.5300474756725534
TCGA_ESCA_outer_test,survivalpfn,6,1095,0.15,0.5149450667188606,0.5149450667188606
TCGA_ESCA_outer_test,survivalpfn,6,1095,0.175,0.4989273602528229,0.4989273602528229
TCGA_ESCA_outer_test,survivalpfn,6,1095,0.2,0.4819085471326578,0.4819085471326578
TCGA_ESCA_outer_test,survivalpfn,6,1095,0.225,0.46379174606925627,0.46379174606925627
TCGA_ESCA_outer_test,survivalpfn,6,1095,0.25,0.44446715826829464,0.44446715826829464
TCGA_ESCA_outer_test,survivalpfn,6,1095,0.275,0.42380984027416324,0.42380984027416324
TCGA_ESCA_outer_test,survivalpfn,6,1095,0.3,0.41311363049906147,0.4016769995661653
TCGA_ESCA_outer_test,survivalpfn,6,1095,0.325,0.4045088107061128,0.37790468917609343
TCGA_ESCA_outer_test,survivalpfn,6,1095,0.35,0.3710330592510921,0.35230373952524685
TCGA_ESCA_outer_test,survivalpfn,6,1095,0.375,0.34277100937101146,0.3246547139023324
TCGA_ESCA_outer_test,survivalpfn,6,1095,0.4,0.2896969055624531,0.29470160281084185
TCGA_ESCA_outer_test,survivalpfn,6,1095,0.425,0.20905513660744415,0.26214387336356954
TCGA_ESCA_outer_test,survivalpfn,6,1095,0.45,0.17232990388512975,0.22662635033018158
TCGA_ESCA_outer_test,survivalpfn,6,1095,0.475,0.1874608376346953,0.18772620605551854
TCGA_ESCA_outer_test,survivalpfn,6,1095,0.5,0.1658734145423054,0.14493604735338916
TCGA_ESCA_outer_test,survivalpfn,6,1095,0.525,0.11487471204731692,0.09764166141945668
TCGA_ESCA_outer_test,survivalpfn,6,1095,0.55,0.07760074256878807,0.0450923437150873
TCGA_ESCA_outer_test,survivalpfn,6,1095,0.575,0.10219641394780404,-0.013639246660384186
TCGA_ESCA_outer_test,survivalpfn,6,1095,0.6,0.06143260207377166,-0.07971228583278989
TCGA_ESCA_outer_test,survivalpfn,7,365,0.05,0.19685926315439747,0.19685926315439747
TCGA_ESCA_outer_test,survivalpfn,7,365,0.075,0.17559994322742462,0.17508008897767047
TCGA_ESCA_outer_test,survivalpfn,7,365,0.1,0.1305276872117465,0.15209096068001413
TCGA_ESCA_outer_test,survivalpfn,7,365,0.125,0.11203203675325261,0.12778816790820602
TCGA_ESCA_outer_test,survivalpfn,7,365,0.15,0.10154139090377418,0.10205579909099746
TCGA_ESCA_outer_test,survivalpfn,7,365,0.175,0.083042622355421,0.07476389276971562
TCGA_ESCA_outer_test,survivalpfn,7,365,0.2,0.0666039329044369,0.04576624230335369
TCGA_ESCA_outer_test,survivalpfn,7,365,0.225,0.05141236468182918,0.014897775677871622
TCGA_ESCA_outer_test,survivalpfn,7,365,0.25,0.038538643251011834,-0.018028588722642597
TCGA_ESCA_outer_test,survivalpfn,7,365,0.275,0.028904585304356495,-0.05322573687491641
TCGA_ESCA_outer_test,survivalpfn,7,365,0.3,0.025062534066710426,-0.09093696703806689
TCGA_ESCA_outer_test,survivalpfn,7,365,0.325,0.028754479430690302,-0.131441621657747
TCGA_ESCA_outer_test,survivalpfn,7,365,0.35,0.003413148501755961,-0.17506201894047954
TCGA_ESCA_outer_test,survivalpfn,7,365,0.375,-0.004227346121251627,-0.22217204800583065
TCGA_ESCA_outer_test,survivalpfn,7,365,0.4,-0.016356524177018626,-0.2732079128266277
TCGA_ESCA_outer_test,survivalpfn,7,365,0.425,-0.014701366858062732,-0.3286816789361897
TCGA_ESCA_outer_test,survivalpfn,7,365,0.45,-0.01620059817815869,-0.38919851469207545
TCGA_ESCA_outer_test,survivalpfn,7,365,0.475,-0.00018977404011961962,-0.45547885861518833
TCGA_ESCA_outer_test,survivalpfn,7,365,0.5,0.0,-0.5283872369306127
TCGA_ESCA_outer_test,survivalpfn,7,365,0.525,0.0,-0.6089701813845029
TCGA_ESCA_outer_test,survivalpfn,7,365,0.55,0.0,-0.6985067863332696
TCGA_ESCA_outer_test,survivalpfn,7,365,0.575,0.0,-0.7985771095113026
TCGA_ESCA_outer_test,survivalpfn,7,365,0.6,0.0,-0.9111562230865902
TCGA_ESCA_outer_test,survivalpfn,7,1095,0.05,0.5683036589434585,0.5683036589434585
TCGA_ESCA_outer_test,survivalpfn,7,1095,0.075,0.5565009108543498,0.5565009108543498
TCGA_ESCA_outer_test,survivalpfn,7,1095,0.1,0.5440424545380684,0.5440424545380684
TCGA_ESCA_outer_test,survivalpfn,7,1095,0.125,0.5308720864322852,0.5308720864322852
TCGA_ESCA_outer_test,survivalpfn,7,1095,0.15,0.5169269907908677,0.5169269907908677
TCGA_ESCA_outer_test,survivalpfn,7,1095,0.175,0.5021367378378492,0.5021367378378492
TCGA_ESCA_outer_test,survivalpfn,7,1095,0.2,0.48642209407526693,0.48642209407526693
TCGA_ESCA_outer_test,survivalpfn,7,1095,0.225,0.46969360232800195,0.46969360232800195
TCGA_ESCA_outer_test,survivalpfn,7,1095,0.25,0.451849877797586,0.451849877797586
TCGA_ESCA_outer_test,survivalpfn,7,1095,0.275,0.43277555157541725,0.43277555157541725
TCGA_ESCA_outer_test,survivalpfn,7,1095,0.3,0.4123387734802364,0.4123387734802364
TCGA_ESCA_outer_test,survivalpfn,7,1095,0.325,0.395436758298931,0.3903881599705978
TCGA_ESCA_outer_test,survivalpfn,7,1095,0.35,0.3675104486215297,0.3667490377294485
TCGA_ESCA_outer_test,survivalpfn,7,1095,0.375,0.29395133241303667,0.34121878570900716
TCGA_ESCA_outer_test,survivalpfn,7,1095,0.4,0.27137018240158445,0.31356101268686243
TCGA_ESCA_outer_test,survivalpfn,7,1095,0.425,0.2164437043863267,0.28349821592366165
TCGA_ESCA_outer_test,survivalpfn,7,1095,0.45,0.20438897347252696,0.2507024376365336
TCGA_ESCA_outer_test,survivalpfn,7,1095,0.475,0.19336342555943234,0.2147832518934885
TCGA_ESCA_outer_test,survivalpfn,7,1095,0.5,0.14409164579075026,0.1752721475761389
TCGA_ESCA_outer_test,survivalpfn,7,1095,0.525,0.10072869737660911,0.13160197964643672
TCGA_ESCA_outer_test,survivalpfn,7,1095,0.55,0.037464090938668315,0.08307957083565642
TCGA_ESCA_outer_test,survivalpfn,7,1095,0.575,0.05191211062473783,0.028848643341255253
TCGA_ESCA_outer_test,survivalpfn,7,1095,0.6,0.00359982030990158,-0.032161150089946355
TCGA_ESCA_outer_test,survivalpfn,8,365,0.05,0.19559642990338,0.19559642990338
TCGA_ESCA_outer_test,survivalpfn,8,365,0.075,0.17384546180618615,0.17384546180618615
TCGA_ESCA_outer_test,survivalpfn,8,365,0.1,0.13116408715133532,0.15088610659248153
TCGA_ESCA_outer_test,survivalpfn,8,365,0.125,0.1113817486265544,0.12661478822370809
TCGA_ESCA_outer_test,survivalpfn,8,365,0.15,0.09811565993839882,0.10091574524500677
TCGA_ESCA_outer_test,survivalpfn,8,365,0.175,0.08133807164698227,0.07365918451002054
TCGA_ESCA_outer_test,survivalpfn,8,365,0.2,0.060321020014221766,0.04469908872909767
TCGA_ESCA_outer_test,survivalpfn,8,365,0.225,0.04682262556160652,0.0138705996719862
TCGA_ESCA_outer_test,survivalpfn,8,365,0.25,0.03447608061573473,-0.019013121988932652
TCGA_ESCA_outer_test,survivalpfn,8,365,0.275,0.03299052098873137,-0.054164686523018396
TCGA_ESCA_outer_test,survivalpfn,8,365,0.3,0.029452365138637082,-0.09182707709525303
TCGA_ESCA_outer_test,survivalpfn,8,365,0.325,0.02464042617199272,-0.1322792743765421
TCGA_ESCA_outer_test,survivalpfn,8,365,0.35,-0.002286667307953044,-0.17584317914100725
TCGA_ESCA_outer_test,survivalpfn,8,365,0.375,-0.014769086729785559,-0.22289219628662968
TCGA_ESCA_outer_test,survivalpfn,8,365,0.4,-0.021213462202166716,-0.27386196486105396
TCGA_ESCA_outer_test,survivalpfn,8,365,0.425,-0.021128999462200336,-0.32926388722455857
TCGA_ESCA_outer_test,survivalpfn,8,365,0.45,-0.015818583246629336,-0.38970234798474546
TCGA_ESCA_outer_test,survivalpfn,8,365,0.475,-0.007171877062356231,-0.45589685262685475
TCGA_ESCA_outer_test,survivalpfn,8,365,0.5,-0.0010111992221014917,-0.5287108077331752
TCGA_ESCA_outer_test,survivalpfn,8,365,0.525,0.0,-0.6091893896927926
TCGA_ESCA_outer_test,survivalpfn,8,365,0.55,0.0,-0.6986100363145896
TCGA_ESCA_outer_test,survivalpfn,8,365,0.575,0.0,-0.7985507590095388
TCGA_ESCA_outer_test,survivalpfn,8,365,0.6,0.0,-0.910984072041357
TCGA_ESCA_outer_test,survivalpfn,8,1095,0.05,0.5686816879181005,0.5686816879181005
TCGA_ESCA_outer_test,survivalpfn,8,1095,0.075,0.5562998287964593,0.5562998287964593
TCGA_ESCA_outer_test,survivalpfn,8,1095,0.1,0.5432300886125048,0.5432300886125048
TCGA_ESCA_outer_test,survivalpfn,8,1095,0.125,0.5294135061323242,0.5294135061323242
TCGA_ESCA_outer_test,survivalpfn,8,1095,0.15,0.5147841835062507,0.5147841835062507
TCGA_ESCA_outer_test,survivalpfn,8,1095,0.175,0.4992682352664757,0.4992682352664757
TCGA_ESCA_outer_test,survivalpfn,8,1095,0.2,0.4827825402617148,0.4827825402617148
TCGA_ESCA_outer_test,survivalpfn,8,1095,0.225,0.4652332520308403,0.4652332520308403
TCGA_ESCA_outer_test,survivalpfn,8,1095,0.25,0.4465140112512408,0.4465140112512408
TCGA_ESCA_outer_test,survivalpfn,8,1095,0.275,0.42650378834891034,0.42650378834891034
TCGA_ESCA_outer_test,survivalpfn,8,1095,0.3,0.4252921990461112,0.40506426381069915
TCGA_ESCA_outer_test,survivalpfn,8,1095,0.325,0.40987677483697416,0.38203662634373153
TCGA_ESCA_outer_test,survivalpfn,8,1095,0.35,0.36201843083299046,0.3572376321485357
TCGA_ESCA_outer_test,survivalpfn,8,1095,0.375,0.2915344812688585,0.3304547184177241
TCGA_ESCA_outer_test,survivalpfn,8,1095,0.4,0.2436921174647084,0.30143989520934494
TCGA_ESCA_outer_test,survivalpfn,8,1095,0.425,0.16994478866589785,0.26990204389588934
TCGA_ESCA_outer_test,survivalpfn,8,1095,0.45,0.13020528230954287,0.23549711519030136
TCGA_ESCA_outer_test,survivalpfn,8,1095,0.475,0.0978781051863517,0.1978155266079908
TCGA_ESCA_outer_test,survivalpfn,8,1095,0.5,0.09143443131348666,0.1563657791674491
TCGA_ESCA_outer_test,survivalpfn,8,1095,0.525,0.08674420379462786,0.1105529004173767
TCGA_ESCA_outer_test,survivalpfn,8,1095,0.55,0.05156945926145423,0.05964970180618512
TCGA_ESCA_outer_test,survivalpfn,8,1095,0.575,0.018881187453561155,0.0027578915936771198
TCGA_ESCA_outer_test,survivalpfn,8,1095,0.6,-0.021719791853094972,-0.0612453948953946
TCGA_ESCA_outer_test,survivalpfn,9,365,0.05,0.19551675558150275,0.19551675558150275
TCGA_ESCA_outer_test,survivalpfn,9,365,0.075,0.16830762934520965,0.17377328823474264
TCGA_ESCA_outer_test,survivalpfn,9,365,0.1,0.14657412933529002,0.15082185047982916
TCGA_ESCA_outer_test,survivalpfn,9,365,0.125,0.1298284067723232,0.1265589019960635
TCGA_ESCA_outer_test,survivalpfn,9,365,0.15,0.10465734406281435,0.1008687212485469
TCGA_ESCA_outer_test,survivalpfn,9,365,0.175,0.07933730085796636,0.07362155984966567
TCGA_ESCA_outer_test,survivalpfn,9,365,0.2,0.05899694015129475,0.04467145086335436
TCGA_ESCA_outer_test,survivalpfn,9,365,0.225,0.036585715294792015,0.013853592910184231
TCGA_ESCA_outer_test,survivalpfn,9,365,0.25,0.028893004374153028,-0.019018788906530498
TCGA_ESCA_outer_test,survivalpfn,9,365,0.275,0.020692179170354305,-0.05415823153819119
TCGA_ESCA_outer_test,survivalpfn,9,365,0.3,0.02166875431568506,-0.09180763435782754
TCGA_ESCA_outer_test,survivalpfn,9,365,0.325,0.015274919811176263,-0.13224588183077027
TCGA_ESCA_outer_test,survivalpfn,9,365,0.35,0.023756105997089605,-0.17579476372470867
TCGA_ESCA_outer_test,survivalpfn,9,365,0.375,0.013882350705187618,-0.22282755617016217
TCGA_ESCA_outer_test,survivalpfn,9,365,0.4,-0.004719325519881003,-0.2737797479860701
TCGA_ESCA_outer_test,survivalpfn,9,365,0.425,-0.02181538190222238,-0.32916256517727427
TCGA_ESCA_outer_test,survivalpfn,9,365,0.45,-0.021319688382739913,-0.3895801839313152
TCGA_ESCA_outer_test,survivalpfn,9,365,0.475,-0.01822939935220455,-0.45575186161431236
TCGA_ESCA_outer_test,survivalpfn,9,365,0.5,-0.0006886778091213476,-0.5285407070656095
TCGA_ESCA_outer_test,survivalpfn,9,365,0.525,-0.007402352344975782,-0.6089915362486221
TCGA_ESCA_outer_test,survivalpfn,9,365,0.55,-0.00818567005343883,-0.6983813464519694
TCGA_ESCA_outer_test,survivalpfn,9,365,0.575,-0.009061142786426937,-0.7982876049145334
TCGA_ESCA_outer_test,survivalpfn,9,365,0.6,0.0,-0.9106821456849187
TCGA_ESCA_outer_test,survivalpfn,9,1095,0.05,0.5657294885073739,0.5657294885073739
TCGA_ESCA_outer_test,survivalpfn,9,1095,0.075,0.5527003943839264,0.5527003943839264
TCGA_ESCA_outer_test,survivalpfn,9,1095,0.1,0.538947461698065,0.538947461698065
TCGA_ESCA_outer_test,survivalpfn,9,1095,0.125,0.52440864714444,0.52440864714444
TCGA_ESCA_outer_test,survivalpfn,9,1095,0.15,0.5090146082053078,0.5090146082053078
TCGA_ESCA_outer_test,survivalpfn,9,1095,0.175,0.49268759720925837,0.49268759720925837
TCGA_ESCA_outer_test,survivalpfn,9,1095,0.2,0.4753401480259559,0.4753401480259559
TCGA_ESCA_outer_test,survivalpfn,9,1095,0.225,0.456873508572763,0.456873508572763
TCGA_ESCA_outer_test,survivalpfn,9,1095,0.25,0.4371757598226905,0.4371757598226905
TCGA_ESCA_outer_test,survivalpfn,9,1095,0.275,0.4161195456415786,0.4161195456415786
TCGA_ESCA_outer_test,survivalpfn,9,1095,0.3,0.37929601734241325,0.39355931616181583
TCGA_ESCA_outer_test,survivalpfn,9,1095,0.325,0.34985465289420814,0.36932795857244094
TCGA_ESCA_outer_test,survivalpfn,9,1095,0.35,0.32075914372620074,0.3432326503992681
TCGA_ESCA_outer_test,survivalpfn,9,1095,0.375,0.27494150081416613,0.3150497175722413
TCGA_ESCA_outer_test,survivalpfn,9,1095,0.4,0.2722603744814864,0.284518207009629
TCGA_ESCA_outer_test,survivalpfn,9,1095,0.425,0.2027700768582556,0.2513317824850504
TCGA_ESCA_outer_test,survivalpfn,9,1095,0.45,0.18777250913898252,0.2151284102764192
TCGA_ESCA_outer_test,survivalpfn,9,1095,0.475,0.14675294877686618,0.1754770978574422
TCGA_ESCA_outer_test,survivalpfn,9,1095,0.5,0.07331727830847218,0.13186065419656745
TCGA_ESCA_outer_test,survivalpfn,9,1095,0.525,0.05792116843619388,0.08365300593981106
TCGA_ESCA_outer_test,survivalpfn,9,1095,0.55,0.0009630871372305339,0.03008895232119302
TCGA_ESCA_outer_test,survivalpfn,9,1095,0.575,-0.014032765007227888,-0.02977675466432117
TCGA_ESCA_outer_test,survivalpfn,9,1095,0.6,-0.049867722593840036,-0.09712567502302483
TCGA_ESCA_outer_test,survpfn,0,365,0.05,0.19571073753339785,0.19571073753339785
TCGA_ESCA_outer_test,survpfn,0,365,0.075,0.17388162962346304,0.17388162962346304
TCGA_ESCA_outer_test,survpfn,0,365,0.1,0.15231440167241417,0.15083979349630958
TCGA_ESCA_outer_test,survpfn,0,365,0.125,0.11193776055142138,0.12648128101903308
TCGA_ESCA_outer_test,survpfn,0,365,0.15,0.09227914025806537,0.10068991486662268
TCGA_ESCA_outer_test,survpfn,0,365,0.175,0.07070330584329956,0.07333543561406616
TCGA_ESCA_outer_test,survpfn,0,365,0.2,0.05075705605859897,0.04427130140822488
TCGA_ESCA_outer_test,survpfn,0,365,0.225,0.03709793127164916,0.013332061769748688
TCGA_ESCA_outer_test,survpfn,0,365,0.25,0.028449553274160683,-0.019669793844625916
TCGA_ESCA_outer_test,survpfn,0,365,0.275,0.004667098601658995,-0.054947639501371215
TCGA_ESCA_outer_test,survpfn,0,365,0.3,-0.007727821976402122,-0.09274533127645546
TCGA_ESCA_outer_test,survpfn,0,365,0.325,-0.015070934914442696,-0.13334285207191626
TCGA_ESCA_outer_test,survpfn,0,365,0.35,-0.041867493915931885,-0.1770632590824125
TCGA_ESCA_outer_test,survpfn,0,365,0.375,-0.04923919916471735,-0.22428129865374857
TCGA_ESCA_outer_test,survpfn,0,365,0.4,-0.049051239752192874,-0.2754341748560293
TCGA_ESCA_outer_test,survpfn,0,365,0.425,-0.033044127359084366,-0.33103512724981254
TCGA_ESCA_outer_test,survpfn,0,365,0.45,-0.004381349847925774,-0.3916907116793943
TCGA_ESCA_outer_test,survpfn,0,365,0.475,0.005921344318280629,-0.4581230184356029
TCGA_ESCA_outer_test,survpfn,0,365,0.5,0.0058646447163367595,-0.5311985558674325
TCGA_ESCA_outer_test,survpfn,0,365,0.525,0.0,-0.6119662551341916
TCGA_ESCA_outer_test,survpfn,0,365,0.55,0.0,-0.7017081432083682
TCGA_ESCA_outer_test,survpfn,0,365,0.575,0.0,-0.8020079004677417
TCGA_ESCA_outer_test,survpfn,0,365,0.6,0.0,-0.9148451273845372
TCGA_ESCA_outer_test,survpfn,0,1095,0.05,0.5683212804829341,0.5683212804829341
TCGA_ESCA_outer_test,survpfn,0,1095,0.075,0.5558277845119711,0.5558277845119711
TCGA_ESCA_outer_test,survpfn,0,1095,0.1,0.5426402054315104,0.5426402054315104
TCGA_ESCA_outer_test,survpfn,0,1095,0.125,0.5286990504035947,0.5286990504035947
TCGA_ESCA_outer_test,survpfn,0,1095,0.15,0.5139378274328603,0.5139378274328603
TCGA_ESCA_outer_test,survpfn,0,1095,0.175,0.49828198488814207,0.49828198488814207
TCGA_ESCA_outer_test,survpfn,0,1095,0.2,0.48896940233517977,0.481647652184379
TCGA_ESCA_outer_test,survpfn,0,1095,0.225,0.4724428143200128,0.46394013672553447
TCGA_ESCA_outer_test,survpfn,0,1095,0.25,0.45709741475821053,0.4450521202361002
TCGA_ESCA_outer_test,survpfn,0,1095,0.275,0.42741647373025793,0.42486148191980844
TCGA_ESCA_outer_test,survpfn,0,1095,0.3,0.4019598265359705,0.403228655152353
TCGA_ESCA_outer_test,survpfn,0,1095,0.325,0.3831097563446775,0.37999339677249344
TCGA_ESCA_outer_test,survpfn,0,1095,0.35,0.34584063075789706,0.3549708108249524
TCGA_ESCA_outer_test,survpfn,0,1095,0.375,0.27882121033473284,0.32794641800160806
TCGA_ESCA_outer_test,survpfn,0,1095,0.4,0.22797319234268618,0.298669992442985
TCGA_ESCA_outer_test,survpfn,0,1095,0.425,0.19082812222728998,0.2668477907488295
TCGA_ESCA_outer_test,survpfn,0,1095,0.45,0.1432218188713539,0.23213266162793272
TCGA_ESCA_outer_test,survpfn,0,1095,0.475,0.11678882566569901,0.19411132973361706
TCGA_ESCA_outer_test,survpfn,0,1095,0.5,0.08068857639642435,0.15228786464986982
TCGA_ESCA_outer_test,survpfn,0,1095,0.525,0.05503804393272527,0.10606192955730709
TCGA_ESCA_outer_test,survpfn,0,1095,0.55,0.021832095982709354,0.054699779454459585
TCGA_ESCA_outer_test,survpfn,0,1095,0.575,0.02916736650215973,-0.0027049765428402983
TCGA_ESCA_outer_test,survpfn,0,1095,0.6,0.006763186869936738,-0.06728532703980294
TCGA_ESCA_outer_test,survpfn,1,365,0.05,0.19575271860359122,0.19575271860359122
TCGA_ESCA_outer_test,survpfn,1,365,0.075,0.16779673557554464,0.17401723056578228
TCGA_ESCA_outer_test,survpfn,1,365,0.1,0.13410738771135527,0.15107421541476174
TCGA_ESCA_outer_test,survpfn,1,365,0.125,0.11312554841946151,0.12682017082654
TCGA_ESCA_outer_test,survpfn,1,365,0.15,0.08488741557543832,0.10113941773312876
TCGA_ESCA_outer_test,survpfn,1,365,0.175,0.07980578442623006,0.07390225536132897
TCGA_ESCA_outer_test,survpfn,1,365,0.2,0.06561718859330716,0.04496277034129165
TCGA_ESCA_outer_test,survpfn,1,365,0.225,0.040933203019603265,0.01415622177157455
TCGA_ESCA_outer_test,survpfn,1,365,0.25,0.03008885512225007,-0.018704096702790357
TCGA_ESCA_outer_test,survpfn,1,365,0.275,0.005274738287002076,-0.05383064403745633
TCGA_ESCA_outer_test,survpfn,1,365,0.3,-0.021332110799086257,-0.09146623046745553
TCGA_ESCA_outer_test,survpfn,1,365,0.325,-0.03659876066680154,-0.13188963811449175
TCGA_ESCA_outer_test,survpfn,1,365,0.35,-0.029803979211933125,-0.17542253865745375
TCGA_ESCA_outer_test,survpfn,1,365,0.375,-0.02782835188726114,-0.22243807124385293
TCGA_ESCA_outer_test,survpfn,1,365,0.4,-0.03703774296942656,-0.2733715648791186
TCGA_ESCA_outer_test,survpfn,1,365,0.425,-0.03252404632490741,-0.328734057960929
TCGA_ESCA_outer_test,survpfn,1,365,0.45,-0.015552385988200634,-0.3891295049592677
TCGA_ESCA_outer_test,survpfn,1,365,0.475,-0.006080502601902951,-0.4552768992907814
TCGA_ESCA_outer_test,survpfn,1,365,0.5,-0.00672055550736642,-0.5280390330554466
TCGA_ESCA_outer_test,survpfn,1,365,0.525,-0.007427982402878676,-0.6084603387953398
TCGA_ESCA_outer_test,survpfn,1,365,0.55,-0.008214012286781182,-0.6978173451729989
TCGA_ESCA_outer_test,survpfn,1,365,0.575,-0.009092516274672214,-0.7976869405362644
TCGA_ESCA_outer_test,survpfn,1,365,0.6,-0.010080833261049629,-0.9100402353199387
TCGA_ESCA_outer_test,survpfn,1,1095,0.05,0.5659048281645743,0.5659048281645743
TCGA_ESCA_outer_test,survpfn,1,1095,0.075,0.5536427624273782,0.5536427624273782
TCGA_ESCA_outer_test,survpfn,1,1095,0.1,0.5406994708158933,0.5406994708158933
TCGA_ESCA_outer_test,survpfn,1,1095,0.125,0.5270165625408951,0.5270165625408951
TCGA_ESCA_outer_test,survpfn,1,1095,0.15,0.5125287773085441,0.5125287773085441
TCGA_ESCA_outer_test,survpfn,1,1095,0.175,0.48483457755505666,0.49716294448635345
TCGA_ESCA_outer_test,survpfn,1,1095,0.2,0.46240050824042,0.480836747112776
TCGA_ESCA_outer_test,survpfn,1,1095,0.225,0.4450210078104827,0.4634572466828387
TCGA_ESCA_outer_test,survpfn,1,1095,0.25,0.42648287401854956,0.4449191128909056
TCGA_ESCA_outer_test,survpfn,1,1095,0.275,0.41623633418999717,0.4251024871133219
TCGA_ESCA_outer_test,survpfn,1,1095,0.3,0.4073391284530732,0.4038703880659108
TCGA_ESCA_outer_test,survpfn,1,1095,0.325,0.3688863085802978,0.38106554094091377
TCGA_ESCA_outer_test,survpfn,1,1095,0.35,0.32624463657612124,0.3565064748063015
TCGA_ESCA_outer_test,survpfn,1,1095,0.375,0.2579186167160013,0.3299826833809203
TCGA_ESCA_outer_test,survpfn,1,1095,0.4,0.21824880868208324,0.3012485760034239
TCGA_ESCA_outer_test,survpfn,1,1095,0.425,0.18620011927627655,0.27001585059310185
TCGA_ESCA_outer_test,survpfn,1,1095,0.45,0.15919770103291908,0.23594378650911418
TCGA_ESCA_outer_test,survpfn,1,1095,0.475,0.131358313728226,0.1986267639409371
TCGA_ESCA_outer_test,survpfn,1,1095,0.5,0.07695780139008929,0.15757803911594231
TCGA_ESCA_outer_test,survpfn,1,1095,0.525,0.06286596957974985,0.11220839588831649
TCGA_ESCA_outer_test,survpfn,1,1095,0.55,0.04371475686163023,0.06179768119095452
TCGA_ESCA_outer_test,survpfn,1,1095,0.575,0.0289847631886197,0.005456294176255927
TCGA_ESCA_outer_test,survpfn,1,1095,0.6,0.04707507300190897,-0.05792776621528006
TCGA_ESCA_outer_test,survpfn,2,365,0.05,0.19601620363228944,0.19601620363228944
TCGA_ESCA_outer_test,survpfn,2,365,0.075,0.17425411149844106,0.17425411149844106
TCGA_ESCA_outer_test,survpfn,2,365,0.1,0.15201667888239587,0.15128301424604557
TCGA_ESCA_outer_test,survpfn,2,365,0.125,0.12985153796408,0.12699928286494175
TCGA_ESCA_outer_test,survpfn,2,365,0.15,0.09559869880393257,0.10128709669671418
TCGA_ESCA_outer_test,survpfn,2,365,0.175,0.07380131330008816,0.07401659621526069
TCGA_ESCA_outer_test,survpfn,2,365,0.2,0.054814708656564445,0.045041689453716366
TCGA_ESCA_outer_test,survpfn,2,365,0.225,0.043994560291595486,0.014197433868846587
TCGA_ESCA_outer_test,survpfn,2,365,0.25,0.01945536612777571,-0.018703105421681132
TCGA_ESCA_outer_test,survpfn,2,365,0.275,-0.0012745163159265799,-0.05387264742190051
TCGA_ESCA_outer_test,survpfn,2,365,0.3,-0.02105177957340515,-0.09155429956499261
TCGA_ESCA_outer_test,survpfn,2,365,0.325,-0.022263034555478664,-0.1320271852001656
TCGA_ESCA_outer_test,survpfn,2,365,0.35,-0.02426736434677,-0.1756133697303519
TCGA_ESCA_outer_test,survpfn,2,365,0.375,-0.029085387887333284,-0.2226864490229532
TCGA_ESCA_outer_test,survpfn,2,365,0.4,-0.028214320639277028,-0.2736822849232713
TCGA_ESCA_outer_test,survpfn,2,365,0.425,-0.009919221994727721,-0.32911254133666046
TCGA_ESCA_outer_test,survpfn,2,365,0.45,-0.005443573622661711,-0.38958191196944847
TCGA_ESCA_outer_test,survpfn,2,365,0.475,-0.006019613159451311,-0.45581027028154975
TCGA_ESCA_outer_test,survpfn,2,365,0.5,-0.00665325664991987,-0.5286614644248613
TCGA_ESCA_outer_test,survpfn,2,365,0.525,-0.007353599455174595,-0.6091812053201003
TCGA_ESCA_outer_test,survpfn,2,365,0.55,-0.008131758127679842,-0.6986475840925881
TCGA_ESCA_outer_test,survpfn,2,365,0.575,-0.009001464879303351,-0.7986394191912506
TCGA_ESCA_outer_test,survpfn,2,365,0.6,-0.009979884974879805,-0.9111302336772463
TCGA_ESCA_outer_test,survpfn,2,1095,0.05,0.5725853258189347,0.5725853258189347
TCGA_ESCA_outer_test,survpfn,2,1095,0.075,0.5605376619614937,0.5605376619614937
TCGA_ESCA_outer_test,survpfn,2,1095,0.1,0.5478206834453059,0.5478206834453059
TCGA_ESCA_outer_test,survpfn,2,1095,0.125,0.5343770204424788,0.5343770204424788
TCGA_ESCA_outer_test,survpfn,2,1095,0.15,0.520142553733603,0.520142553733603
TCGA_ESCA_outer_test,survpfn,2,1095,0.175,0.5050453920726742,0.5050453920726742
TCGA_ESCA_outer_test,survpfn,2,1095,0.2,0.4890046578079372,0.4890046578079372
TCGA_ESCA_outer_test,survpfn,2,1095,0.225,0.47842710063689936,0.4719290374616044
TCGA_ESCA_outer_test,survpfn,2,1095,0.25,0.46270567640919,0.4537150424255161
TCGA_ESCA_outer_test,survpfn,2,1095,0.275,0.43305940309535496,0.43424490980073194
TCGA_ESCA_outer_test,survpfn,2,1095,0.3,0.4144561947023139,0.41338405341703477
TCGA_ESCA_outer_test,survpfn,2,1095,0.325,0.3944749708727513,0.3909779484123229
TCGA_ESCA_outer_test,survpfn,2,1095,0.35,0.3397707561497395,0.36684829686878706
TCGA_ESCA_outer_test,survpfn,2,1095,0.375,0.31923876851989313,0.34078827320176835
TCGA_ESCA_outer_test,survpfn,2,1095,0.4,0.21524431647581685,0.3125565808958314
TCGA_ESCA_outer_test,survpfn,2,1095,0.425,0.17902307252540176,0.28186995882416077
TCGA_ESCA_outer_test,survpfn,2,1095,0.45,0.14107749985363943,0.24839364383688378
TCGA_ESCA_outer_test,survpfn,2,1095,0.475,0.10696345489330356,0.2117291083746281
TCGA_ESCA_outer_test,survpfn,2,1095,0.5,0.09410076559052624,0.17139811936614668
TCGA_ESCA_outer_test,survpfn,2,1095,0.525,0.06397346772947154,0.1268217630936146
TCGA_ESCA_outer_test,survpfn,2,1095,0.55,-0.016430248072328846,0.07729247834635677
TCGA_ESCA_outer_test,survpfn,2,1095,0.575,-0.05852125048396711,0.02193621892295128
TCGA_ESCA_outer_test,survpfn,2,1095,0.6,-0.06317704683286432,-0.040339572928380196
TCGA_ESCA_outer_test,survpfn,3,365,0.05,0.19561951994080845,0.19561951994080845
TCGA_ESCA_outer_test,survpfn,3,365,0.075,0.17384024068605686,0.17384024068605686
TCGA_ESCA_outer_test,survpfn,3,365,0.1,0.15085100147270794,0.15085100147270794
TCGA_ESCA_outer_test,survpfn,3,365,0.125,0.11592923935286005,0.12654809144716767
TCGA_ESCA_outer_test,survpfn,3,365,0.15,0.09767266523438778,0.10081559847894855
TCGA_ESCA_outer_test,survpfn,3,365,0.175,0.09349259521080472,0.0735235604823525
TCGA_ESCA_outer_test,survpfn,3,365,0.2,0.05780199309956362,0.044525770110969254
TCGA_ESCA_outer_test,survpfn,3,365,0.225,0.04853780049217325,0.013657154554335471
TCGA_ESCA_outer_test,survpfn,3,365,0.25,0.035445664420045514,-0.019269368706073958
TCGA_ESCA_outer_test,survpfn,3,365,0.275,0.014579334665062657,-0.05446668667409785
TCGA_ESCA_outer_test,survpfn,3,365,0.3,-0.018637606832803993,-0.09217809878269476
TCGA_ESCA_outer_test,survpfn,3,365,0.325,-0.025580332874892447,-0.13268294882526185
TCGA_ESCA_outer_test,survpfn,3,365,0.35,-0.02311591761292467,-0.1763035565634111
TCGA_ESCA_outer_test,survpfn,3,365,0.375,-0.012084506677744133,-0.22341381292061227
TCGA_ESCA_outer_test,survpfn,3,365,0.4,-0.027301302083488767,-0.27444992397424695
TCGA_ESCA_outer_test,survpfn,3,365,0.425,-0.003968818384982711,-0.3299239577281975
TCGA_ESCA_outer_test,survpfn,3,365,0.45,-0.005047256825508719,-0.39044108545977985
TCGA_ESCA_outer_test,survpfn,3,365,0.475,-0.006228403688941965,-0.4567217491657988
TCGA_ESCA_outer_test,survpfn,3,365,0.5,-0.007527665238718536,-0.5296304792424197
TCGA_ESCA_outer_test,survpfn,3,365,0.525,-0.008963691162155799,-0.6102138124850006
TCGA_ESCA_outer_test,survpfn,3,365,0.55,-0.010559275521530536,-0.6997508494212017
TCGA_ESCA_outer_test,survpfn,3,365,0.575,-0.012342575687890529,-0.7998216554087201
TCGA_ESCA_outer_test,survpfn,3,365,0.6,0.0,-0.9124013121446788
TCGA_ESCA_outer_test,survpfn,3,1095,0.05,0.5679134763873336,0.5679134763873336
TCGA_ESCA_outer_test,survpfn,3,1095,0.075,0.5556100674800062,0.5556100674800062
TCGA_ESCA_outer_test,survpfn,3,1095,0.1,0.5426231358556051,0.5426231358556051
TCGA_ESCA_outer_test,survpfn,3,1095,0.125,0.5288940938526666,0.5288940938526666
TCGA_ESCA_outer_test,survpfn,3,1095,0.15,0.5143574611436731,0.5143574611436731
TCGA_ESCA_outer_test,survpfn,3,1095,0.175,0.4989398203917102,0.4989398203917102
TCGA_ESCA_outer_test,survpfn,3,1095,0.2,0.48255857709274963,0.48255857709274963
TCGA_ESCA_outer_test,survpfn,3,1095,0.225,0.45879871995952726,0.46512047938740453
TCGA_ESCA_outer_test,survpfn,3,1095,0.25,0.4401980824071591,0.44651984183503635
TCGA_ESCA_outer_test,survpfn,3,1095,0.275,0.41415496204660873,0.4266364016928498
TCGA_ESCA_outer_test,survpfn,3,1095,0.3,0.4035654729346845,0.4053327158262212
TCGA_ESCA_outer_test,survpfn,3,1095,0.325,0.3875438755566286,0.3824509791546573
TCGA_ESCA_outer_test,survpfn,3,1095,0.35,0.3529217726344436,0.357809108892973
TCGA_ESCA_outer_test,survpfn,3,1095,0.375,0.31181293543987554,0.331195889010354
TCGA_ESCA_outer_test,survpfn,3,1095,0.4,0.26409590905934194,0.3023649008041833
TCGA_ESCA_outer_test,survpfn,3,1095,0.425,0.1616176690160967,0.2710268701453023
TCGA_ESCA_outer_test,survpfn,3,1095,0.45,0.16537168446317715,0.23683992760834116
TCGA_ESCA_outer_test,survpfn,3,1095,0.475,0.13766224817689834,0.1993970857821456
TCGA_ESCA_outer_test,survpfn,3,1095,0.5,0.1074448540314909,0.1582099597733304
TCGA_ESCA_outer_test,survpfn,3,1095,0.525,0.048630379454803585,0.11268734681621889
TCGA_ESCA_outer_test,survpfn,3,1095,0.55,0.028552800162796516,0.06210666575276169
TCGA_ESCA_outer_test,survpfn,3,1095,0.575,-0.016840487778215008,0.005575316328897961
TCGA_ESCA_outer_test,survpfn,3,1095,0.6,0.0692075018570246,-0.05802245177294896
TCGA_ESCA_outer_test,survpfn,4,365,0.05,0.1956361450224554,0.1956361450224554
TCGA_ESCA_outer_test,survpfn,4,365,0.075,0.17388560540124234,0.17388560540124234
TCGA_ESCA_outer_test,survpfn,4,365,0.1,0.15092670246773965,0.15092670246773965
TCGA_ESCA_outer_test,survpfn,4,365,0.125,0.11644143661230512,0.12665586222375108
TCGA_ESCA_outer_test,survpfn,4,365,0.15,0.0937554862248369,0.100957325494822
TCGA_ESCA_outer_test,survpfn,4,365,0.175,0.07203971066482459,0.07370130169141237
TCGA_ESCA_outer_test,survpfn,4,365,0.2,0.046768857153804216,0.044741776400289646
TCGA_ESCA_outer_test,survpfn,4,365,0.225,0.05049016478167326,0.013913894638771906
TCGA_ESCA_outer_test,survpfn,4,365,0.25,0.03841545636699692,-0.01896917924018035
TCGA_ESCA_outer_test,survpfn,4,365,0.275,-0.011389776950295027,-0.05412005131768108
TCGA_ESCA_outer_test,survpfn,4,365,0.3,-0.01465712264519238,-0.09178169997214605
TCGA_ESCA_outer_test,survpfn,4,365,0.325,-0.03731579648324161,-0.13223310037879368
TCGA_ESCA_outer_test,survpfn,4,365,0.35,-0.047311647563188786,-0.17579614697056803
TCGA_ESCA_outer_test,survpfn,4,365,0.375,-0.038714749082528845,-0.22284423728968436
TCGA_ESCA_outer_test,survpfn,4,365,0.4,-0.03119035286292525,-0.2738130018020605
TCGA_ESCA_outer_test,survpfn,4,365,0.425,-0.02791792650424569,-0.3292138327937735
TCGA_ESCA_outer_test,survpfn,4,365,0.45,-0.021725178529698443,-0.38965110296655125
TCGA_ESCA_outer_test,survpfn,4,365,0.475,-0.018018104415503867,-0.4558443036319746
TCGA_ESCA_outer_test,survpfn,4,365,0.5,-0.0066382489951856355,-0.5286568243639403
TCGA_ESCA_outer_test,survpfn,4,365,0.525,-0.00733701204731044,-0.6091338209624289
TCGA_ESCA_outer_test,survpfn,4,365,0.55,-0.008113415438560223,-0.6985527060718605
TCGA_ESCA_outer_test,survpfn,4,365,0.575,-0.008981160405251152,-0.7984914600176953
TCGA_ESCA_outer_test,survpfn,4,365,0.6,0.0,-0.9109225582067602
TCGA_ESCA_outer_test,survpfn,4,1095,0.05,0.5662521397886068,0.5662521397886068
TCGA_ESCA_outer_test,survpfn,4,1095,0.075,0.5539380733227813,0.5539380733227813
TCGA_ESCA_outer_test,survpfn,4,1095,0.1,0.540939892053299,0.540939892053299
TCGA_ESCA_outer_test,survpfn,4,1095,0.125,0.5271989575684175,0.5271989575684175
TCGA_ESCA_outer_test,survpfn,4,1095,0.15,0.5126497328197196,0.5126497328197196
TCGA_ESCA_outer_test,survpfn,4,1095,0.175,0.4972187368741309,0.4972187368741309
TCGA_ESCA_outer_test,survpfn,4,1095,0.2,0.4808233036819428,0.4808233036819428
TCGA_ESCA_outer_test,survpfn,4,1095,0.225,0.45730213669480935,0.46337010060638784
TCGA_ESCA_outer_test,survpfn,4,1095,0.25,0.43261742283597227,0.44475335065912913
TCGA_ESCA_outer_test,survpfn,4,1095,0.275,0.4224230340588553,0.4248526869224043
TCGA_ESCA_outer_test,survpfn,4,1095,0.3,0.3960903904575189,0.4035305472044849
TCGA_ESCA_outer_test,survpfn,4,1095,0.325,0.3620472326700219,0.3806289897296826
TCGA_ESCA_outer_test,survpfn,4,1095,0.35,0.3344527510917631,0.3559657739875878
TCGA_ESCA_outer_test,survpfn,4,1095,0.375,0.2367073892044049,0.32932950098612535
TCGA_ESCA_outer_test,survpfn,4,1095,0.4,0.19792195840943788,0.3004735385678744
TCGA_ESCA_outer_test,survpfn,4,1095,0.425,0.16554949914956904,0.26910836202629723
TCGA_ESCA_outer_test,survpfn,4,1095,0.45,0.14051715996679479,0.23489180579912228
TCGA_ESCA_outer_test,survpfn,4,1095,0.475,0.11168294232070788,0.1974165299312639
TCGA_ESCA_outer_test,survpfn,4,1095,0.5,0.06619196588572773,0.15619372647661967
TCGA_ESCA_outer_test,survpfn,4,1095,0.525,0.022646757904397352,0.11063168055306549
TCGA_ESCA_outer_test,survpfn,4,1095,0.55,0.02455528086804909,0.06000718508244973
TCGA_ESCA_outer_test,survpfn,4,1095,0.575,0.010759900499719754,0.0034268666152912353
TCGA_ESCA_outer_test,survpfn,4,1095,0.6,0.00012967381184339488,-0.060225991660262435
TCGA_ESCA_outer_test,survpfn,5,365,0.05,0.19589743857575062,0.19589743857575062
TCGA_ESCA_outer_test,survpfn,5,365,0.075,0.1685979414005269,0.17413413410127
TCGA_ESCA_outer_test,survpfn,5,365,0.1,0.14582012910095316,0.15116175715598484
TCGA_ESCA_outer_test,survpfn,5,365,0.125,0.12269178258706166,0.12687667295668342
TCGA_ESCA_outer_test,survpfn,5,365,0.15,0.07579571028551847,0.1011630543927172
TCGA_ESCA_outer_test,survpfn,5,365,0.175,0.05855448313257232,0.07389103470366212
TCGA_ESCA_outer_test,survpfn,5,365,0.2,0.047891330706406096,0.0449145137840411
TCGA_ESCA_outer_test,survpfn,5,365,0.225,0.03482274186199508,0.014068539901863908
TCGA_ESCA_outer_test,survpfn,5,365,0.25,0.024166499981423742,-0.01883383223912513
TCGA_ESCA_outer_test,survpfn,5,365,0.275,-0.008693133952034499,-0.05400533349328587
TCGA_ESCA_outer_test,survpfn,5,365,0.3,-0.0087331944178341,-0.09168908483702945
TCGA_ESCA_outer_test,survpfn,5,365,0.325,-0.009289749983881601,-0.13216422516919843
TCGA_ESCA_outer_test,survpfn,5,365,0.35,-0.023459802424835363,-0.1757528378346113
TCGA_ESCA_outer_test,survpfn,5,365,0.375,-0.0175532761829617,-0.22282853951325712
TCGA_ESCA_outer_test,survpfn,5,365,0.4,-0.009761849860858589,-0.2738272163317902
TCGA_ESCA_outer_test,survpfn,5,365,0.425,-0.000998473300896717,-0.32926056069976084
TCGA_ESCA_outer_test,survpfn,5,365,0.45,0.0065508597408802825,-0.3897333000102742
TCGA_ESCA_outer_test,survpfn,5,365,0.475,0.012024545516137457,-0.45596534782655074
TCGA_ESCA_outer_test,survpfn,5,365,0.5,0.0,-0.5288206004244551
TCGA_ESCA_outer_test,survpfn,5,365,0.525,0.0,-0.6093448269800337
TCGA_ESCA_outer_test,survpfn,5,365,0.55,0.0,-0.6988161898195653
TCGA_ESCA_outer_test,survpfn,5,365,0.575,0.0,-0.7988135953461001
TCGA_ESCA_outer_test,survpfn,5,365,0.6,0.0,-0.9113106765634525
TCGA_ESCA_outer_test,survpfn,5,1095,0.05,0.5732042075425395,0.5732042075425395
TCGA_ESCA_outer_test,survpfn,5,1095,0.075,0.5608097756105387,0.5608097756105387
TCGA_ESCA_outer_test,survpfn,5,1095,0.1,0.54772676412676,0.54772676412676
TCGA_ESCA_outer_test,survpfn,5,1095,0.125,0.5338961519867653,0.5338961519867653
TCGA_ESCA_outer_test,survpfn,5,1095,0.15,0.5192519744267711,0.5192519744267711
TCGA_ESCA_outer_test,survpfn,5,1095,0.175,0.49765875370988605,0.5037202709540498
TCGA_ESCA_outer_test,survpfn,5,1095,0.2,0.4811563187701197,0.48721783601428353
TCGA_ESCA_outer_test,survpfn,5,1095,0.225,0.463589210608433,0.4696507278525968
TCGA_ESCA_outer_test,survpfn,5,1095,0.25,0.44485096190263385,0.45091247914679766
TCGA_ESCA_outer_test,survpfn,5,1095,0.275,0.42482042018264166,0.4308819374268055
TCGA_ESCA_outer_test,survpfn,5,1095,0.3,0.4271812438001169,0.4094206427268138
TCGA_ESCA_outer_test,survpfn,5,1095,0.325,0.375892152993479,0.3863696224934895
TCGA_ESCA_outer_test,survpfn,5,1095,0.35,0.33522737865295793,0.3615454468576017
TCGA_ESCA_outer_test,survpfn,5,1095,0.375,0.2287056978003881,0.33473533717084286
TCGA_ESCA_outer_test,survpfn,5,1095,0.4,0.17570179068030695,0.3056910516768541
TCGA_ESCA_outer_test,survpfn,5,1095,0.425,0.12823890135024926,0.2741211761399099
TCGA_ESCA_outer_test,survpfn,5,1095,0.45,0.12075097559476253,0.23968131191778902
TCGA_ESCA_outer_test,survpfn,5,1095,0.475,0.08596605849892619,0.20196146062689457
TCGA_ESCA_outer_test,survpfn,5,1095,0.5,0.05645414835948709,0.1604696242069107
TCGA_ESCA_outer_test,survpfn,5,1095,0.525,0.018274705800173707,0.1146102260585074
TCGA_ESCA_outer_test,survpfn,5,1095,0.55,-0.0016056886490371514,0.06365533922694833
TCGA_ESCA_outer_test,survpfn,5,1095,0.575,-0.027311470187509845,0.0067057598269706364
TCGA_ESCA_outer_test,survpfn,5,1095,0.6,0.019733429809856623,-0.05736251699800454
TCGA_ESCA_outer_test,survpfn,6,365,0.05,0.19572563707282267,0.19572563707282267
TCGA_ESCA_outer_test,survpfn,6,365,0.075,0.17393939007034137,0.17393939007034137
TCGA_ESCA_outer_test,survpfn,6,365,0.1,0.15094279601216667,0.15094279601216667
TCGA_ESCA_outer_test,survpfn,6,365,0.125,0.11805992850047703,0.1266321108649534
TCGA_ESCA_outer_test,survpfn,6,365,0.15,0.08559410538722279,0.10089138541496293
TCGA_ESCA_outer_test,survpfn,6,365,0.175,0.06642548158693143,0.07359061599830632
TCGA_ESCA_outer_test,survpfn,6,365,0.2,0.060025398976424324,0.04458354849310869
TCGA_ESCA_outer_test,survpfn,6,365,0.225,0.051871612958367175,0.013705057277898336
TCGA_ESCA_outer_test,survpfn,6,365,0.25,0.02608756429052378,-0.019232000018326117
TCGA_ESCA_outer_test,survpfn,6,365,0.275,0.01851381434241621,-0.05444057850739362
TCGA_ESCA_outer_test,survpfn,6,365,0.3,0.004303929599457107,-0.0921640554599659
TCGA_ESCA_outer_test,survpfn,6,365,0.325,-0.0026359647788603557,-0.1326818640386546
TCGA_ESCA_outer_test,survpfn,6,365,0.35,0.00016559067859434062,-0.17631642712339637
TCGA_ESCA_outer_test,survpfn,6,365,0.375,-0.026653693155722226,-0.22344175525491747
TCGA_ESCA_outer_test,survpfn,6,365,0.4,-0.028349839312185664,-0.2744941940640653
TCGA_ESCA_outer_test,survpfn,6,365,0.425,-0.03327336248970356,-0.3299859753783564
TCGA_ESCA_outer_test,survpfn,6,365,0.45,-0.02115366664812802,-0.3905224640848557
TCGA_ESCA_outer_test,survpfn,6,365,0.475,-0.011833864369746452,-0.4568243326681646
TCGA_ESCA_outer_test,survpfn,6,365,0.5,-0.006692060725694393,-0.5297563881098044
TCGA_ESCA_outer_test,survpfn,6,365,0.525,-0.00739648817050433,-0.6103655020189852
TCGA_ESCA_outer_test,survpfn,6,365,0.55,-0.008179185331404258,-0.6999311841402973
TCGA_ESCA_outer_test,survpfn,6,365,0.575,-0.00905396451123359,-0.8000340053347045
TCGA_ESCA_outer_test,survpfn,6,365,0.6,0.0,-0.912649679178413
TCGA_ESCA_outer_test,survpfn,6,1095,0.05,0.5705855207587811,0.5705855207587811
TCGA_ESCA_outer_test,survpfn,6,1095,0.075,0.5578032542901508,0.5578032542901508
TCGA_ESCA_outer_test,survpfn,6,1095,0.1,0.5443108619065965,0.5443108619065965
TCGA_ESCA_outer_test,survpfn,6,1095,0.125,0.5300474756725534,0.5300474756725534
TCGA_ESCA_outer_test,survpfn,6,1095,0.15,0.5149450667188606,0.5149450667188606
TCGA_ESCA_outer_test,survpfn,6,1095,0.175,0.4989273602528229,0.4989273602528229
TCGA_ESCA_outer_test,survpfn,6,1095,0.2,0.4819085471326578,0.4819085471326578
TCGA_ESCA_outer_test,survpfn,6,1095,0.225,0.46379174606925627,0.46379174606925627
TCGA_ESCA_outer_test,survpfn,6,1095,0.25,0.45336231566054724,0.44446715826829464
TCGA_ESCA_outer_test,survpfn,6,1095,0.275,0.4156602070879132,0.42380984027416324
TCGA_ESCA_outer_test,survpfn,6,1095,0.3,0.3886203557313481,0.4016769995661653
TCGA_ESCA_outer_test,survpfn,6,1095,0.325,0.39364916969411545,0.37790468917609343
TCGA_ESCA_outer_test,survpfn,6,1095,0.35,0.3477219132975376,0.35230373952524685
TCGA_ESCA_outer_test,survpfn,6,1095,0.375,0.28616332337518247,0.3246547139023324
TCGA_ESCA_outer_test,survpfn,6,1095,0.4,0.236980851866452,0.29470160281084185
TCGA_ESCA_outer_test,survpfn,6,1095,0.425,0.16949239279801984,0.26214387336356954
TCGA_ESCA_outer_test,survpfn,6,1095,0.45,0.1707241691118741,0.22662635033018158
TCGA_ESCA_outer_test,survpfn,6,1095,0.475,0.1372538192117302,0.18772620605551854
TCGA_ESCA_outer_test,survpfn,6,1095,0.5,0.10670537200099622,0.14493604735338916
TCGA_ESCA_outer_test,survpfn,6,1095,0.525,0.043685128419785335,0.09764166141945668
TCGA_ESCA_outer_test,survpfn,6,1095,0.55,0.04203293963111662,0.0450923437150873
TCGA_ESCA_outer_test,survpfn,6,1095,0.575,0.05043719932269122,-0.013639246660384186
TCGA_ESCA_outer_test,survpfn,6,1095,0.6,0.038097906339265825,-0.07971228583278989
TCGA_ESCA_outer_test,survpfn,7,365,0.05,0.19685926315439747,0.19685926315439747
TCGA_ESCA_outer_test,survpfn,7,365,0.075,0.17508008897767047,0.17508008897767047
TCGA_ESCA_outer_test,survpfn,7,365,0.1,0.1528033535407884,0.15209096068001413
TCGA_ESCA_outer_test,survpfn,7,365,0.125,0.11323055728994195,0.12778816790820602
TCGA_ESCA_outer_test,survpfn,7,365,0.15,0.08575458394926345,0.10205579909099746
TCGA_ESCA_outer_test,survpfn,7,365,0.175,0.07309940169453691,0.07476389276971562
TCGA_ESCA_outer_test,survpfn,7,365,0.2,0.055853610089899794,0.04576624230335369
TCGA_ESCA_outer_test,survpfn,7,365,0.225,0.0474096331914316,0.014897775677871622
TCGA_ESCA_outer_test,survpfn,7,365,0.25,0.03241439385177948,-0.018028588722642597
TCGA_ESCA_outer_test,survpfn,7,365,0.275,0.01948984873694916,-0.05322573687491641
TCGA_ESCA_outer_test,survpfn,7,365,0.3,0.010270880366541738,-0.09093696703806689
TCGA_ESCA_outer_test,survpfn,7,365,0.325,0.008994683187241143,-0.131441621657747
TCGA_ESCA_outer_test,survpfn,7,365,0.35,-0.007312756212205396,-0.17506201894047954
TCGA_ESCA_outer_test,survpfn,7,365,0.375,-0.008659370090080554,-0.22217204800583065
TCGA_ESCA_outer_test,survpfn,7,365,0.4,-0.015635091493507558,-0.2732079128266277
TCGA_ESCA_outer_test,survpfn,7,365,0.425,0.0010341642822738386,-0.3286816789361897
TCGA_ESCA_outer_test,survpfn,7,365,0.45,0.0004928549033424885,-0.38919851469207545
TCGA_ESCA_outer_test,survpfn,7,365,0.475,-0.006195414725054773,-0.45547885861518833
TCGA_ESCA_outer_test,survpfn,7,365,0.5,-0.006847563643481591,-0.5283872369306127
TCGA_ESCA_outer_test,survpfn,7,365,0.525,-0.007568359816479654,-0.6089701813845029
TCGA_ESCA_outer_test,survpfn,7,365,0.55,0.0,-0.6985067863332696
TCGA_ESCA_outer_test,survpfn,7,365,0.575,0.0,-0.7985771095113026
TCGA_ESCA_outer_test,survpfn,7,365,0.6,0.0,-0.9111562230865902
TCGA_ESCA_outer_test,survpfn,7,1095,0.05,0.5683036589434585,0.5683036589434585
TCGA_ESCA_outer_test,survpfn,7,1095,0.075,0.5565009108543498,0.5565009108543498
TCGA_ESCA_outer_test,survpfn,7,1095,0.1,0.5440424545380684,0.5440424545380684
TCGA_ESCA_outer_test,survpfn,7,1095,0.125,0.5308720864322852,0.5308720864322852
TCGA_ESCA_outer_test,survpfn,7,1095,0.15,0.5169269907908677,0.5169269907908677
TCGA_ESCA_outer_test,survpfn,7,1095,0.175,0.5021367378378492,0.5021367378378492
TCGA_ESCA_outer_test,survpfn,7,1095,0.2,0.48642209407526693,0.48642209407526693
TCGA_ESCA_outer_test,survpfn,7,1095,0.225,0.4575040108205556,0.46969360232800195
TCGA_ESCA_outer_test,survpfn,7,1095,0.25,0.4335425104560996,0.451849877797586
TCGA_ESCA_outer_test,survpfn,7,1095,0.275,0.41446818423393084,0.43277555157541725
TCGA_ESCA_outer_test,survpfn,7,1095,0.3,0.41432401723950896,0.4123387734802364
TCGA_ESCA_outer_test,survpfn,7,1095,0.325,0.38817682689891386,0.3903881599705978
TCGA_ESCA_outer_test,survpfn,7,1095,0.35,0.3336450780390968,0.3667490377294485
TCGA_ESCA_outer_test,survpfn,7,1095,0.375,0.30962631618534603,0.34121878570900716
TCGA_ESCA_outer_test,survpfn,7,1095,0.4,0.24089393583373564,0.31356101268686243
TCGA_ESCA_outer_test,survpfn,7,1095,0.425,0.16276317364521883,0.28349821592366165
TCGA_ESCA_outer_test,survpfn,7,1095,0.45,0.13585234824280487,0.2507024376365336
TCGA_ESCA_outer_test,survpfn,7,1095,0.475,0.12483624762271439,0.2147832518934885
TCGA_ESCA_outer_test,survpfn,7,1095,0.5,0.0957754008162939,0.1752721475761389
TCGA_ESCA_outer_test,survpfn,7,1095,0.525,0.048496378209017366,0.13160197964643672
TCGA_ESCA_outer_test,survpfn,7,1095,0.55,0.009481816274179433,0.08307957083565642
TCGA_ESCA_outer_test,survpfn,7,1095,0.575,0.04933607475892804,0.028848643341255253
TCGA_ESCA_outer_test,survpfn,7,1095,0.6,0.12148734225659621,-0.032161150089946355
TCGA_ESCA_outer_test,survpfn,8,365,0.05,0.19559642990338,0.19559642990338
TCGA_ESCA_outer_test,survpfn,8,365,0.075,0.17384546180618615,0.17384546180618615
TCGA_ESCA_outer_test,survpfn,8,365,0.1,0.14541967609731854,0.15088610659248153
TCGA_ESCA_outer_test,survpfn,8,365,0.125,0.11770434585889679,0.12661478822370809
TCGA_ESCA_outer_test,survpfn,8,365,0.15,0.08935276847536079,0.10091574524500677
TCGA_ESCA_outer_test,survpfn,8,365,0.175,0.05064442772147357,0.07365918451002054
TCGA_ESCA_outer_test,survpfn,8,365,0.2,0.041841570928427566,0.04469908872909767
TCGA_ESCA_outer_test,survpfn,8,365,0.225,0.029466323428838148,0.0138705996719862
TCGA_ESCA_outer_test,survpfn,8,365,0.25,0.016663968909965757,-0.019013121988932652
TCGA_ESCA_outer_test,survpfn,8,365,0.275,0.009723067154660675,-0.054164686523018396
TCGA_ESCA_outer_test,survpfn,8,365,0.3,0.00023650014306500489,-0.09182707709525303
TCGA_ESCA_outer_test,survpfn,8,365,0.325,0.009195106483377763,-0.1322792743765421
TCGA_ESCA_outer_test,survpfn,8,365,0.35,0.0143099386423277,-0.17584317914100725
TCGA_ESCA_outer_test,survpfn,8,365,0.375,-0.0013446037750018958,-0.22289219628662968
TCGA_ESCA_outer_test,survpfn,8,365,0.4,-0.003929626044785153,-0.27386196486105396
TCGA_ESCA_outer_test,survpfn,8,365,0.425,-0.013180566050847262,-0.32926388722455857
TCGA_ESCA_outer_test,survpfn,8,365,0.45,-0.010529460192176014,-0.38970234798474546
TCGA_ESCA_outer_test,survpfn,8,365,0.475,-0.006270447142548596,-0.45589685262685475
TCGA_ESCA_outer_test,survpfn,8,365,0.5,-0.007567295979234905,-0.5287108077331752
TCGA_ESCA_outer_test,survpfn,8,365,0.525,-0.009000655219782931,-0.6091893896927926
TCGA_ESCA_outer_test,survpfn,8,365,0.55,-0.010593276598169625,-0.6986100363145896
TCGA_ESCA_outer_test,survpfn,8,365,0.575,-0.01842288200351431,-0.7985507590095388
TCGA_ESCA_outer_test,survpfn,8,365,0.6,-0.020425369177809346,-0.910984072041357
TCGA_ESCA_outer_test,survpfn,8,1095,0.05,0.5686816879181005,0.5686816879181005
TCGA_ESCA_outer_test,survpfn,8,1095,0.075,0.5562998287964593,0.5562998287964593
TCGA_ESCA_outer_test,survpfn,8,1095,0.1,0.5432300886125048,0.5432300886125048
TCGA_ESCA_outer_test,survpfn,8,1095,0.125,0.5294135061323242,0.5294135061323242
TCGA_ESCA_outer_test,survpfn,8,1095,0.15,0.5147841835062507,0.5147841835062507
TCGA_ESCA_outer_test,survpfn,8,1095,0.175,0.4992682352664757,0.4992682352664757
TCGA_ESCA_outer_test,survpfn,8,1095,0.2,0.4827825402617148,0.4827825402617148
TCGA_ESCA_outer_test,survpfn,8,1095,0.225,0.45902583401029295,0.4652332520308403
TCGA_ESCA_outer_test,survpfn,8,1095,0.25,0.4169588304870997,0.4465140112512408
TCGA_ESCA_outer_test,survpfn,8,1095,0.275,0.3731369250491374,0.42650378834891034
TCGA_ESCA_outer_test,survpfn,8,1095,0.3,0.3481231512330703,0.40506426381069915
TCGA_ESCA_outer_test,survpfn,8,1095,0.325,0.3123480456373713,0.38203662634373153
TCGA_ESCA_outer_test,survpfn,8,1095,0.35,0.3059262768763349,0.3572376321485357
TCGA_ESCA_outer_test,survpfn,8,1095,0.375,0.2628442908906603,0.3304547184177241
TCGA_ESCA_outer_test,survpfn,8,1095,0.4,0.19278467944311808,0.30143989520934494
TCGA_ESCA_outer_test,survpfn,8,1095,0.425,0.10767487371435111,0.26990204389588934
TCGA_ESCA_outer_test,survpfn,8,1095,0.45,0.0955884060409826,0.23549711519030136
TCGA_ESCA_outer_test,survpfn,8,1095,0.475,0.06512464061529938,0.1978155266079908
TCGA_ESCA_outer_test,survpfn,8,1095,0.5,0.04883490556246456,0.1563657791674491
TCGA_ESCA_outer_test,survpfn,8,1095,0.525,0.09586408595301701,0.1105529004173767
TCGA_ESCA_outer_test,survpfn,8,1095,0.55,0.07388605524020414,0.05964970180618512
TCGA_ESCA_outer_test,survpfn,8,1095,0.575,-0.017034483089777758,0.0027578915936771198
TCGA_ESCA_outer_test,survpfn,8,1095,0.6,-0.05024106639045428,-0.0612453948953946
TCGA_ESCA_outer_test,survpfn,9,365,0.05,0.19551675558150275,0.19551675558150275
TCGA_ESCA_outer_test,survpfn,9,365,0.075,0.17377328823474264,0.17377328823474264
TCGA_ESCA_outer_test,survpfn,9,365,0.1,0.15082185047982916,0.15082185047982916
TCGA_ESCA_outer_test,survpfn,9,365,0.125,0.12326831998753501,0.1265589019960635
TCGA_ESCA_outer_test,survpfn,9,365,0.15,0.08431518572003224,0.1008687212485469
TCGA_ESCA_outer_test,survpfn,9,365,0.175,0.07853069793541964,0.07362155984966567
TCGA_ESCA_outer_test,survpfn,9,365,0.2,0.06039561294404473,0.04467145086335436
TCGA_ESCA_outer_test,survpfn,9,365,0.225,0.056693713304925855,0.013853592910184231
TCGA_ESCA_outer_test,survpfn,9,365,0.25,0.03322967144367138,-0.019018788906530498
TCGA_ESCA_outer_test,survpfn,9,365,0.275,0.019693550760456438,-0.05415823153819119
TCGA_ESCA_outer_test,survpfn,9,365,0.3,-0.010961567635860606,-0.09180763435782754
TCGA_ESCA_outer_test,survpfn,9,365,0.325,-0.00909626350046032,-0.13224588183077027
TCGA_ESCA_outer_test,survpfn,9,365,0.35,-0.010373760271006754,-0.17579476372470867
TCGA_ESCA_outer_test,survpfn,9,365,0.375,0.0004982699349076469,-0.22282755617016217
TCGA_ESCA_outer_test,survpfn,9,365,0.4,-0.006037458768671594,-0.2737797479860701
TCGA_ESCA_outer_test,survpfn,9,365,0.425,-0.0015397766022576913,-0.32916256517727427
TCGA_ESCA_outer_test,survpfn,9,365,0.45,-0.009827253195656553,-0.3895801839313152
TCGA_ESCA_outer_test,survpfn,9,365,0.475,2.5835640554195717e-05,-0.45575186161431236
TCGA_ESCA_outer_test,survpfn,9,365,0.5,-0.000609098481421929,-0.5285407070656095
TCGA_ESCA_outer_test,survpfn,9,365,0.525,0.0,-0.6089915362486221
TCGA_ESCA_outer_test,survpfn,9,365,0.55,0.0,-0.6983813464519694
TCGA_ESCA_outer_test,survpfn,9,365,0.575,0.0,-0.7982876049145334
TCGA_ESCA_outer_test,survpfn,9,365,0.6,0.0,-0.9106821456849187
TCGA_ESCA_outer_test,survpfn,9,1095,0.05,0.5657294885073739,0.5657294885073739
TCGA_ESCA_outer_test,survpfn,9,1095,0.075,0.5527003943839264,0.5527003943839264
TCGA_ESCA_outer_test,survpfn,9,1095,0.1,0.538947461698065,0.538947461698065
TCGA_ESCA_outer_test,survpfn,9,1095,0.125,0.52440864714444,0.52440864714444
TCGA_ESCA_outer_test,survpfn,9,1095,0.15,0.5090146082053078,0.5090146082053078
TCGA_ESCA_outer_test,survpfn,9,1095,0.175,0.49268759720925837,0.49268759720925837
TCGA_ESCA_outer_test,survpfn,9,1095,0.2,0.4753401480259559,0.4753401480259559
TCGA_ESCA_outer_test,survpfn,9,1095,0.225,0.456873508572763,0.456873508572763
TCGA_ESCA_outer_test,survpfn,9,1095,0.25,0.4371757598226905,0.4371757598226905
TCGA_ESCA_outer_test,survpfn,9,1095,0.275,0.41579566730627965,0.4161195456415786
TCGA_ESCA_outer_test,survpfn,9,1095,0.3,0.388824914881542,0.39355931616181583
TCGA_ESCA_outer_test,survpfn,9,1095,0.325,0.3680047725829064,0.36932795857244094
TCGA_ESCA_outer_test,survpfn,9,1095,0.35,0.33667847607992507,0.3432326503992681
TCGA_ESCA_outer_test,survpfn,9,1095,0.375,0.31754240357266256,0.3150497175722413
TCGA_ESCA_outer_test,survpfn,9,1095,0.4,0.23859535974056859,0.284518207009629
TCGA_ESCA_outer_test,survpfn,9,1095,0.425,0.15073462562213932,0.2513317824850504
TCGA_ESCA_outer_test,survpfn,9,1095,0.45,0.11643325062513962,0.2151284102764192
TCGA_ESCA_outer_test,survpfn,9,1095,0.475,0.08439687361049941,0.1754770978574422
TCGA_ESCA_outer_test,survpfn,9,1095,0.5,0.05582033967365524,0.13186065419656745
TCGA_ESCA_outer_test,survpfn,9,1095,0.525,0.06334749757199887,0.08365300593981106
TCGA_ESCA_outer_test,survpfn,9,1095,0.55,0.03788464639738515,0.03008895232119302
TCGA_ESCA_outer_test,survpfn,9,1095,0.575,0.046327022729140216,-0.02977675466432117
TCGA_ESCA_outer_test,survpfn,9,1095,0.6,-0.05096657660303647,-0.09712567502302483
TCGA_ESCA_outer_test,xgb_aft,0,365,0.05,0.19571073753339785,0.19571073753339785
TCGA_ESCA_outer_test,xgb_aft,0,365,0.075,0.17494965412452473,0.17388162962346304
TCGA_ESCA_outer_test,xgb_aft,0,365,0.1,0.15523056088956333,0.15083979349630958
TCGA_ESCA_outer_test,xgb_aft,0,365,0.125,0.13227732025003724,0.12648128101903308
TCGA_ESCA_outer_test,xgb_aft,0,365,0.15,0.10565541514653667,0.10068991486662268
TCGA_ESCA_outer_test,xgb_aft,0,365,0.175,0.06122194765434924,0.07333543561406616
TCGA_ESCA_outer_test,xgb_aft,0,365,0.2,0.044349554225865756,0.04427130140822488
TCGA_ESCA_outer_test,xgb_aft,0,365,0.225,0.018106813445983028,0.013332061769748688
TCGA_ESCA_outer_test,xgb_aft,0,365,0.25,0.0009354711926329029,-0.019669793844625916
TCGA_ESCA_outer_test,xgb_aft,0,365,0.275,-0.006202881428911844,-0.054947639501371215
TCGA_ESCA_outer_test,xgb_aft,0,365,0.3,0.0022903733237850527,-0.09274533127645546
TCGA_ESCA_outer_test,xgb_aft,0,365,0.325,-0.024993030585560724,-0.13334285207191626
TCGA_ESCA_outer_test,xgb_aft,0,365,0.35,-0.05250351152955919,-0.1770632590824125
TCGA_ESCA_outer_test,xgb_aft,0,365,0.375,-0.036968895202100595,-0.22428129865374857
TCGA_ESCA_outer_test,xgb_aft,0,365,0.4,-0.02247848116000945,-0.2754341748560293
TCGA_ESCA_outer_test,xgb_aft,0,365,0.425,-0.02493414232001645,-0.33103512724981254
TCGA_ESCA_outer_test,xgb_aft,0,365,0.45,-0.03674573477538283,-0.3916907116793943
TCGA_ESCA_outer_test,xgb_aft,0,365,0.475,-0.04333772233912973,-0.4581230184356029
TCGA_ESCA_outer_test,xgb_aft,0,365,0.5,-0.03016510357431682,-0.5311985558674325
TCGA_ESCA_outer_test,xgb_aft,0,365,0.525,-0.02793450357421866,-0.6119662551341916
TCGA_ESCA_outer_test,xgb_aft,0,365,0.55,-0.02443213983824485,-0.7017081432083682
TCGA_ESCA_outer_test,xgb_aft,0,365,0.575,-0.01965974104927307,-0.8020079004677417
TCGA_ESCA_outer_test,xgb_aft,0,365,0.6,-0.02364071776028309,-0.9148451273845372
TCGA_ESCA_outer_test,xgb_aft,0,1095,0.05,0.5683212804829341,0.5683212804829341
TCGA_ESCA_outer_test,xgb_aft,0,1095,0.075,0.5558277845119711,0.5558277845119711
TCGA_ESCA_outer_test,xgb_aft,0,1095,0.1,0.5426402054315104,0.5426402054315104
TCGA_ESCA_outer_test,xgb_aft,0,1095,0.125,0.5286990504035947,0.5286990504035947
TCGA_ESCA_outer_test,xgb_aft,0,1095,0.15,0.5139378274328603,0.5139378274328603
TCGA_ESCA_outer_test,xgb_aft,0,1095,0.175,0.49828198488814207,0.49828198488814207
TCGA_ESCA_outer_test,xgb_aft,0,1095,0.2,0.481647652184379,0.481647652184379
TCGA_ESCA_outer_test,xgb_aft,0,1095,0.225,0.46394013672553447,0.46394013672553447
TCGA_ESCA_outer_test,xgb_aft,0,1095,0.25,0.4450521202361002,0.4450521202361002
TCGA_ESCA_outer_test,xgb_aft,0,1095,0.275,0.42486148191980844,0.42486148191980844
TCGA_ESCA_outer_test,xgb_aft,0,1095,0.3,0.403228655152353,0.403228655152353
TCGA_ESCA_outer_test,xgb_aft,0,1095,0.325,0.37999339677249344,0.37999339677249344
TCGA_ESCA_outer_test,xgb_aft,0,1095,0.35,0.3359956759473165,0.3549708108249524
TCGA_ESCA_outer_test,xgb_aft,0,1095,0.375,0.30897128312397215,0.32794641800160806
TCGA_ESCA_outer_test,xgb_aft,0,1095,0.4,0.26380694200966004,0.298669992442985
TCGA_ESCA_outer_test,xgb_aft,0,1095,0.425,0.2492769872066551,0.2668477907488295
TCGA_ESCA_outer_test,xgb_aft,0,1095,0.45,0.2164112962559348,0.23213266162793272
TCGA_ESCA_outer_test,xgb_aft,0,1095,0.475,0.18532016461482476,0.19411132973361706
TCGA_ESCA_outer_test,xgb_aft,0,1095,0.5,0.1421324151930785,0.15228786464986982
TCGA_ESCA_outer_test,xgb_aft,0,1095,0.525,0.08405774077688294,0.10606192955730709
TCGA_ESCA_outer_test,xgb_aft,0,1095,0.55,0.11605402244409507,0.054699779454459585
TCGA_ESCA_outer_test,xgb_aft,0,1095,0.575,0.05710101169385118,-0.0027049765428402983
TCGA_ESCA_outer_test,xgb_aft,0,1095,0.6,-0.0145159848896535,-0.06728532703980294
TCGA_ESCA_outer_test,xgb_aft,1,365,0.05,0.18999309872148018,0.19575271860359122
TCGA_ESCA_outer_test,xgb_aft,1,365,0.075,0.1700546244701753,0.17401723056578228
TCGA_ESCA_outer_test,xgb_aft,1,365,0.1,0.13946628346088188,0.15107421541476174
TCGA_ESCA_outer_test,xgb_aft,1,365,0.125,0.12015796088998802,0.12682017082654
TCGA_ESCA_outer_test,xgb_aft,1,365,0.15,0.10695119641343448,0.10113941773312876
TCGA_ESCA_outer_test,xgb_aft,1,365,0.175,0.06087166311385063,0.07390225536132897
TCGA_ESCA_outer_test,xgb_aft,1,365,0.2,0.0478001387419138,0.04496277034129165
TCGA_ESCA_outer_test,xgb_aft,1,365,0.225,0.020317489209093764,0.01415622177157455
TCGA_ESCA_outer_test,xgb_aft,1,365,0.25,0.013938399155287273,-0.018704096702790357
TCGA_ESCA_outer_test,xgb_aft,1,365,0.275,-0.021192907695726057,-0.05383064403745633
TCGA_ESCA_outer_test,xgb_aft,1,365,0.3,-0.023218717585867785,-0.09146623046745553
TCGA_ESCA_outer_test,xgb_aft,1,365,0.325,-0.02159989159601164,-0.13188963811449175
TCGA_ESCA_outer_test,xgb_aft,1,365,0.35,-0.014210879498176274,-0.17542253865745375
TCGA_ESCA_outer_test,xgb_aft,1,365,0.375,-0.021964406857692464,-0.22243807124385293
TCGA_ESCA_outer_test,xgb_aft,1,365,0.4,-0.03521280840586992,-0.2733715648791186
TCGA_ESCA_outer_test,xgb_aft,1,365,0.425,-0.0423903758418027,-0.328734057960929
TCGA_ESCA_outer_test,xgb_aft,1,365,0.45,-0.04588261701429216,-0.3891295049592677
TCGA_ESCA_outer_test,xgb_aft,1,365,0.475,-0.03709095888686891,-0.4552768992907814
TCGA_ESCA_outer_test,xgb_aft,1,365,0.5,-0.03134614171118024,-0.5280390330554466
TCGA_ESCA_outer_test,xgb_aft,1,365,0.525,-0.04460505527582785,-0.6084603387953398
TCGA_ESCA_outer_test,xgb_aft,1,365,0.55,-0.04969413085980266,-0.6978173451729989
TCGA_ESCA_outer_test,xgb_aft,1,365,0.575,-0.021534486765296228,-0.7976869405362644
TCGA_ESCA_outer_test,xgb_aft,1,365,0.6,-0.034012968644208684,-0.9100402353199387
TCGA_ESCA_outer_test,xgb_aft,1,1095,0.05,0.5659048281645743,0.5659048281645743
TCGA_ESCA_outer_test,xgb_aft,1,1095,0.075,0.5536427624273782,0.5536427624273782
TCGA_ESCA_outer_test,xgb_aft,1,1095,0.1,0.5406994708158933,0.5406994708158933
TCGA_ESCA_outer_test,xgb_aft,1,1095,0.125,0.5270165625408951,0.5270165625408951
TCGA_ESCA_outer_test,xgb_aft,1,1095,0.15,0.5125287773085441,0.5125287773085441
TCGA_ESCA_outer_test,xgb_aft,1,1095,0.175,0.49716294448635345,0.49716294448635345
TCGA_ESCA_outer_test,xgb_aft,1,1095,0.2,0.4873070950326033,0.480836747112776
TCGA_ESCA_outer_test,xgb_aft,1,1095,0.225,0.47097119910586394,0.4634572466828387
TCGA_ESCA_outer_test,xgb_aft,1,1095,0.25,0.4535462434506753,0.4449191128909056
TCGA_ESCA_outer_test,xgb_aft,1,1095,0.275,0.43491956671581844,0.4251024871133219
TCGA_ESCA_outer_test,xgb_aft,1,1095,0.3,0.40885454113026976,0.4038703880659108
TCGA_ESCA_outer_test,xgb_aft,1,1095,0.325,0.3874190798084107,0.38106554094091377
TCGA_ESCA_outer_test,xgb_aft,1,1095,0.35,0.3488342935498564,0.3565064748063015
TCGA_ESCA_outer_test,xgb_aft,1,1095,0.375,0.32390320315089416,0.3299826833809203
TCGA_ESCA_outer_test,xgb_aft,1,1095,0.4,0.29689452188535176,0.3012485760034239
TCGA_ESCA_outer_test,xgb_aft,1,1095,0.425,0.24459767697472062,0.27001585059310185
TCGA_ESCA_outer_test,xgb_aft,1,1095,0.45,0.2125715727072791,0.23594378650911418
TCGA_ESCA_outer_test,xgb_aft,1,1095,0.475,0.15914307209663042,0.1986267639409371
TCGA_ESCA_outer_test,xgb_aft,1,1095,0.5,0.0729713797594676,0.15757803911594231
TCGA_ESCA_outer_test,xgb_aft,1,1095,0.525,0.022434823968303153,0.11220839588831649
TCGA_ESCA_outer_test,xgb_aft,1,1095,0.55,-0.04263003709230556,0.06179768119095452
TCGA_ESCA_outer_test,xgb_aft,1,1095,0.575,-0.04414233614495611,0.005456294176255927
TCGA_ESCA_outer_test,xgb_aft,1,1095,0.6,0.010619017867022795,-0.05792776621528006
TCGA_ESCA_outer_test,xgb_aft,2,365,0.05,0.19094483793000894,0.19601620363228944
TCGA_ESCA_outer_test,xgb_aft,2,365,0.075,0.17188742794942888,0.17425411149844106
TCGA_ESCA_outer_test,xgb_aft,2,365,0.1,0.14747881056281598,0.15128301424604557
TCGA_ESCA_outer_test,xgb_aft,2,365,0.125,0.1301051151483441,0.12699928286494175
TCGA_ESCA_outer_test,xgb_aft,2,365,0.15,0.11111435747487707,0.10128709669671418
TCGA_ESCA_outer_test,xgb_aft,2,365,0.175,0.0945016980052964,0.07401659621526069
TCGA_ESCA_outer_test,xgb_aft,2,365,0.2,0.06958416661370928,0.045041689453716366
TCGA_ESCA_outer_test,xgb_aft,2,365,0.225,0.0393306561278393,0.014197433868846587
TCGA_ESCA_outer_test,xgb_aft,2,365,0.25,0.016165470797361525,-0.018703105421681132
TCGA_ESCA_outer_test,xgb_aft,2,365,0.275,0.017303036328948432,-0.05387264742190051
TCGA_ESCA_outer_test,xgb_aft,2,365,0.3,-0.0022184423160760414,-0.09155429956499261
TCGA_ESCA_outer_test,xgb_aft,2,365,0.325,-0.006785793772678156,-0.1320271852001656
TCGA_ESCA_outer_test,xgb_aft,2,365,0.35,-0.005821767708424394,-0.1756133697303519
TCGA_ESCA_outer_test,xgb_aft,2,365,0.375,-0.01750170067188149,-0.2226864490229532
TCGA_ESCA_outer_test,xgb_aft,2,365,0.4,-0.01937489848134457,-0.2736822849232713
TCGA_ESCA_outer_test,xgb_aft,2,365,0.425,-0.03892965092852739,-0.32911254133666046
TCGA_ESCA_outer_test,xgb_aft,2,365,0.45,-0.03159135542186505,-0.38958191196944847
TCGA_ESCA_outer_test,xgb_aft,2,365,0.475,-0.032512279189616224,-0.45581027028154975
TCGA_ESCA_outer_test,xgb_aft,2,365,0.5,-0.03274635909377043,-0.5286614644248613
TCGA_ESCA_outer_test,xgb_aft,2,365,0.525,-0.02500253130244537,-0.6091812053201003
TCGA_ESCA_outer_test,xgb_aft,2,365,0.55,-0.037207356048441,-0.6986475840925881
TCGA_ESCA_outer_test,xgb_aft,2,365,0.575,-0.0173037449899615,-0.7986394191912506
TCGA_ESCA_outer_test,xgb_aft,2,365,0.6,-0.02322539145527957,-0.9111302336772463
TCGA_ESCA_outer_test,xgb_aft,2,1095,0.05,0.5725853258189347,0.5725853258189347
TCGA_ESCA_outer_test,xgb_aft,2,1095,0.075,0.5605376619614937,0.5605376619614937
TCGA_ESCA_outer_test,xgb_aft,2,1095,0.1,0.5478206834453059,0.5478206834453059
TCGA_ESCA_outer_test,xgb_aft,2,1095,0.125,0.5343770204424788,0.5343770204424788
TCGA_ESCA_outer_test,xgb_aft,2,1095,0.15,0.520142553733603,0.520142553733603
TCGA_ESCA_outer_test,xgb_aft,2,1095,0.175,0.4989318210969296,0.5050453920726742
TCGA_ESCA_outer_test,xgb_aft,2,1095,0.2,0.4828910868321926,0.4890046578079372
TCGA_ESCA_outer_test,xgb_aft,2,1095,0.225,0.47231352966115475,0.4719290374616044
TCGA_ESCA_outer_test,xgb_aft,2,1095,0.25,0.455062210651036,0.4537150424255161
TCGA_ESCA_outer_test,xgb_aft,2,1095,0.275,0.4272921570109947,0.43424490980073194
TCGA_ESCA_outer_test,xgb_aft,2,1095,0.3,0.4075338729230509,0.41338405341703477
TCGA_ESCA_outer_test,xgb_aft,2,1095,0.325,0.380717292440204,0.3909779484123229
TCGA_ESCA_outer_test,xgb_aft,2,1095,0.35,0.3592920285046431,0.36684829686878706
TCGA_ESCA_outer_test,xgb_aft,2,1095,0.375,0.3361527434542373,0.34078827320176835
TCGA_ESCA_outer_test,xgb_aft,2,1095,0.4,0.311085184649631,0.3125565808958314
TCGA_ESCA_outer_test,xgb_aft,2,1095,0.425,0.25711639951865733,0.28186995882416077
TCGA_ESCA_outer_test,xgb_aft,2,1095,0.45,0.24479389519251826,0.24839364383688378
TCGA_ESCA_outer_test,xgb_aft,2,1095,0.475,0.18897063035083317,0.2117291083746281
TCGA_ESCA_outer_test,xgb_aft,2,1095,0.5,0.1623484209049436,0.17139811936614668
TCGA_ESCA_outer_test,xgb_aft,2,1095,0.525,0.11050377257169797,0.1268217630936146
TCGA_ESCA_outer_test,xgb_aft,2,1095,0.55,0.0572146354929991,0.07729247834635677
TCGA_ESCA_outer_test,xgb_aft,2,1095,0.575,0.055879001986075316,0.02193621892295128
TCGA_ESCA_outer_test,xgb_aft,2,1095,0.6,0.0073469904206053815,-0.040339572928380196
TCGA_ESCA_outer_test,xgb_aft,3,365,0.05,0.1973538201179913,0.19561951994080845
TCGA_ESCA_outer_test,xgb_aft,3,365,0.075,0.17412180471071625,0.17384024068605686
TCGA_ESCA_outer_test,xgb_aft,3,365,0.1,0.1615538359016614,0.15085100147270794
TCGA_ESCA_outer_test,xgb_aft,3,365,0.125,0.13173003811388198,0.12654809144716767
TCGA_ESCA_outer_test,xgb_aft,3,365,0.15,0.09951165205643792,0.10081559847894855
TCGA_ESCA_outer_test,xgb_aft,3,365,0.175,0.06464201528078374,0.0735235604823525
TCGA_ESCA_outer_test,xgb_aft,3,365,0.2,0.04407016004404986,0.044525770110969254
TCGA_ESCA_outer_test,xgb_aft,3,365,0.225,0.015601371220812246,0.013657154554335471
TCGA_ESCA_outer_test,xgb_aft,3,365,0.25,0.010768255397573298,-0.019269368706073958
TCGA_ESCA_outer_test,xgb_aft,3,365,0.275,0.007515900939108269,-0.05446668667409785
TCGA_ESCA_outer_test,xgb_aft,3,365,0.3,-0.004000386558291727,-0.09217809878269476
TCGA_ESCA_outer_test,xgb_aft,3,365,0.325,0.019602219474228272,-0.13268294882526185
TCGA_ESCA_outer_test,xgb_aft,3,365,0.35,0.01939118639357991,-0.1763035565634111
TCGA_ESCA_outer_test,xgb_aft,3,365,0.375,0.017486982925751883,-0.22341381292061227
TCGA_ESCA_outer_test,xgb_aft,3,365,0.4,0.003098328501261037,-0.27444992397424695
TCGA_ESCA_outer_test,xgb_aft,3,365,0.425,0.00028033966395677595,-0.3299239577281975
TCGA_ESCA_outer_test,xgb_aft,3,365,0.45,-0.006037031080972366,-0.39044108545977985
TCGA_ESCA_outer_test,xgb_aft,3,365,0.475,-0.025663576028162063,-0.4567217491657988
TCGA_ESCA_outer_test,xgb_aft,3,365,0.5,-0.019574852214576624,-0.5296304792424197
TCGA_ESCA_outer_test,xgb_aft,3,365,0.525,-0.017560577882123625,-0.6102138124850006
TCGA_ESCA_outer_test,xgb_aft,3,365,0.55,-0.02051409438359523,-0.6997508494212017
TCGA_ESCA_outer_test,xgb_aft,3,365,0.575,-0.016537113147205455,-0.7998216554087201
TCGA_ESCA_outer_test,xgb_aft,3,365,0.6,-0.027135446727950197,-0.9124013121446788
TCGA_ESCA_outer_test,xgb_aft,3,1095,0.05,0.5679134763873336,0.5679134763873336
TCGA_ESCA_outer_test,xgb_aft,3,1095,0.075,0.5556100674800062,0.5556100674800062
TCGA_ESCA_outer_test,xgb_aft,3,1095,0.1,0.5426231358556051,0.5426231358556051
TCGA_ESCA_outer_test,xgb_aft,3,1095,0.125,0.5288940938526666,0.5288940938526666
TCGA_ESCA_outer_test,xgb_aft,3,1095,0.15,0.5143574611436731,0.5143574611436731
TCGA_ESCA_outer_test,xgb_aft,3,1095,0.175,0.4989398203917102,0.4989398203917102
TCGA_ESCA_outer_test,xgb_aft,3,1095,0.2,0.48880852519966045,0.48255857709274963
TCGA_ESCA_outer_test,xgb_aft,3,1095,0.225,0.46352083244681785,0.46512047938740453
TCGA_ESCA_outer_test,xgb_aft,3,1095,0.25,0.43530975394187055,0.44651984183503635
TCGA_ESCA_outer_test,xgb_aft,3,1095,0.275,0.41657572954348354,0.4266364016928498
TCGA_ESCA_outer_test,xgb_aft,3,1095,0.3,0.39650356054521185,0.4053327158262212
TCGA_ESCA_outer_test,xgb_aft,3,1095,0.325,0.3824502434399998,0.3824509791546573
TCGA_ESCA_outer_test,xgb_aft,3,1095,0.35,0.342429165392945,0.357809108892973
TCGA_ESCA_outer_test,xgb_aft,3,1095,0.375,0.3214349545176993,0.331195889010354
TCGA_ESCA_outer_test,xgb_aft,3,1095,0.4,0.28986120088657275,0.3023649008041833
TCGA_ESCA_outer_test,xgb_aft,3,1095,0.425,0.23658319364592678,0.2710268701453023
TCGA_ESCA_outer_test,xgb_aft,3,1095,0.45,0.19807730787558292,0.23683992760834116
TCGA_ESCA_outer_test,xgb_aft,3,1095,0.475,0.15250338626264714,0.1993970857821456
TCGA_ESCA_outer_test,xgb_aft,3,1095,0.5,0.08173923505124875,0.1582099597733304
TCGA_ESCA_outer_test,xgb_aft,3,1095,0.525,0.09949879465958117,0.11268734681621889
TCGA_ESCA_outer_test,xgb_aft,3,1095,0.55,0.044148315755521916,0.06210666575276169
TCGA_ESCA_outer_test,xgb_aft,3,1095,0.575,0.020953599254015187,0.005575316328897961
TCGA_ESCA_outer_test,xgb_aft,3,1095,0.6,0.004667379261098781,-0.05802245177294896
TCGA_ESCA_outer_test,xgb_aft,4,365,0.05,0.19632505684804483,0.1956361450224554
TCGA_ESCA_outer_test,xgb_aft,4,365,0.075,0.17204730126744205,0.17388560540124234
TCGA_ESCA_outer_test,xgb_aft,4,365,0.1,0.14179554254185833,0.15092670246773965
TCGA_ESCA_outer_test,xgb_aft,4,365,0.125,0.11621019848363266,0.12665586222375108
TCGA_ESCA_outer_test,xgb_aft,4,365,0.15,0.0791700455374245,0.100957325494822
TCGA_ESCA_outer_test,xgb_aft,4,365,0.175,0.03825883899052268,0.07370130169141237
TCGA_ESCA_outer_test,xgb_aft,4,365,0.2,0.017450159560764053,0.044741776400289646
TCGA_ESCA_outer_test,xgb_aft,4,365,0.225,0.013135040506872267,0.013913894638771906
TCGA_ESCA_outer_test,xgb_aft,4,365,0.25,0.005412521556143787,-0.01896917924018035
TCGA_ESCA_outer_test,xgb_aft,4,365,0.275,0.005198201203691091,-0.05412005131768108
TCGA_ESCA_outer_test,xgb_aft,4,365,0.3,7.307962231438425e-05,-0.09178169997214605
TCGA_ESCA_outer_test,xgb_aft,4,365,0.325,-0.006479066207704248,-0.13223310037879368
TCGA_ESCA_outer_test,xgb_aft,4,365,0.35,-0.012466141105157924,-0.17579614697056803
TCGA_ESCA_outer_test,xgb_aft,4,365,0.375,-0.015159777960694815,-0.22284423728968436
TCGA_ESCA_outer_test,xgb_aft,4,365,0.4,-0.015201033606462286,-0.2738130018020605
TCGA_ESCA_outer_test,xgb_aft,4,365,0.425,-0.01893361966746028,-0.3292138327937735
TCGA_ESCA_outer_test,xgb_aft,4,365,0.45,-0.028036577026807688,-0.38965110296655125
TCGA_ESCA_outer_test,xgb_aft,4,365,0.475,-0.013756685891103047,-0.4558443036319746
TCGA_ESCA_outer_test,xgb_aft,4,365,0.5,-0.01148848010619501,-0.5286568243639403
TCGA_ESCA_outer_test,xgb_aft,4,365,0.525,-0.021664575074592407,-0.6091338209624289
TCGA_ESCA_outer_test,xgb_aft,4,365,0.55,-0.023787452521648073,-0.6985527060718605
TCGA_ESCA_outer_test,xgb_aft,4,365,0.575,-0.024777158807971614,-0.7984914600176953
TCGA_ESCA_outer_test,xgb_aft,4,365,0.6,-0.01861775247538254,-0.9109225582067602
TCGA_ESCA_outer_test,xgb_aft,4,1095,0.05,0.5662521397886068,0.5662521397886068
TCGA_ESCA_outer_test,xgb_aft,4,1095,0.075,0.5539380733227813,0.5539380733227813
TCGA_ESCA_outer_test,xgb_aft,4,1095,0.1,0.540939892053299,0.540939892053299
TCGA_ESCA_outer_test,xgb_aft,4,1095,0.125,0.5271989575684175,0.5271989575684175
TCGA_ESCA_outer_test,xgb_aft,4,1095,0.15,0.5126497328197196,0.5126497328197196
TCGA_ESCA_outer_test,xgb_aft,4,1095,0.175,0.4972187368741309,0.4972187368741309
TCGA_ESCA_outer_test,xgb_aft,4,1095,0.2,0.48722062126895704,0.4808233036819428
TCGA_ESCA_outer_test,xgb_aft,4,1095,0.225,0.4707992436106624,0.46337010060638784
TCGA_ESCA_outer_test,xgb_aft,4,1095,0.25,0.45328310744181477,0.44475335065912913
TCGA_ESCA_outer_test,xgb_aft,4,1095,0.275,0.43455896188201215,0.4248526869224043
TCGA_ESCA_outer_test,xgb_aft,4,1095,0.3,0.4144973773536522,0.4035305472044849
TCGA_ESCA_outer_test,xgb_aft,4,1095,0.325,0.3804542195661552,0.3806289897296826
TCGA_ESCA_outer_test,xgb_aft,4,1095,0.35,0.34815402311883137,0.3559657739875878
TCGA_ESCA_outer_test,xgb_aft,4,1095,0.375,0.31748133519172383,0.32932950098612535
TCGA_ESCA_outer_test,xgb_aft,4,1095,0.4,0.3097847570356986,0.3004735385678744
TCGA_ESCA_outer_test,xgb_aft,4,1095,0.425,0.2711771378497336,0.26910836202629723
TCGA_ESCA_outer_test,xgb_aft,4,1095,0.45,0.2401566506972483,0.23489180579912228
TCGA_ESCA_outer_test,xgb_aft,4,1095,0.475,0.21082408793427715,0.1974165299312639
TCGA_ESCA_outer_test,xgb_aft,4,1095,0.5,0.16769729643729264,0.15619372647661967
TCGA_ESCA_outer_test,xgb_aft,4,1095,0.525,0.07881498683631288,0.11063168055306549
TCGA_ESCA_outer_test,xgb_aft,4,1095,0.55,0.015998429927894187,0.06000718508244973
TCGA_ESCA_outer_test,xgb_aft,4,1095,0.575,-0.04028648840250526,0.0034268666152912353
TCGA_ESCA_outer_test,xgb_aft,4,1095,0.6,-0.022389650080266776,-0.060225991660262435
TCGA_ESCA_outer_test,xgb_aft,5,365,0.05,0.18983592133158675,0.19589743857575062
TCGA_ESCA_outer_test,xgb_aft,5,365,0.075,0.15653393285648948,0.17413413410127
TCGA_ESCA_outer_test,xgb_aft,5,365,0.1,0.1285163812532816,0.15116175715598484
TCGA_ESCA_outer_test,xgb_aft,5,365,0.125,0.08506224901695555,0.12687667295668342
TCGA_ESCA_outer_test,xgb_aft,5,365,0.15,0.06354342892864967,0.1011630543927172
TCGA_ESCA_outer_test,xgb_aft,5,365,0.175,0.04522403433808303,0.07389103470366212
TCGA_ESCA_outer_test,xgb_aft,5,365,0.2,0.03327115678010692,0.0449145137840411
TCGA_ESCA_outer_test,xgb_aft,5,365,0.225,0.020108527769755302,0.014068539901863908
TCGA_ESCA_outer_test,xgb_aft,5,365,0.25,0.00989895354895537,-0.01883383223912513
TCGA_ESCA_outer_test,xgb_aft,5,365,0.275,-0.009420928682141394,-0.05400533349328587
TCGA_ESCA_outer_test,xgb_aft,5,365,0.3,-0.017646505234614127,-0.09168908483702945
TCGA_ESCA_outer_test,xgb_aft,5,365,0.325,-0.0032002784671150697,-0.13216422516919843
TCGA_ESCA_outer_test,xgb_aft,5,365,0.35,-0.028594552846606905,-0.1757528378346113
TCGA_ESCA_outer_test,xgb_aft,5,365,0.375,-0.018167112633314136,-0.22282853951325712
TCGA_ESCA_outer_test,xgb_aft,5,365,0.4,-0.0204844871181337,-0.2738272163317902
TCGA_ESCA_outer_test,xgb_aft,5,365,0.425,-0.023056446078710095,-0.32926056069976084
TCGA_ESCA_outer_test,xgb_aft,5,365,0.45,-0.024931596798690593,-0.3897333000102742
TCGA_ESCA_outer_test,xgb_aft,5,365,0.475,-0.0362030251171713,-0.45596534782655074
TCGA_ESCA_outer_test,xgb_aft,5,365,0.5,-0.05248025491326593,-0.5288206004244551
TCGA_ESCA_outer_test,xgb_aft,5,365,0.525,-0.058004492272557086,-0.6093448269800337
TCGA_ESCA_outer_test,xgb_aft,5,365,0.55,-0.05593530470437377,-0.6988161898195653
TCGA_ESCA_outer_test,xgb_aft,5,365,0.575,-0.061917690234253295,-0.7988135953461001
TCGA_ESCA_outer_test,xgb_aft,5,365,0.6,-0.05892936990208358,-0.9113106765634525
TCGA_ESCA_outer_test,xgb_aft,5,1095,0.05,0.5732042075425395,0.5732042075425395
TCGA_ESCA_outer_test,xgb_aft,5,1095,0.075,0.5608097756105387,0.5608097756105387
TCGA_ESCA_outer_test,xgb_aft,5,1095,0.1,0.54772676412676,0.54772676412676
TCGA_ESCA_outer_test,xgb_aft,5,1095,0.125,0.5338961519867653,0.5338961519867653
TCGA_ESCA_outer_test,xgb_aft,5,1095,0.15,0.5192519744267711,0.5192519744267711
TCGA_ESCA_outer_test,xgb_aft,5,1095,0.175,0.49765875370988605,0.5037202709540498
TCGA_ESCA_outer_test,xgb_aft,5,1095,0.2,0.4811563187701197,0.48721783601428353
TCGA_ESCA_outer_test,xgb_aft,5,1095,0.225,0.463589210608433,0.4696507278525968
TCGA_ESCA_outer_test,xgb_aft,5,1095,0.25,0.44485096190263385,0.45091247914679766
TCGA_ESCA_outer_test,xgb_aft,5,1095,0.275,0.42482042018264166,0.4308819374268055
TCGA_ESCA_outer_test,xgb_aft,5,1095,0.3,0.40335912548264996,0.4094206427268138
TCGA_ESCA_outer_test,xgb_aft,5,1095,0.325,0.36333934496776665,0.3863696224934895
TCGA_ESCA_outer_test,xgb_aft,5,1095,0.35,0.3328633696477403,0.3615454468576017
TCGA_ESCA_outer_test,xgb_aft,5,1095,0.375,0.3060532599609815,0.33473533717084286
TCGA_ESCA_outer_test,xgb_aft,5,1095,0.4,0.2710493459742264,0.3056910516768541
TCGA_ESCA_outer_test,xgb_aft,5,1095,0.425,0.23947947043728218,0.2741211761399099
TCGA_ESCA_outer_test,xgb_aft,5,1095,0.45,0.19886887244407564,0.23968131191778902
TCGA_ESCA_outer_test,xgb_aft,5,1095,0.475,0.16325362291630013,0.20196146062689457
TCGA_ESCA_outer_test,xgb_aft,5,1095,0.5,0.22525038312541873,0.1604696242069107
TCGA_ESCA_outer_test,xgb_aft,5,1095,0.525,0.17260388640317176,0.1146102260585074
TCGA_ESCA_outer_test,xgb_aft,5,1095,0.55,0.17072782971186806,0.06365533922694833
TCGA_ESCA_outer_test,xgb_aft,5,1095,0.575,0.09730798698163656,0.0067057598269706364
TCGA_ESCA_outer_test,xgb_aft,5,1095,0.6,0.015106939675992748,-0.05736251699800454
TCGA_ESCA_outer_test,xgb_aft,6,365,0.05,0.1850084909494712,0.19572563707282267
TCGA_ESCA_outer_test,xgb_aft,6,365,0.075,0.1581572344909024,0.17393939007034137
TCGA_ESCA_outer_test,xgb_aft,6,365,0.1,0.1347879503045047,0.15094279601216667
TCGA_ESCA_outer_test,xgb_aft,6,365,0.125,0.11562643065718504,0.1266321108649534
TCGA_ESCA_outer_test,xgb_aft,6,365,0.15,0.09787937863760461,0.10089138541496293
TCGA_ESCA_outer_test,xgb_aft,6,365,0.175,0.0799596926447614,0.07359061599830632
TCGA_ESCA_outer_test,xgb_aft,6,365,0.2,0.0670564062485836,0.04458354849310869
TCGA_ESCA_outer_test,xgb_aft,6,365,0.225,0.04331113840864466,0.013705057277898336
TCGA_ESCA_outer_test,xgb_aft,6,365,0.25,0.027688418393364875,-0.019232000018326117
TCGA_ESCA_outer_test,xgb_aft,6,365,0.275,-0.007220983771555944,-0.05444057850739362
TCGA_ESCA_outer_test,xgb_aft,6,365,0.3,-0.005515788178503261,-0.0921640554599659
TCGA_ESCA_outer_test,xgb_aft,6,365,0.325,-0.014852568950852102,-0.1326818640386546
TCGA_ESCA_outer_test,xgb_aft,6,365,0.35,-0.02322471215345282,-0.17631642712339637
TCGA_ESCA_outer_test,xgb_aft,6,365,0.375,-0.028236616812924414,-0.22344175525491747
TCGA_ESCA_outer_test,xgb_aft,6,365,0.4,-0.043012509876162106,-0.2744941940640653
TCGA_ESCA_outer_test,xgb_aft,6,365,0.425,-0.048472325365749074,-0.3299859753783564
TCGA_ESCA_outer_test,xgb_aft,6,365,0.45,-0.0245724133509903,-0.3905224640848557
TCGA_ESCA_outer_test,xgb_aft,6,365,0.475,-0.024800682374416856,-0.4568243326681646
TCGA_ESCA_outer_test,xgb_aft,6,365,0.5,-0.018338720089260588,-0.5297563881098044
TCGA_ESCA_outer_test,xgb_aft,6,365,0.525,-0.023192077345199534,-0.6103655020189852
TCGA_ESCA_outer_test,xgb_aft,6,365,0.55,-0.028677803331888144,-0.6999311841402973
TCGA_ESCA_outer_test,xgb_aft,6,365,0.575,-0.03134777249815595,-0.8000340053347045
TCGA_ESCA_outer_test,xgb_aft,6,365,0.6,-0.0435355804095651,-0.912649679178413
TCGA_ESCA_outer_test,xgb_aft,6,1095,0.05,0.5705855207587811,0.5705855207587811
TCGA_ESCA_outer_test,xgb_aft,6,1095,0.075,0.5599669412234014,0.5578032542901508
TCGA_ESCA_outer_test,xgb_aft,6,1095,0.1,0.5472759143706807,0.5443108619065965
TCGA_ESCA_outer_test,xgb_aft,6,1095,0.125,0.5338596859835187,0.5300474756725534
TCGA_ESCA_outer_test,xgb_aft,6,1095,0.15,0.5243634686635987,0.5149450667188606
TCGA_ESCA_outer_test,xgb_aft,6,1095,0.175,0.5089200293941357,0.4989273602528229
TCGA_ESCA_outer_test,xgb_aft,6,1095,0.2,0.4947966153935283,0.4819085471326578
TCGA_ESCA_outer_test,xgb_aft,6,1095,0.225,0.47976201339288177,0.46379174606925627
TCGA_ESCA_outer_test,xgb_aft,6,1095,0.25,0.45786153383138123,0.44446715826829464
TCGA_ESCA_outer_test,xgb_aft,6,1095,0.275,0.44071863132029915,0.42380984027416324
TCGA_ESCA_outer_test,xgb_aft,6,1095,0.3,0.4168567302782058,0.4016769995661653
TCGA_ESCA_outer_test,xgb_aft,6,1095,0.325,0.369549443136706,0.37790468917609343
TCGA_ESCA_outer_test,xgb_aft,6,1095,0.35,0.34504206849036123,0.35230373952524685
TCGA_ESCA_outer_test,xgb_aft,6,1095,0.375,0.2951560857265504,0.3246547139023324
TCGA_ESCA_outer_test,xgb_aft,6,1095,0.4,0.27183671657900194,0.29470160281084185
TCGA_ESCA_outer_test,xgb_aft,6,1095,0.425,0.24095637700606087,0.26214387336356954
TCGA_ESCA_outer_test,xgb_aft,6,1095,0.45,0.22678438882269775,0.22662635033018158
TCGA_ESCA_outer_test,xgb_aft,6,1095,0.475,0.16663850583081552,0.18772620605551854
TCGA_ESCA_outer_test,xgb_aft,6,1095,0.5,0.1302330236527383,0.14493604735338916
TCGA_ESCA_outer_test,xgb_aft,6,1095,0.525,0.07254153435867389,0.09764166141945668
TCGA_ESCA_outer_test,xgb_aft,6,1095,0.55,0.049151387315640394,0.0450923437150873
TCGA_ESCA_outer_test,xgb_aft,6,1095,0.575,-0.02949512771628221,-0.013639246660384186
TCGA_ESCA_outer_test,xgb_aft,6,1095,0.6,0.013275250604077304,-0.07971228583278989
TCGA_ESCA_outer_test,xgb_aft,7,365,0.05,0.19107893657019792,0.19685926315439747
TCGA_ESCA_outer_test,xgb_aft,7,365,0.075,0.17267251615242862,0.17508008897767047
TCGA_ESCA_outer_test,xgb_aft,7,365,0.1,0.15261029771518148,0.15209096068001413
TCGA_ESCA_outer_test,xgb_aft,7,365,0.125,0.12284165878586666,0.12778816790820602
TCGA_ESCA_outer_test,xgb_aft,7,365,0.15,0.10518247555900373,0.10205579909099746
TCGA_ESCA_outer_test,xgb_aft,7,365,0.175,0.0875453944756344,0.07476389276971562
TCGA_ESCA_outer_test,xgb_aft,7,365,0.2,0.05922226783508042,0.04576624230335369
TCGA_ESCA_outer_test,xgb_aft,7,365,0.225,0.0422834036306763,0.014897775677871622
TCGA_ESCA_outer_test,xgb_aft,7,365,0.25,0.024644403374160448,-0.018028588722642597
TCGA_ESCA_outer_test,xgb_aft,7,365,0.275,0.01246720862803237,-0.05322573687491641
TCGA_ESCA_outer_test,xgb_aft,7,365,0.3,0.004823872267345958,-0.09093696703806689
TCGA_ESCA_outer_test,xgb_aft,7,365,0.325,-0.005664294479463233,-0.131441621657747
TCGA_ESCA_outer_test,xgb_aft,7,365,0.35,-0.010460492055872697,-0.17506201894047954
TCGA_ESCA_outer_test,xgb_aft,7,365,0.375,-0.015855494747603505,-0.22217204800583065
TCGA_ESCA_outer_test,xgb_aft,7,365,0.4,-0.015994988456280237,-0.2732079128266277
TCGA_ESCA_outer_test,xgb_aft,7,365,0.425,-0.020260970714402284,-0.3286816789361897
TCGA_ESCA_outer_test,xgb_aft,7,365,0.45,-0.017091241835697428,-0.38919851469207545
TCGA_ESCA_outer_test,xgb_aft,7,365,0.475,-0.019255218487921742,-0.45547885861518833
TCGA_ESCA_outer_test,xgb_aft,7,365,0.5,-0.01863157090394909,-0.5283872369306127
TCGA_ESCA_outer_test,xgb_aft,7,365,0.525,-0.016625257516478434,-0.6089701813845029
TCGA_ESCA_outer_test,xgb_aft,7,365,0.55,0.002154357531961068,-0.6985067863332696
TCGA_ESCA_outer_test,xgb_aft,7,365,0.575,-0.0012738256380576685,-0.7985771095113026
TCGA_ESCA_outer_test,xgb_aft,7,365,0.6,-0.006319747956815568,-0.9111562230865902
TCGA_ESCA_outer_test,xgb_aft,7,1095,0.05,0.5683036589434585,0.5683036589434585
TCGA_ESCA_outer_test,xgb_aft,7,1095,0.075,0.5565009108543498,0.5565009108543498
TCGA_ESCA_outer_test,xgb_aft,7,1095,0.1,0.5440424545380684,0.5440424545380684
TCGA_ESCA_outer_test,xgb_aft,7,1095,0.125,0.5308720864322852,0.5308720864322852
TCGA_ESCA_outer_test,xgb_aft,7,1095,0.15,0.5169269907908677,0.5169269907908677
TCGA_ESCA_outer_test,xgb_aft,7,1095,0.175,0.5021367378378492,0.5021367378378492
TCGA_ESCA_outer_test,xgb_aft,7,1095,0.2,0.48642209407526693,0.48642209407526693
TCGA_ESCA_outer_test,xgb_aft,7,1095,0.225,0.46969360232800195,0.46969360232800195
TCGA_ESCA_outer_test,xgb_aft,7,1095,0.25,0.44573210196354607,0.451849877797586
TCGA_ESCA_outer_test,xgb_aft,7,1095,0.275,0.4266577757413773,0.43277555157541725
TCGA_ESCA_outer_test,xgb_aft,7,1095,0.3,0.40622099764619646,0.4123387734802364
TCGA_ESCA_outer_test,xgb_aft,7,1095,0.325,0.36649570415480626,0.3903881599705978
TCGA_ESCA_outer_test,xgb_aft,7,1095,0.35,0.3441780463115709,0.3667490377294485
TCGA_ESCA_outer_test,xgb_aft,7,1095,0.375,0.334569611271905,0.34121878570900716
TCGA_ESCA_outer_test,xgb_aft,7,1095,0.4,0.32552960009880527,0.31356101268686243
TCGA_ESCA_outer_test,xgb_aft,7,1095,0.425,0.28406923644679904,0.28349821592366165
TCGA_ESCA_outer_test,xgb_aft,7,1095,0.45,0.256849831763241,0.2507024376365336
TCGA_ESCA_outer_test,xgb_aft,7,1095,0.475,0.21491157067580285,0.2147832518934885
TCGA_ESCA_outer_test,xgb_aft,7,1095,0.5,0.14863855981016638,0.1752721475761389
TCGA_ESCA_outer_test,xgb_aft,7,1095,0.525,0.13920051090343305,0.13160197964643672
TCGA_ESCA_outer_test,xgb_aft,7,1095,0.55,0.07772035933617027,0.08307957083565642
TCGA_ESCA_outer_test,xgb_aft,7,1095,0.575,0.05988803265258347,0.028848643341255253
TCGA_ESCA_outer_test,xgb_aft,7,1095,0.6,-0.01835059003725059,-0.032161150089946355
TCGA_ESCA_outer_test,xgb_aft,8,365,0.05,0.19193247382098905,0.19559642990338
TCGA_ESCA_outer_test,xgb_aft,8,365,0.075,0.17419375487152167,0.17384546180618615
TCGA_ESCA_outer_test,xgb_aft,8,365,0.1,0.14715066083671108,0.15088610659248153
TCGA_ESCA_outer_test,xgb_aft,8,365,0.125,0.11065620843099339,0.12661478822370809
TCGA_ESCA_outer_test,xgb_aft,8,365,0.15,0.07697727723427678,0.10091574524500677
TCGA_ESCA_outer_test,xgb_aft,8,365,0.175,0.06989639143085256,0.07365918451002054
TCGA_ESCA_outer_test,xgb_aft,8,365,0.2,0.05559924994671023,0.04469908872909767
TCGA_ESCA_outer_test,xgb_aft,8,365,0.225,0.04204726098424556,0.0138705996719862
TCGA_ESCA_outer_test,xgb_aft,8,365,0.25,0.01944020975569681,-0.019013121988932652
TCGA_ESCA_outer_test,xgb_aft,8,365,0.275,0.013033251348655253,-0.054164686523018396
TCGA_ESCA_outer_test,xgb_aft,8,365,0.3,-0.0034045826754744435,-0.09182707709525303
TCGA_ESCA_outer_test,xgb_aft,8,365,0.325,-0.0002837057966020712,-0.1322792743765421
TCGA_ESCA_outer_test,xgb_aft,8,365,0.35,-0.012729764260185558,-0.17584317914100725
TCGA_ESCA_outer_test,xgb_aft,8,365,0.375,-0.021362946357094702,-0.22289219628662968
TCGA_ESCA_outer_test,xgb_aft,8,365,0.4,-0.02319027240602644,-0.27386196486105396
TCGA_ESCA_outer_test,xgb_aft,8,365,0.425,-0.01969758547664579,-0.32926388722455857
TCGA_ESCA_outer_test,xgb_aft,8,365,0.45,-0.020071497326494367,-0.38970234798474546
TCGA_ESCA_outer_test,xgb_aft,8,365,0.475,-0.03138258258255513,-0.45589685262685475
TCGA_ESCA_outer_test,xgb_aft,8,365,0.5,-0.030886933809499487,-0.5287108077331752
TCGA_ESCA_outer_test,xgb_aft,8,365,0.525,-0.04145874979963036,-0.6091893896927926
TCGA_ESCA_outer_test,xgb_aft,8,365,0.55,-0.03948678995218845,-0.6986100363145896
TCGA_ESCA_outer_test,xgb_aft,8,365,0.575,-0.03661396234085071,-0.7985507590095388
TCGA_ESCA_outer_test,xgb_aft,8,365,0.6,-0.03255911022054682,-0.910984072041357
TCGA_ESCA_outer_test,xgb_aft,8,1095,0.05,0.5686816879181005,0.5686816879181005
TCGA_ESCA_outer_test,xgb_aft,8,1095,0.075,0.5562998287964593,0.5562998287964593
TCGA_ESCA_outer_test,xgb_aft,8,1095,0.1,0.5432300886125048,0.5432300886125048
TCGA_ESCA_outer_test,xgb_aft,8,1095,0.125,0.5294135061323242,0.5294135061323242
TCGA_ESCA_outer_test,xgb_aft,8,1095,0.15,0.5198424334875449,0.5147841835062507
TCGA_ESCA_outer_test,xgb_aft,8,1095,0.175,0.49923421262312095,0.4992682352664757
TCGA_ESCA_outer_test,xgb_aft,8,1095,0.2,0.48383425309414285,0.4827825402617148
TCGA_ESCA_outer_test,xgb_aft,8,1095,0.225,0.4562850786120224,0.4652332520308403
TCGA_ESCA_outer_test,xgb_aft,8,1095,0.25,0.4197596526900118,0.4465140112512408
TCGA_ESCA_outer_test,xgb_aft,8,1095,0.275,0.40217940593458645,0.42650378834891034
TCGA_ESCA_outer_test,xgb_aft,8,1095,0.3,0.38334342726805937,0.40506426381069915
TCGA_ESCA_outer_test,xgb_aft,8,1095,0.325,0.36311219092253033,0.38203662634373153
TCGA_ESCA_outer_test,xgb_aft,8,1095,0.35,0.34132470562734507,0.3572376321485357
TCGA_ESCA_outer_test,xgb_aft,8,1095,0.375,0.2978403168287539,0.3304547184177241
TCGA_ESCA_outer_test,xgb_aft,8,1095,0.4,0.2660978461162756,0.30143989520934494
TCGA_ESCA_outer_test,xgb_aft,8,1095,0.425,0.2257178754410074,0.26990204389588934
TCGA_ESCA_outer_test,xgb_aft,8,1095,0.45,0.18331169377299433,0.23549711519030136
TCGA_ESCA_outer_test,xgb_aft,8,1095,0.475,0.14414415060876823,0.1978155266079908
TCGA_ESCA_outer_test,xgb_aft,8,1095,0.5,0.07960820073482067,0.1563657791674491
TCGA_ESCA_outer_test,xgb_aft,8,1095,0.525,0.011276395227157232,0.1105529004173767
TCGA_ESCA_outer_test,xgb_aft,8,1095,0.55,0.0008106767548489158,0.05964970180618512
TCGA_ESCA_outer_test,xgb_aft,8,1095,0.575,-0.029947298318551474,0.0027578915936771198
TCGA_ESCA_outer_test,xgb_aft,8,1095,0.6,-0.07415179063542804,-0.0612453948953946
TCGA_ESCA_outer_test,xgb_aft,9,365,0.05,0.18934828295419345,0.19551675558150275
TCGA_ESCA_outer_test,xgb_aft,9,365,0.075,0.1686770130151059,0.17377328823474264
TCGA_ESCA_outer_test,xgb_aft,9,365,0.1,0.14685733919051347,0.15082185047982916
TCGA_ESCA_outer_test,xgb_aft,9,365,0.125,0.11023306760935642,0.1265589019960635
TCGA_ESCA_outer_test,xgb_aft,9,365,0.15,0.0936193979525139,0.1008687212485469
TCGA_ESCA_outer_test,xgb_aft,9,365,0.175,0.09096619219734424,0.07362155984966567
TCGA_ESCA_outer_test,xgb_aft,9,365,0.2,0.08618832001753035,0.04467145086335436
TCGA_ESCA_outer_test,xgb_aft,9,365,0.225,0.06373995823429536,0.013853592910184231
TCGA_ESCA_outer_test,xgb_aft,9,365,0.25,0.027683487807769858,-0.019018788906530498
TCGA_ESCA_outer_test,xgb_aft,9,365,0.275,-0.003588510911513798,-0.05415823153819119
TCGA_ESCA_outer_test,xgb_aft,9,365,0.3,0.03226293426988763,-0.09180763435782754
TCGA_ESCA_outer_test,xgb_aft,9,365,0.325,0.04090209752383653,-0.13224588183077027
TCGA_ESCA_outer_test,xgb_aft,9,365,0.35,0.027013787996765307,-0.17579476372470867
TCGA_ESCA_outer_test,xgb_aft,9,365,0.375,0.012747074107291465,-0.22282755617016217
TCGA_ESCA_outer_test,xgb_aft,9,365,0.4,-0.0010655626733955467,-0.2737797479860701
TCGA_ESCA_outer_test,xgb_aft,9,365,0.425,-0.0044896929722789,-0.32916256517727427
TCGA_ESCA_outer_test,xgb_aft,9,365,0.45,-0.009996991255375523,-0.3895801839313152
TCGA_ESCA_outer_test,xgb_aft,9,365,0.475,-0.007400637757519389,-0.45575186161431236
TCGA_ESCA_outer_test,xgb_aft,9,365,0.5,-0.01057227867650077,-0.5285407070656095
TCGA_ESCA_outer_test,xgb_aft,9,365,0.525,-0.00676990472939603,-0.6089915362486221
TCGA_ESCA_outer_test,xgb_aft,9,365,0.55,-0.009891582581480665,-0.6983813464519694
TCGA_ESCA_outer_test,xgb_aft,9,365,0.575,-0.021592535745044383,-0.7982876049145334
TCGA_ESCA_outer_test,xgb_aft,9,365,0.6,-0.030117692432013995,-0.9106821456849187
TCGA_ESCA_outer_test,xgb_aft,9,1095,0.05,0.5657294885073739,0.5657294885073739
TCGA_ESCA_outer_test,xgb_aft,9,1095,0.075,0.5527003943839264,0.5527003943839264
TCGA_ESCA_outer_test,xgb_aft,9,1095,0.1,0.538947461698065,0.538947461698065
TCGA_ESCA_outer_test,xgb_aft,9,1095,0.125,0.52440864714444,0.52440864714444
TCGA_ESCA_outer_test,xgb_aft,9,1095,0.15,0.5028461355779985,0.5090146082053078
TCGA_ESCA_outer_test,xgb_aft,9,1095,0.175,0.4865191245819491,0.49268759720925837
TCGA_ESCA_outer_test,xgb_aft,9,1095,0.2,0.4691716753986467,0.4753401480259559
TCGA_ESCA_outer_test,xgb_aft,9,1095,0.225,0.45070503594545375,0.456873508572763
TCGA_ESCA_outer_test,xgb_aft,9,1095,0.25,0.4310072871953813,0.4371757598226905
TCGA_ESCA_outer_test,xgb_aft,9,1095,0.275,0.40995107301426936,0.4161195456415786
TCGA_ESCA_outer_test,xgb_aft,9,1095,0.3,0.3780084753309516,0.39355931616181583
TCGA_ESCA_outer_test,xgb_aft,9,1095,0.325,0.3537771177415767,0.36932795857244094
TCGA_ESCA_outer_test,xgb_aft,9,1095,0.35,0.3406312447808868,0.3432326503992681
TCGA_ESCA_outer_test,xgb_aft,9,1095,0.375,0.31392824740671516,0.3150497175722413
TCGA_ESCA_outer_test,xgb_aft,9,1095,0.4,0.28500000025136263,0.284518207009629
TCGA_ESCA_outer_test,xgb_aft,9,1095,0.425,0.2535562533433708,0.2513317824850504
TCGA_ESCA_outer_test,xgb_aft,9,1095,0.45,0.20265019395735379,0.2151284102764192
TCGA_ESCA_outer_test,xgb_aft,9,1095,0.475,0.16698120107725484,0.1754770978574422
TCGA_ESCA_outer_test,xgb_aft,9,1095,0.5,0.12147659831816193,0.13186065419656745
TCGA_ESCA_outer_test,xgb_aft,9,1095,0.525,0.11320759960336868,0.08365300593981106
TCGA_ESCA_outer_test,xgb_aft,9,1095,0.55,0.03724433126907356,0.03008895232119302
TCGA_ESCA_outer_test,xgb_aft,9,1095,0.575,-0.028085548593179688,-0.02977675466432117
TCGA_ESCA_outer_test,xgb_aft,9,1095,0.6,-0.06353313430297836,-0.09712567502302483
